Annuncio,Link,Marca,Modello,Modello_plus_info,Prezzo,Chilometraggio,Cambio,Immatricolazione,Carburante,CV,Località,Venditore
Hyundai i30 Wagon 1.6 CRDi 110CV DCT Comfort,https://www.autoscout24.it/annunci/hyundai-i30-wagon-1-6-crdi-110cv-dct-comfort-diesel-grigio-cat_ma33mo19065-7ee2b70a-f3ac-4ce8-8a0e-3652bd7178fa,Hyundai,i30,Wagon 1.6 CRDi 110CV DCT Comfort,7500,200700.0,Automatico,02/2018,Diesel,81 kW (110 CV),Silverauto Srl • IT-26013 Crema - Cr,Rivenditore
Hyundai i30 i30 Wagon 1.6 crdi Business 110cv,https://www.autoscout24.it/annunci/hyundai-i30-i30-wagon-1-6-crdi-business-110cv-diesel-grigio-cat_ma33mo19065-c081aa58-971c-4ec3-a49d-a768e49c5562,Hyundai,i30,i30 Wagon 1.6 crdi Business 110cv,8200,140000.0,Manuale,12/2018,Diesel,81 kW (110 CV),"Privato,IT-23900 LECCO",Privato
Hyundai i30 1.6 crdi Business 116CV IVA ESPOSTA,https://www.autoscout24.it/annunci/hyundai-i30-1-6-crdi-business-116cv-iva-esposta-diesel-grigio-cat_ma33mo19065-19a42ad4-ba31-4ffe-809a-f8d9b8353adb,Hyundai,i30,1.6 crdi Business 116CV IVA ESPOSTA,8900,154000.0,Manuale,03/2019,Diesel,85 kW (116 CV),Mm Motors Milano Ovest di Df Automotive Srls • IT-20010 Pogliano Milanese -  MI,Rivenditore
Hyundai i30 i30 III 2017 Wagon Wagon 1.6 crdi Business 110cv,https://www.autoscout24.it/annunci/hyundai-i30-i30-iii-2017-wagon-wagon-1-6-crdi-business-110cv-diesel-grigio-cat_ma33mo19065-b8fc5dc0-9878-49be-973f-eb1894ee0bfe,Hyundai,i30,i30 III 2017 Wagon Wagon 1.6 crdi Business 110cv,8200,146000.0,Manuale,11/2018,Diesel,81 kW (110 CV),"Privato,IT-23900 Lecco",Privato
Hyundai i30 i30 III 2021 Wagon Wagon 1.6 crdi 48V Prime Techno,https://www.autoscout24.it/annunci/hyundai-i30-i30-iii-2021-wagon-wagon-1-6-crdi-48v-prime-techno-elettrica-diesel-nero-cat_ma33mo19065-75be4005-6ac7-469b-b16e-7d4c4926deb3,Hyundai,i30,i30 III 2021 Wagon Wagon 1.6 crdi 48V Prime Techno,8890,189000.0,Automatico,10/2021,Elettrica/Diesel,100 kW (136 CV),CF Auto Srl • IT-72012 Carovigno - Brindisi - Br,Rivenditore
Hyundai i30 III 2020 Wagon Wagon 1.6 crdi Prime 115cv,https://www.autoscout24.it/annunci/hyundai-i30-iii-2020-wagon-wagon-1-6-crdi-prime-115cv-diesel-bianco-cat_ma33mo19065-ce5f0d89-1a27-4719-91b3-f28820763665,Hyundai,i30,III 2020 Wagon Wagon 1.6 crdi Prime 115cv,9990,132236.0,Manuale,07/2021,Diesel,85 kW (116 CV),Grand Prix Group • IT-40055 Villanova - Bo,Rivenditore
Hyundai i30 i30 III 2017 5p 1.6 crdi Business 110cv,https://www.autoscout24.it/annunci/hyundai-i30-i30-iii-2017-5p-1-6-crdi-business-110cv-diesel-nero-cat_ma33mo19065-9c24c3ab-3670-4aaf-b060-74cb28fa6ca3,Hyundai,i30,i30 III 2017 5p 1.6 crdi Business 110cv,9500,98500.0,Manuale,05/2018,Diesel,81 kW (110 CV),"Privato,IT-37045 Legnago",Privato
Hyundai i30 i30 III 2017 Wagon Wagon 1.6 crdi Business 110cv,https://www.autoscout24.it/annunci/hyundai-i30-i30-iii-2017-wagon-wagon-1-6-crdi-business-110cv-diesel-cat_ma33mo19065-7427e94b-e017-4cf2-833f-c3cc56390ebc,Hyundai,i30,i30 III 2017 Wagon Wagon 1.6 crdi Business 110cv,9900,142500.0,Manuale,11/2018,Diesel,81 kW (110 CV),"Privato,IT-22031 Albavilla",Privato
Hyundai i30 i30 III 2017 Wagon Wagon 1.4 t-gdi Style dct,https://www.autoscout24.it/annunci/hyundai-i30-i30-iii-2017-wagon-wagon-1-4-t-gdi-style-dct-benzina-rosso-cat_ma33mo19065-28419eca-9d08-4f7d-9453-08521a5afd1b,Hyundai,i30,i30 III 2017 Wagon Wagon 1.4 t-gdi Style dct,10500,106000.0,Automatico,02/2018,Benzina,103 kW (140 CV),"Privato,IT-35124 Padova",Privato
Hyundai i30 i30 1.0 T-GDI DCT 48V 5 porte Prime,https://www.autoscout24.it/annunci/hyundai-i30-i30-1-0-t-gdi-dct-48v-5-porte-prime-elettrica-benzina-grigio-cat_ma33mo19065-608cec11-7a55-46e5-93ee-c42099f67251,Hyundai,i30,i30 1.0 T-GDI DCT 48V 5 porte Prime,11990,100000.0,Semiautomatico,04/2023,Elettrica/Benzina,88 kW (120 CV),CMotors Srl • IT-81031 Aversa,Rivenditore
Hyundai i30 1.6 crdi 48V Prime 136cv,https://www.autoscout24.it/annunci/hyundai-i30-1-6-crdi-48v-prime-136cv-elettrica-diesel-cat_ma33mo19065-5ef0b04e-6eca-4433-80f0-65e5bb2a9455,Hyundai,i30,1.6 crdi 48V Prime 136cv,12000,105500.0,Manuale,06/2021,Elettrica/Diesel,100 kW (136 CV),"Privato,IT-10090 Villarbasse",Privato
Hyundai i30 i30 Prime 1.6 CRDi 48V MHEV,https://www.autoscout24.it/annunci/hyundai-i30-i30-prime-1-6-crdi-48v-mhev-diesel-bianco-cat_ma33mo19065-092ca974-96fe-4f78-aa15-66aee2e6bc32,Hyundai,i30,i30 Prime 1.6 CRDi 48V MHEV,12500,106900.0,Automatico,10/2021,Diesel,100 kW (136 CV),TuaCar Brescia - Pavoni Auto Srl • IT-25080 Mazzano - Brescia - BS,Rivenditore
Hyundai i30 1.0 T-GDI iMT 48V 5 porte Prime 2023 *BERLINA*,https://www.autoscout24.it/annunci/hyundai-i30-1-0-t-gdi-imt-48v-5-porte-prime-2023-berlina-elettrica-benzina-argento-cat_ma33mo19065-390c6ca2-65b2-48fa-9fd6-f5fefc4eddf5,Hyundai,i30,1.0 T-GDI iMT 48V 5 porte Prime 2023 *BERLINA*,12499,93511.0,Manuale,05/2023,Elettrica/Benzina,88 kW (120 CV),TM Wagen Firenze srl • IT-50142 Firenze - FI,Rivenditore
Hyundai i30 Wagon 1.0 T-GDI iMT 48V Prime,https://www.autoscout24.it/annunci/hyundai-i30-wagon-1-0-t-gdi-imt-48v-prime-elettrica-benzina-grigio-cat_ma33mo19065-8f8fa4cb-2c40-4bc5-91c2-a8094180632e,Hyundai,i30,Wagon 1.0 T-GDI iMT 48V Prime,12790,69900.0,Manuale,04/2023,Elettrica/Benzina,88 kW (120 CV),Riviera Motori Srl • IT-30031 Dolo - Venezia,Rivenditore
Hyundai i30 Wagon 1.6 CRDi Hybrid iMT Auto. Prime *OFFERTA PRO,https://www.autoscout24.it/annunci/hyundai-i30-wagon-1-6-crdi-hybrid-imt-auto-prime-offerta-pro-diesel-grigio-cat_ma33mo19065-886188d1-81b1-44a4-ac0e-1332e189b7a3,Hyundai,i30,Wagon 1.6 CRDi Hybrid iMT Auto. Prime *OFFERTA PRO,12990,59000.0,Automatico,09/2021,Diesel,100 kW (136 CV),Milano Motors 4X4 Srl • IT-20092 Cinisello Balsamo - Milano - Mi,Rivenditore
Hyundai i30 i30 III 2020 5p 1.6 crdi 48V Prime 136cv,https://www.autoscout24.it/annunci/hyundai-i30-i30-iii-2020-5p-1-6-crdi-48v-prime-136cv-elettrica-diesel-nero-cat_ma33mo19065-4f4caa1c-68eb-4440-874e-bcf610c5dd14,Hyundai,i30,i30 III 2020 5p 1.6 crdi 48V Prime 136cv,12900,94000.0,Manuale,09/2021,Elettrica/Diesel,100 kW (136 CV),Lucauto Di Luca Porfirio • IT-86010 Castropignano - Campobasso,Rivenditore
Hyundai i30 1.0 T-GDI iMT 48V Prime,https://www.autoscout24.it/annunci/hyundai-i30-1-0-t-gdi-imt-48v-prime-elettrica-benzina-cat_ma33mo19065-cfae571e-3ee2-4b70-b1fb-003dc5d9d90c,Hyundai,i30,1.0 T-GDI iMT 48V Prime,12900,68531.0,Manuale,04/2023,Elettrica/Benzina,88 kW (120 CV),Autopoint Srl • IT-30175 Marghera - Venezia - Ve,Rivenditore
Hyundai i30 Wagon 1.6 CRDi Hybrid iMT Auto. Prime *OFFERTA PRO,https://www.autoscout24.it/annunci/hyundai-i30-wagon-1-6-crdi-hybrid-imt-auto-prime-offerta-pro-elettrica-diesel-grigio-cat_ma33mo19065-3dbf41f4-4fb2-4abd-8004-a247f5f9a834,Hyundai,i30,Wagon 1.6 CRDi Hybrid iMT Auto. Prime *OFFERTA PRO,12990,59000.0,Automatico,09/2021,Elettrica/Diesel,100 kW (136 CV),Milano Motors 4X4 Srl • IT-20092 Cinisello Balsamo - Milano - Mi,Rivenditore
Hyundai i30 Wagon 1.0 t-gdi Prime 120cv,https://www.autoscout24.it/annunci/hyundai-i30-wagon-1-0-t-gdi-prime-120cv-elettrica-benzina-grigio-cat_ma33mo19065-0256d712-c73e-43cc-a8b0-c5b06601bbd3,Hyundai,i30,Wagon 1.0 t-gdi Prime 120cv,12950,64800.0,Manuale,04/2023,Elettrica/Benzina,88 kW (120 CV),Stillcar Srl • IT-47039 Savignano sul Rubicone - FC,Rivenditore
Hyundai i30 1.6 crdi 48V Prime 136cv,https://www.autoscout24.it/annunci/hyundai-i30-1-6-crdi-48v-prime-136cv-elettrica-diesel-cat_ma33mo19065-5ef0b04e-6eca-4433-80f0-65e5bb2a9455,Hyundai,i30,1.6 crdi 48V Prime 136cv,12000,105500.0,Manuale,06/2021,Elettrica/Diesel,100 kW (136 CV),"Privato,IT-10090 Villarbasse",Privato
Hyundai i30 1.6 crdi 48V Prime 136cv,https://www.autoscout24.it/annunci/hyundai-i30-1-6-crdi-48v-prime-136cv-elettrica-diesel-cat_ma33mo19065-3a237865-9254-4254-94c5-32ecc1f6e376,Hyundai,i30,1.6 crdi 48V Prime 136cv,12500,90000.0,Manuale,06/2021,Elettrica/Diesel,100 kW (136 CV),"Privato,IT-98066 Patti",Privato
Hyundai i30 i30 1.6 crdi Go! 110cv,https://www.autoscout24.it/annunci/hyundai-i30-i30-1-6-crdi-go-110cv-diesel-blu-azzurro-cat_ma33mo19065-5458017e-cd47-4943-8282-65bebe3e2886,Hyundai,i30,i30 1.6 crdi Go! 110cv,13000,120400.0,Manuale,04/2019,Diesel,81 kW (110 CV),"Privato,IT-53041 Asciano",Privato
Hyundai i30 Wagon 1.6 crdi 48V Prime 136cv,https://www.autoscout24.it/annunci/hyundai-i30-wagon-1-6-crdi-48v-prime-136cv-elettrica-diesel-cat_ma33mo19065-86763321-75ad-45b2-aa7e-3a97be04e19a,Hyundai,i30,Wagon 1.6 crdi 48V Prime 136cv,12900,120000.0,Manuale,10/2021,Elettrica/Diesel,100 kW (136 CV),"Privato,IT-00054 Fiumicino",Privato
Hyundai i30 3ª serie - i30 1.0 T-GDI iMT 48V 5 porte Prime,https://www.autoscout24.it/annunci/hyundai-i30-3-serie-i30-1-0-t-gdi-imt-48v-5-porte-prime-elettrica-benzina-grigio-cat_ma33mo19065-14574cc9-ccd8-43b9-b64a-55cfc5cbfdec,Hyundai,i30,3ª serie - i30 1.0 T-GDI iMT 48V 5 porte Prime,12499,88083.0,Manuale,05/2023,Elettrica/Benzina,88 kW (120 CV),TM Wagen Firenze srl • IT-50142 Firenze - FI,Rivenditore
Hyundai i30 i30 III 2020 5p 1.0 t-gdi 48V Prime 120cv,https://www.autoscout24.it/annunci/hyundai-i30-i30-iii-2020-5p-1-0-t-gdi-48v-prime-120cv-elettrica-benzina-grigio-cat_ma33mo19065-4b57278b-bc37-4a1d-91ad-593c3175b45b,Hyundai,i30,i30 III 2020 5p 1.0 t-gdi 48V Prime 120cv,13450,81996.0,Manuale,04/2023,Elettrica/Benzina,88 kW (120 CV),Jcar di Galli E Comelli Srl • IT-42049 Sant'Ilario D'Enza  - Reggio Emilia - RE,Rivenditore
Hyundai i30 Fastback 1.4 t-gdi Business Safety Pack my19,https://www.autoscout24.it/annunci/hyundai-i30-fastback-1-4-t-gdi-business-safety-pack-my19-benzina-cat_ma33mo19065-1fb4d243-cd17-4a2e-aa02-0295eaab0538,Hyundai,i30,Fastback 1.4 t-gdi Business Safety Pack my19,13450,58000.0,Manuale,12/2018,Benzina,103 kW (140 CV),"Privato,IT-20094 Corsico",Privato
Hyundai i30 i30 FastbackFastback 1.4 t-gdi Style dct,https://www.autoscout24.it/annunci/hyundai-i30-i30-fastbackfastback-1-4-t-gdi-style-dct-benzina-blu-azzurro-cat_ma33mo19065-f2769c75-36b3-4828-96c8-28cbcd548c35,Hyundai,i30,i30 FastbackFastback 1.4 t-gdi Style dct,14000,42820.0,Semiautomatico,12/2018,Benzina,103 kW (140 CV),"Privato,IT-70126 Bari",Privato
Hyundai i30 1.6 crdi 48V Prime Techno&Style Pack 136cv,https://www.autoscout24.it/annunci/hyundai-i30-1-6-crdi-48v-prime-technostyle-pack-136cv-elettrica-diesel-cat_ma33mo19065-ebc5aba6-d558-4e4b-b647-957a510196b9,Hyundai,i30,1.6 crdi 48V Prime Techno&Style Pack 136cv,14000,72000.0,Manuale,04/2021,Elettrica/Diesel,100 kW (136 CV),"Privato,IT-83100 Avellino",Privato
Hyundai i30 Wagon 1.0 T-GDI iMT 120CV 48V Prime,https://www.autoscout24.it/annunci/hyundai-i30-wagon-1-0-t-gdi-imt-120cv-48v-prime-elettrica-benzina-grigio-cat_ma33mo19065-1b081d57-e6db-4a8f-9679-9b9c84ff709c,Hyundai,i30,Wagon 1.0 T-GDI iMT 120CV 48V Prime,14000,70104.0,Manuale,04/2023,Elettrica/Benzina,88 kW (120 CV),New Bassani Auto Srl • IT-32030 Arsie - Belluno - Bl,Rivenditore
Hyundai i30 1.0 T-GDI iMT 48V N Line,https://www.autoscout24.it/annunci/hyundai-i30-1-0-t-gdi-imt-48v-n-line-elettrica-benzina-grigio-cat_ma33mo19065-9eaddce5-b219-43a0-b5e7-bbb5f67fb8b2,Hyundai,i30,1.0 T-GDI iMT 48V N Line,13490,85985.0,Manuale,04/2023,Elettrica/Benzina,88 kW (120 CV),L'Autotamigi Srl • IT-84014 Nocera Inferiore - Salerno - Sa,Rivenditore
Hyundai i30 Wagon 1.0 T-GDI iMT 48V Prime NO VINCOLI !!!!,https://www.autoscout24.it/annunci/hyundai-i30-wagon-1-0-t-gdi-imt-48v-prime-no-vincoli-elettrica-benzina-grigio-cat_ma33mo19065-8043e6e1-59c9-45f3-8407-446999746343,Hyundai,i30,Wagon 1.0 T-GDI iMT 48V Prime NO VINCOLI !!!!,13900,70000.0,Manuale,04/2023,Elettrica/Benzina,88 kW (120 CV),GpMotors Auto Srl • IT-00054 Fiumicino – Roma –Rm,Rivenditore
"Hyundai i30 1.0 T-GDI Prime 120CV (Man9""PREZZO REALE""(F1411)",https://www.autoscout24.it/annunci/hyundai-i30-1-0-t-gdi-prime-120cv-man9-prezzo-reale-f1411-elettrica-benzina-cat_ma33mo19065-9e6cdcb3-46e4-4352-a669-275fd09494b2,Hyundai,i30,"1.0 T-GDI Prime 120CV (Man9""PREZZO REALE""(F1411)",13980,79885.0,Manuale,05/2023,Elettrica/Benzina,88 kW (120 CV),Fiorenzo Auto Srl • IT-03011 Alatri - Frosinone - Fr,Rivenditore
Hyundai i30 Wagon 1.6 CRDi 136 CV 48V DCT Prime,https://www.autoscout24.it/annunci/hyundai-i30-wagon-1-6-crdi-136-cv-48v-dct-prime-elettrica-diesel-nero-cat_ma33mo19065-e97f586a-8333-4692-aeb3-aa30b02f98c7,Hyundai,i30,Wagon 1.6 CRDi 136 CV 48V DCT Prime,13800,95771.0,Automatico,11/2021,Elettrica/Diesel,100 kW (136 CV),New Bassani Auto Srl • IT-32030 Arsie - Belluno - Bl,Rivenditore
Hyundai i30 Wagon 1.0 T-GDI iMT 48V Prime,https://www.autoscout24.it/annunci/hyundai-i30-wagon-1-0-t-gdi-imt-48v-prime-elettrica-benzina-grigio-cat_ma33mo19065-f1d7ea40-4865-4bff-8c6e-949b81175892,Hyundai,i30,Wagon 1.0 T-GDI iMT 48V Prime,14000,74683.0,Manuale,04/2023,Elettrica/Benzina,88 kW (120 CV),New Bassani Auto Srl • IT-32030 Arsie - Belluno - Bl,Rivenditore
Hyundai i30 i30 1.6 crdi Go! 110cv,https://www.autoscout24.it/annunci/hyundai-i30-i30-1-6-crdi-go-110cv-diesel-blu-azzurro-cat_ma33mo19065-5458017e-cd47-4943-8282-65bebe3e2886,Hyundai,i30,i30 1.6 crdi Go! 110cv,13000,120400.0,Manuale,04/2019,Diesel,81 kW (110 CV),"Privato,IT-53041 Asciano",Privato
Hyundai i30 i30 FastbackFastback 1.4 t-gdi Style dct,https://www.autoscout24.it/annunci/hyundai-i30-i30-fastbackfastback-1-4-t-gdi-style-dct-benzina-blu-azzurro-cat_ma33mo19065-f2769c75-36b3-4828-96c8-28cbcd548c35,Hyundai,i30,i30 FastbackFastback 1.4 t-gdi Style dct,14000,42820.0,Semiautomatico,12/2018,Benzina,103 kW (140 CV),"Privato,IT-70126 Bari",Privato
Hyundai i30 1.6 crdi 48V Prime Techno&Style Pack 136cv,https://www.autoscout24.it/annunci/hyundai-i30-1-6-crdi-48v-prime-technostyle-pack-136cv-elettrica-diesel-cat_ma33mo19065-ebc5aba6-d558-4e4b-b647-957a510196b9,Hyundai,i30,1.6 crdi 48V Prime Techno&Style Pack 136cv,14000,72000.0,Manuale,04/2021,Elettrica/Diesel,100 kW (136 CV),"Privato,IT-83100 Avellino",Privato
Hyundai i30 1.0 t-gdi N-line Plus Pack my20,https://www.autoscout24.it/annunci/hyundai-i30-1-0-t-gdi-n-line-plus-pack-my20-benzina-cat_ma33mo19065-a79fd8ea-c3b7-42ae-a496-e91e4c60e700,Hyundai,i30,1.0 t-gdi N-line Plus Pack my20,14300,97000.0,Manuale,06/2021,Benzina,88 kW (120 CV),"Privato,IT-20090 Milano",Privato
Hyundai i30 Wagon 1.0 T-GDI iMT 120CV 48V Prime,https://www.autoscout24.it/annunci/hyundai-i30-wagon-1-0-t-gdi-imt-120cv-48v-prime-elettrica-benzina-grigio-cat_ma33mo19065-1b081d57-e6db-4a8f-9679-9b9c84ff709c,Hyundai,i30,Wagon 1.0 T-GDI iMT 120CV 48V Prime,14000,70104.0,Manuale,04/2023,Elettrica/Benzina,88 kW (120 CV),New Bassani Auto Srl • IT-32030 Arsie - Belluno - Bl,Rivenditore
Hyundai i30 i30 1.6 crdi 48V Prime 136cv,https://www.autoscout24.it/annunci/hyundai-i30-i30-1-6-crdi-48v-prime-136cv-elettrica-diesel-grigio-cat_ma33mo19065-c7f19e69-0e1d-4a6e-8050-1dacb147a550,Hyundai,i30,i30 1.6 crdi 48V Prime 136cv,14200,115500.0,Manuale,03/2021,Elettrica/Diesel,100 kW (136 CV),"Privato,IT-10022 Carmagnola",Privato
Hyundai i30 Wagon 1.0 T-GDI iMT 48V Prime,https://www.autoscout24.it/annunci/hyundai-i30-wagon-1-0-t-gdi-imt-48v-prime-elettrica-benzina-grigio-cat_ma33mo19065-0fe762c6-c8c1-455a-99c6-2ba57345e060,Hyundai,i30,Wagon 1.0 T-GDI iMT 48V Prime,14500,67996.0,Manuale,04/2023,Elettrica/Benzina,88 kW (120 CV),New Bassani Auto Srl • IT-32030 Arsie - Belluno - Bl,Rivenditore
Hyundai i30 Wagon 1.0 T-GDI iMT 48V Prime,https://www.autoscout24.it/annunci/hyundai-i30-wagon-1-0-t-gdi-imt-48v-prime-elettrica-benzina-grigio-cat_ma33mo19065-f1d7ea40-4865-4bff-8c6e-949b81175892,Hyundai,i30,Wagon 1.0 T-GDI iMT 48V Prime,14000,74683.0,Manuale,04/2023,Elettrica/Benzina,88 kW (120 CV),New Bassani Auto Srl • IT-32030 Arsie - Belluno - Bl,Rivenditore
Hyundai i30 i30 2.0 t-gdi N Performance my19,https://www.autoscout24.it/annunci/hyundai-i30-i30-2-0-t-gdi-n-performance-my19-benzina-bianco-cat_ma33mo19065-cfef1aa3-938a-4291-a91b-6ebcc1c4b744,Hyundai,i30,i30 2.0 t-gdi N Performance my19,15000,81000.0,Manuale,12/2018,Benzina,202 kW (275 CV),"Privato,IT-41123 Modena",Privato
Hyundai i30 1.0 t-gdi 48V NLine 120cv,https://www.autoscout24.it/annunci/hyundai-i30-1-0-t-gdi-48v-nline-120cv-elettrica-benzina-cat_ma33mo19065-f2d54b45-5ccb-4e86-93c5-18ee6ffe110a,Hyundai,i30,1.0 t-gdi 48V NLine 120cv,15800,87100.0,Manuale,10/2020,Elettrica/Benzina,88 kW (120 CV),"Privato,IT-11029 Verres",Privato
Hyundai i30 i30 1.0 t-gdi 48V Prime 120cv,https://www.autoscout24.it/annunci/hyundai-i30-i30-1-0-t-gdi-48v-prime-120cv-elettrica-benzina-argento-cat_ma33mo19065-8278ca59-850b-4e0e-b65c-a2293edd9149,Hyundai,i30,i30 1.0 t-gdi 48V Prime 120cv,15900,40000.0,Manuale,04/2022,Elettrica/Benzina,88 kW (120 CV),"Privato,IT-10073 Ciriè",Privato
Hyundai i30 N Line Techno Pack 120cv 1.0 t-gdi 48V Shadow Grey,https://www.autoscout24.it/annunci/hyundai-i30-n-line-techno-pack-120cv-1-0-t-gdi-48v-shadow-grey-elettrica-benzina-grigio-cat_ma33mo19065-bfae33de-e457-4928-ae98-d9a3985f63b2,Hyundai,i30,N Line Techno Pack 120cv 1.0 t-gdi 48V Shadow Grey,15990,89000.0,Manuale,09/2022,Elettrica/Benzina,88 kW (120 CV),"Privato,IT-96015 Francofonte",Privato
Hyundai i30 1.4 t-gdi style dct,https://www.autoscout24.it/annunci/hyundai-i30-1-4-t-gdi-style-dct-benzina-cat_ma33mo19065-2b458793-f097-4357-afd9-d9a875b1186b,Hyundai,i30,1.4 t-gdi style dct,16000,106000.0,Semiautomatico,03/2018,Benzina,103 kW (140 CV),"Privato,IT-11100 Aosta",Privato
Hyundai i30 1.6 CRDi Mild-Hybrid Prime MHEV,https://www.autoscout24.it/annunci/hyundai-i30-1-6-crdi-mild-hybrid-prime-mhev-elettrica-diesel-grigio-cat_ma33mo19065-f42cf7bd-c78b-49ba-92d6-c2b7b59140a1,Hyundai,i30,1.6 CRDi Mild-Hybrid Prime MHEV,15699,73284.0,Automatico,10/2021,Elettrica/Diesel,100 kW (136 CV),Autohero Italia Srl - Bari • IT-50145 Firenze - FI,Rivenditore
Hyundai i30 HYUNDAI i30 1.0 T-GDI iMT 48V 5 porte N-Line PREZZO REALE,https://www.autoscout24.it/annunci/hyundai-i30-hyundai-i30-1-0-t-gdi-imt-48v-5-porte-n-line-prezzo-reale-elettrica-benzina-grigio-cat_ma33mo19065-d8f59166-af52-4fdb-b8ed-b3a33377fe85,Hyundai,i30,HYUNDAI i30 1.0 T-GDI iMT 48V 5 porte N-Line PREZZO REALE,15900,58938.0,Manuale,06/2021,Elettrica/Benzina,88 kW (120 CV),Daniele Automobili Srl • IT-10156 Torino,Rivenditore
Hyundai i30 i30 2.0 t-gdi N Performance my19,https://www.autoscout24.it/annunci/hyundai-i30-i30-2-0-t-gdi-n-performance-my19-benzina-bianco-cat_ma33mo19065-cfef1aa3-938a-4291-a91b-6ebcc1c4b744,Hyundai,i30,i30 2.0 t-gdi N Performance my19,15000,81000.0,Manuale,12/2018,Benzina,202 kW (275 CV),"Privato,IT-41123 Modena",Privato
Hyundai i30 III Wagon 1.6 crdi Business 115cv dct my20,https://www.autoscout24.it/annunci/hyundai-i30-iii-wagon-1-6-crdi-business-115cv-dct-my20-diesel-grigio-cat_ma33mo19065-83e3ad04-14c1-4c50-ba21-2aaae36c5ec9,Hyundai,i30,III Wagon 1.6 crdi Business 115cv dct my20,16986,75298.0,Automatico,01/2021,Diesel,85 kW (116 CV),Serratore Spa • IT-22036 Erba - Como - Co,Rivenditore
Hyundai i30 1.6 crdi 48V Prime 136cv dct,https://www.autoscout24.it/annunci/hyundai-i30-1-6-crdi-48v-prime-136cv-dct-elettrica-diesel-cat_ma33mo19065-06ae1198-a150-4640-a61e-bfd25a1ae184,Hyundai,i30,1.6 crdi 48V Prime 136cv dct,16500,56000.0,Semiautomatico,01/2021,Elettrica/Diesel,100 kW (136 CV),"Privato,IT-12070 priero",Privato
Hyundai i30 1.0 t-gdi N-line my20,https://www.autoscout24.it/annunci/hyundai-i30-1-0-t-gdi-n-line-my20-benzina-cat_ma33mo19065-a6349202-814f-4582-8a4d-f9cf1eb15cfd,Hyundai,i30,1.0 t-gdi N-line my20,17000,75000.0,Manuale,09/2020,Benzina,88 kW (120 CV),"Privato,IT-35010 Vigonza Padova",Privato
Hyundai i30 1.4 t-gdi style dct,https://www.autoscout24.it/annunci/hyundai-i30-1-4-t-gdi-style-dct-benzina-cat_ma33mo19065-2b458793-f097-4357-afd9-d9a875b1186b,Hyundai,i30,1.4 t-gdi style dct,16000,106000.0,Semiautomatico,03/2018,Benzina,103 kW (140 CV),"Privato,IT-11100 Aosta",Privato
Hyundai i30 1.0 t-gdi N-line my20,https://www.autoscout24.it/annunci/hyundai-i30-1-0-t-gdi-n-line-my20-benzina-cat_ma33mo19065-aa42ab56-80cb-4b9f-8225-1afe6d02e9c9,Hyundai,i30,1.0 t-gdi N-line my20,16900,32000.0,Manuale,10/2019,Benzina,88 kW (120 CV),"Privato,IT-40131 Bologna",Privato
Hyundai i30 WAGON 1.0 TGDI 48V DCT,https://www.autoscout24.it/annunci/hyundai-i30-wagon-1-0-tgdi-48v-dct-benzina-grigio-cat_ma33mo19065-1908e0a4-4f15-4520-afbd-ba792d91cb88,Hyundai,i30,WAGON 1.0 TGDI 48V DCT,17850,100.0,Automatico,01/2023,Benzina,74 kW (101 CV),Autosantoro Point Srl • IT-84131 Salerno - Sa,Rivenditore
Hyundai i30 1.0 t-gdi N-line my20,https://www.autoscout24.it/annunci/hyundai-i30-1-0-t-gdi-n-line-my20-benzina-cat_ma33mo19065-a6349202-814f-4582-8a4d-f9cf1eb15cfd,Hyundai,i30,1.0 t-gdi N-line my20,17000,75000.0,Manuale,09/2020,Benzina,88 kW (120 CV),"Privato,IT-35010 Vigonza Padova",Privato
Hyundai i30 1.0 t-gdi 48V Prime 120cv,https://www.autoscout24.it/annunci/hyundai-i30-1-0-t-gdi-48v-prime-120cv-elettrica-benzina-nero-cat_ma33mo19065-f763d940-819d-46b4-83ce-5ca7e4776859,Hyundai,i30,1.0 t-gdi 48V Prime 120cv,17400,35360.0,Manuale,05/2022,Elettrica/Benzina,88 kW (120 CV),Motornova S.R.L. • IT-20831 Seregno - MB,Rivenditore
Hyundai i30 Fastback 1.0 t-gdi 48V NLine 120cv,https://www.autoscout24.it/annunci/hyundai-i30-fastback-1-0-t-gdi-48v-nline-120cv-elettrica-benzina-cat_ma33mo19065-5fe85419-33d8-4b88-8280-27d1f9d3f2f0,Hyundai,i30,Fastback 1.0 t-gdi 48V NLine 120cv,18500,26400.0,Manuale,10/2020,Elettrica/Benzina,88 kW (120 CV),"Privato,IT-83024 Monteforte Irpino",Privato
Hyundai i30 1.0 t-gdi N-line Plus Pack my20,https://www.autoscout24.it/annunci/hyundai-i30-1-0-t-gdi-n-line-plus-pack-my20-benzina-cat_ma33mo19065-6bde5c03-b465-43e5-a0b2-ca2bf6ab761e,Hyundai,i30,1.0 t-gdi N-line Plus Pack my20,18500,26548.0,Manuale,10/2020,Benzina,88 kW (120 CV),"Privato,IT-83024 Monteforte Irpino",Privato
Hyundai i30 2.0 t-gdi N Performance,https://www.autoscout24.it/annunci/hyundai-i30-2-0-t-gdi-n-performance-benzina-cat_ma33mo19065-669f3dba-e1f2-4a4e-97f4-a5139fb3e0b7,Hyundai,i30,2.0 t-gdi N Performance,19750,123000.0,Manuale,01/2019,Benzina,202 kW (275 CV),"Privato,IT-39031 Brunico",Privato
Hyundai i30 FASTBACK 1.4 T-GDI 140CV STYLE DCT FS230WY PROMO DEL MESE,https://www.autoscout24.it/annunci/hyundai-i30-fastback-1-4-t-gdi-140cv-style-dct-fs230wy-promo-del-mese-benzina-blu-azzurro-cat_ma33mo19065-fe990f3b-6e74-456f-8059-890efc734a0d,Hyundai,i30,FASTBACK 1.4 T-GDI 140CV STYLE DCT FS230WY PROMO DEL MESE,19150,700.0,Automatico,12/2018,Benzina,103 kW (140 CV),I.M. Spa • IT-00040 Ariccia - Roma,Rivenditore
Hyundai i30 1.5 T-GDI iMT 48V 5 porte N-Line,https://www.autoscout24.it/annunci/hyundai-i30-1-5-t-gdi-imt-48v-5-porte-n-line-elettrica-benzina-bianco-cat_ma33mo19065-68a3e93c-8429-49ee-9a6d-8bd1cc84ee88,Hyundai,i30,1.5 T-GDI iMT 48V 5 porte N-Line,19950,124600.0,Manuale,06/2022,Elettrica/Benzina,117 kW (159 CV),Eurotarget S.p.A. - Tu al centro • IT-40066 Pieve Di Cento - Bologna - Bo,Rivenditore
Hyundai i30 i30 2.0 TURBO 275CV N PERFORMANCE OTTIME CONDIZIONI / FULL OPTIONAL!!! PREZZO REALE!!!! ORIGINALE!!,https://www.autoscout24.it/annunci/hyundai-i30-i30-2-0-turbo-275cv-n-performance-ottime-condizioni-full-optional-prezzo-reale-originale-benzina-blu-azzurro-cat_ma33mo19065-28ce17f7-9c6d-4714-b506-03dd56e0468e,Hyundai,i30,i30 2.0 TURBO 275CV N PERFORMANCE OTTIME CONDIZIONI / FULL OPTIONAL!!! PREZZO REALE!!!! ORIGINALE!!,20999,105000.0,Manuale,10/2018,Benzina,202 kW (275 CV),Pontiggia Cars Srl • IT-23013 Cosio Valtellino - Sondrio - SO,Rivenditore
Hyundai i30 i30 2.0 T-GDI 275 CV 5 porte N Performance,https://www.autoscout24.it/annunci/hyundai-i30-i30-2-0-t-gdi-275-cv-5-porte-n-performance-benzina-nero-cat_ma33mo19065-1cb7de32-ae1c-46e7-9706-5ba95f8fa09a,Hyundai,i30,i30 2.0 T-GDI 275 CV 5 porte N Performance,20200,93000.0,Manuale,09/2018,Benzina,202 kW (275 CV),Privacar Pescara - Chieti • IT-66100 Chieti - CH,Rivenditore
Hyundai i30 1.5 T-GDI DCT 48V - CARPLAY - CAM - PADDLE,https://www.autoscout24.it/annunci/hyundai-i30-1-5-t-gdi-dct-48v-carplay-cam-paddle-elettrica-benzina-grigio-cat_ma33mo19065-522aaf17-9d4e-44f9-b233-272b834d5080,Hyundai,i30,1.5 T-GDI DCT 48V - CARPLAY - CAM - PADDLE,21000,950.0,Automatico,01/2023,Elettrica/Benzina,118 kW (160 CV),Farina Motors Srl • IT-20060 Liscate - Milano,Rivenditore
Hyundai i30 i30 2.0 t-gdi N Performance my19 **FULL OPTIONAL!!!**,https://www.autoscout24.it/annunci/hyundai-i30-i30-2-0-t-gdi-n-performance-my19-full-optional-benzina-rosso-cat_ma33mo19065-a6a8fdcf-0ff4-4587-af3f-477ac9e83b93,Hyundai,i30,i30 2.0 t-gdi N Performance my19 **FULL OPTIONAL!!!**,20500,116755.0,Manuale,01/2019,Benzina,202 kW (275 CV),Fz Motorsport srl • IT-32030 Fonzaso - Belluno,Rivenditore
Hyundai i30 5 Porte 1.0 T-GDi 48V NLine,https://www.autoscout24.it/annunci/hyundai-i30-5-porte-1-0-t-gdi-48v-nline-elettrica-benzina-bianco-cat_ma33mo19065-11f78cdb-c6c4-4cb8-aee8-b2850b049090,Hyundai,i30,5 Porte 1.0 T-GDi 48V NLine,20853,18660.0,Automatico,11/2024,Elettrica/Benzina,74 kW (101 CV),Gruppo Brandini • IT-50127 Firenze,Rivenditore
Hyundai i30 i30 2.0 t-gdi N *NO SUPERBOLLO*,https://www.autoscout24.it/annunci/hyundai-i30-i30-2-0-t-gdi-n-no-superbollo-benzina-nero-cat_ma33mo19065-f2fcdb31-7ffb-4301-a008-eb4f08c5eea5,Hyundai,i30,i30 2.0 t-gdi N *NO SUPERBOLLO*,21900,89000.0,Manuale,10/2018,Benzina,184 kW (250 CV),Panarotto Autosalone Srl • IT-37035 San Giovanni Ilarione - Verona,Rivenditore
Hyundai i30 1.5 T-GDI DCT 48V - CARPLAY - CAM - PADDLE,https://www.autoscout24.it/annunci/hyundai-i30-1-5-t-gdi-dct-48v-carplay-cam-paddle-elettrica-benzina-grigio-cat_ma33mo19065-522aaf17-9d4e-44f9-b233-272b834d5080,Hyundai,i30,1.5 T-GDI DCT 48V - CARPLAY - CAM - PADDLE,21000,950.0,Automatico,01/2023,Elettrica/Benzina,118 kW (160 CV),Farina Motors Srl • IT-20060 Liscate - Milano,Rivenditore
Hyundai i30 i30 III 2017 5p 2.0 t-gdi N Performance my19,https://www.autoscout24.it/annunci/hyundai-i30-i30-iii-2017-5p-2-0-t-gdi-n-performance-my19-benzina-blu-azzurro-cat_ma33mo19065-b66fd8f9-8086-4396-a266-ec1e531ac7f9,Hyundai,i30,i30 III 2017 5p 2.0 t-gdi N Performance my19,21500,71400.0,Manuale,06/2019,Benzina,202 kW (275 CV),M-M Motors Srl Biella di F.G. Car Solutions Snc • IT-13856 Vigliano Biellese - Biella - BI,Rivenditore
Hyundai i30 2.0 t-gdi N Performance,https://www.autoscout24.it/annunci/hyundai-i30-2-0-t-gdi-n-performance-benzina-cat_ma33mo19065-48881548-11dc-4642-86d8-55ab43c53891,Hyundai,i30,2.0 t-gdi N Performance,22000,83000.0,Manuale,10/2018,Benzina,202 kW (275 CV),"Privato,IT-53100 Siena",Privato
Hyundai i30 i30 III 2.0 t-gdi N Performance 450cv stage 3,https://www.autoscout24.it/annunci/hyundai-i30-i30-iii-2-0-t-gdi-n-performance-450cv-stage-3-benzina-verde-cat_ma33mo19065-a144313c-8deb-41ef-aac7-1aa74893d38b,Hyundai,i30,i30 III 2.0 t-gdi N Performance 450cv stage 3,22000,88000.0,Manuale,12/2020,Benzina,202 kW (275 CV),"Privato,IT-22100 Como",Privato
Hyundai i30 2.0 t-gdi N Performance,https://www.autoscout24.it/annunci/hyundai-i30-2-0-t-gdi-n-performance-benzina-cat_ma33mo19065-94c103db-cae6-4050-a62e-4a2ad894dae8,Hyundai,i30,2.0 t-gdi N Performance,22000,65000.0,Manuale,01/2018,Benzina,202 kW (275 CV),"Privato,IT-39045 Fortezza",Privato
Hyundai i30 Hyundai i30 N Performance 275 CV,https://www.autoscout24.it/annunci/hyundai-i30-hyundai-i30-n-performance-275-cv-benzina-blu-azzurro-cat_ma33mo19065-0da0ab43-bf53-4932-a0e6-43cc38e7a6f1,Hyundai,i30,Hyundai i30 N Performance 275 CV,21900,79900.0,Manuale,11/2018,Benzina,202 kW (275 CV),"Privato,IT-24046 Osio Sotto",Privato
Hyundai i30 2.0 T-GDI 275 CV 5 porte N Performance,https://www.autoscout24.it/annunci/hyundai-i30-2-0-t-gdi-275-cv-5-porte-n-performance-benzina-nero-cat_ma33mo19065-59fd2f03-81e7-4cea-b236-37e43eb35165,Hyundai,i30,2.0 T-GDI 275 CV 5 porte N Performance,21500,96172.0,Manuale,11/2018,Benzina,202 kW (275 CV),Eurotarget S.p.A. - Tu al centro • IT-40066 Pieve Di Cento - Bologna - Bo,Rivenditore
Hyundai i30 2024 5p 1.0 t-gdi 48V Business 100cv dct,https://www.autoscout24.it/annunci/hyundai-i30-2024-5p-1-0-t-gdi-48v-business-100cv-dct-elettrica-benzina-grigio-cat_ma33mo19065-f90a292b-3e22-4460-a787-5030cd18e42c,Hyundai,i30,2024 5p 1.0 t-gdi 48V Business 100cv dct,21900,9453.0,Automatico,01/2025,Elettrica/Benzina,74 kW (101 CV),Spazio Spa • IT-10148 Torino - To,Rivenditore
Hyundai i30 1.0 T-GDI DCT 48V Business,https://www.autoscout24.it/annunci/hyundai-i30-1-0-t-gdi-dct-48v-business-elettrica-benzina-cat_ma33mo19065-777b042a-caf9-4717-bf27-d1f15c16fcc9,Hyundai,i30,1.0 T-GDI DCT 48V Business,21400,25700.0,Automatico,11/2024,Elettrica/Benzina,74 kW (101 CV),Lupi Auto Spa • IT-51100 Stradario 01117 - Pistoia,Rivenditore
Hyundai i30 1.0 T-GDI 12V 5 porte Business,https://www.autoscout24.it/annunci/hyundai-i30-1-0-t-gdi-12v-5-porte-business-benzina-nero-cat_ma33mo19065-b41e27b6-4285-46d2-9fc2-8ad9ccea934c,Hyundai,i30,1.0 T-GDI 12V 5 porte Business,21490,,Manuale,new,Benzina,74 kW (101 CV),Youdrive Srl • IT-80035 Nola - Napoli - Na,Rivenditore
Hyundai i30 1.0 T-GDI 12V 5 porte Business,https://www.autoscout24.it/annunci/hyundai-i30-1-0-t-gdi-12v-5-porte-business-benzina-grigio-cat_ma33mo19065-af0d7b45-1fd4-43f4-861f-d8f01ba730a2,Hyundai,i30,1.0 T-GDI 12V 5 porte Business,21490,,Manuale,new,Benzina,74 kW (101 CV),Youdrive Srl • IT-80035 Nola - Napoli - Na,Rivenditore
Hyundai i30 2.0 275 CV N PERFORMANCE SCARICO SPORTIVO,https://www.autoscout24.it/annunci/hyundai-i30-2-0-275-cv-n-performance-scarico-sportivo-benzina-nero-cat_ma33mo19065-cf5e78b9-cd1d-4958-8743-ef6c121f8819,Hyundai,i30,2.0 275 CV N PERFORMANCE SCARICO SPORTIVO,22900,85900.0,Manuale,11/2018,Benzina,202 kW (275 CV),Gotti Auto Srl • IT-24069 San Paolo D'Argon - Bergamo,Rivenditore
Hyundai i30 2.0 t-gdi N Performance,https://www.autoscout24.it/annunci/hyundai-i30-2-0-t-gdi-n-performance-benzina-cat_ma33mo19065-48881548-11dc-4642-86d8-55ab43c53891,Hyundai,i30,2.0 t-gdi N Performance,22000,83000.0,Manuale,10/2018,Benzina,202 kW (275 CV),"Privato,IT-53100 Siena",Privato
Hyundai i30 i30 III 2.0 t-gdi N Performance 450cv stage 3,https://www.autoscout24.it/annunci/hyundai-i30-i30-iii-2-0-t-gdi-n-performance-450cv-stage-3-benzina-verde-cat_ma33mo19065-a144313c-8deb-41ef-aac7-1aa74893d38b,Hyundai,i30,i30 III 2.0 t-gdi N Performance 450cv stage 3,22000,88000.0,Manuale,12/2020,Benzina,202 kW (275 CV),"Privato,IT-22100 Como",Privato
Hyundai i30 i30 III 2019 5p 2.0 t-gdi N Performance,https://www.autoscout24.it/annunci/hyundai-i30-i30-iii-2019-5p-2-0-t-gdi-n-performance-benzina-nero-cat_ma33mo19065-a96cf446-c1fb-4752-a079-4a0247de2950,Hyundai,i30,i30 III 2019 5p 2.0 t-gdi N Performance,23000,93000.0,Manuale,12/2019,Benzina,202 kW (275 CV),"Privato,IT-65122 Pescara",Privato
Hyundai i30 2.0 t-gdi N Performance,https://www.autoscout24.it/annunci/hyundai-i30-2-0-t-gdi-n-performance-benzina-cat_ma33mo19065-94c103db-cae6-4050-a62e-4a2ad894dae8,Hyundai,i30,2.0 t-gdi N Performance,22000,65000.0,Manuale,01/2018,Benzina,202 kW (275 CV),"Privato,IT-39045 Fortezza",Privato
Hyundai i30 1.5 T-GDI iMT 48V IBRIDA  N-Line KM 7.000!!GARANZIA,https://www.autoscout24.it/annunci/hyundai-i30-1-5-t-gdi-imt-48v-ibrida-n-line-km-7-000-garanzia-elettrica-benzina-nero-cat_ma33mo19065-af17fc06-639c-4288-a0d2-2f62af4cdd75,Hyundai,i30,1.5 T-GDI iMT 48V IBRIDA  N-Line KM 7.000!!GARANZIA,22950,6907.0,Manuale,01/2021,Elettrica/Benzina,117 kW (159 CV),Pelloni Auto Spa • IT-41122 Modena - Mo,Rivenditore
Hyundai i30 2.0 t-gdi N Performance my19,https://www.autoscout24.it/annunci/hyundai-i30-2-0-t-gdi-n-performance-my19-benzina-grigio-cat_ma33mo19065-92879b85-07d4-4ffd-94a2-f88ce7efa0dc,Hyundai,i30,2.0 t-gdi N Performance my19,22500,122000.0,Manuale,10/2019,Benzina,202 kW (275 CV),Fabrizio Giustolisi • IT-22030 Lipomo - Como,Rivenditore
Hyundai i30 i30 2.0 t-gdi N Performance,https://www.autoscout24.it/annunci/hyundai-i30-i30-2-0-t-gdi-n-performance-benzina-grigio-cat_ma33mo19065-a852f809-cd4a-49bd-9b9b-b2a4cf37b3bb,Hyundai,i30,i30 2.0 t-gdi N Performance,22500,66000.0,Manuale,08/2018,Benzina,202 kW (275 CV),A&B Motorsport di Minisini Bryan & C. Snc • IT-39100 Bolzano - BZ,Rivenditore
Hyundai i30 N Line Mild-Hybrid,https://www.autoscout24.it/annunci/hyundai-i30-n-line-mild-hybrid-elettrica-benzina-grigio-cat_ma33mo19065-5ebe061b-b4a9-40ca-a0c1-352a5335025d,Hyundai,i30,N Line Mild-Hybrid,22900,32500.0,Automatico,08/2021,Elettrica/Benzina,117 kW (159 CV),"Privato,IT-39040 Luson",Privato
Hyundai i30 i30 2.0 t-gdi N Performance,https://www.autoscout24.it/annunci/hyundai-i30-i30-2-0-t-gdi-n-performance-benzina-blu-azzurro-cat_ma33mo19065-94d1f7b9-4070-4f6c-b4a2-d9a4854c9545,Hyundai,i30,i30 2.0 t-gdi N Performance,23000,65000.0,Manuale,06/2019,Benzina,202 kW (275 CV),J & L Luxury srl • IT-20126 Milano,Rivenditore
Hyundai i30 2.0 t-gdi N Performance,https://www.autoscout24.it/annunci/hyundai-i30-2-0-t-gdi-n-performance-benzina-cat_ma33mo19065-62e37518-7cfe-4314-8768-338321cac05d,Hyundai,i30,2.0 t-gdi N Performance,22500,104000.0,Manuale,02/2019,Benzina,202 kW (275 CV),"Privato,IT-32100 Belluno",Privato
Hyundai i30 Classic 2.0 T-GDI N Performance,https://www.autoscout24.it/annunci/hyundai-i30-classic-2-0-t-gdi-n-performance-benzina-nero-cat_ma33mo19065-a1c65d9b-31ec-43db-8c06-1ff6c46e3db0,Hyundai,i30,Classic 2.0 T-GDI N Performance,22500,98000.0,Manuale,03/2019,Benzina,202 kW (275 CV),TuaCar Brescia - Pavoni Auto Srl • IT-25080 Mazzano - Brescia - BS,Rivenditore
Hyundai i30 Wagon 1.0 t-gdi 48V Prime 120cv dct,https://www.autoscout24.it/annunci/hyundai-i30-wagon-1-0-t-gdi-48v-prime-120cv-dct-elettrica-benzina-cat_ma33mo19065-e05dceaf-2cc1-4848-8b5d-ee52b4bfdae6,Hyundai,i30,Wagon 1.0 t-gdi 48V Prime 120cv dct,23000,48000.0,Automatico,11/2023,Elettrica/Benzina,88 kW (120 CV),"Privato,IT-35132 Padova",Privato
Hyundai i30 i30 2.0 T-GDI 275 CV 5 porte N Performance NO VINCOLI,https://www.autoscout24.it/annunci/hyundai-i30-i30-2-0-t-gdi-275-cv-5-porte-n-performance-no-vincoli-benzina-blu-azzurro-cat_ma33mo19065-d23f8509-aa92-4412-a7ce-1f9ba4c6e61f,Hyundai,i30,i30 2.0 T-GDI 275 CV 5 porte N Performance NO VINCOLI,23200,65000.0,Manuale,10/2018,Benzina,202 kW (275 CV),Privacar Noale • IT-30033 Noale,Rivenditore
Hyundai i30 Fastback 2.0 T-GDI 275 CV N Performance,https://www.autoscout24.it/annunci/hyundai-i30-fastback-2-0-t-gdi-275-cv-n-performance-benzina-grigio-cat_ma33mo19065-7b083ca4-3386-4611-bce4-6a9b27b90466,Hyundai,i30,Fastback 2.0 T-GDI 275 CV N Performance,23450,52518.0,Manuale,12/2019,Benzina,202 kW (275 CV),Treviglio Auto Srl • IT-20062 Cassano d' Adda - Milano - MI,Rivenditore
Hyundai i30 i30 III 2017 5p 2.0 t-gdi N Performance my20,https://www.autoscout24.it/annunci/hyundai-i30-i30-iii-2017-5p-2-0-t-gdi-n-performance-my20-benzina-nero-cat_ma33mo19065-c9486c5c-3773-4bde-8556-7ba830760402,Hyundai,i30,i30 III 2017 5p 2.0 t-gdi N Performance my20,23900,32000.0,Manuale,11/2019,Benzina,202 kW (275 CV),"Privato,IT-32100 Belluno",Privato
Hyundai i30 2.0 t-gdi N my19,https://www.autoscout24.it/annunci/hyundai-i30-2-0-t-gdi-n-my19-benzina-cat_ma33mo19065-2708811f-ab86-49f1-a60a-5d8478408468,Hyundai,i30,2.0 t-gdi N my19,24000,52000.0,Manuale,01/2019,Benzina,184 kW (250 CV),"Privato,IT-54100 Massa",Privato
Hyundai i30 i30 III 2019 5p 2.0 t-gdi N Performance,https://www.autoscout24.it/annunci/hyundai-i30-i30-iii-2019-5p-2-0-t-gdi-n-performance-benzina-nero-cat_ma33mo19065-a96cf446-c1fb-4752-a079-4a0247de2950,Hyundai,i30,i30 III 2019 5p 2.0 t-gdi N Performance,23000,93000.0,Manuale,12/2019,Benzina,202 kW (275 CV),"Privato,IT-65122 Pescara",Privato
Hyundai i30 i30 Kombi 1.5 T-GDI 48V-Hybrid DCT N Line,https://www.autoscout24.it/annunci/hyundai-i30-i30-kombi-1-5-t-gdi-48v-hybrid-dct-n-line-benzina-grigio-cat_ma33mo19065-d22f9c72-0377-46ab-b4da-539770d7e003,Hyundai,i30,i30 Kombi 1.5 T-GDI 48V-Hybrid DCT N Line,23500,18000.0,Automatico,07/2024,Benzina,103 kW (140 CV),"Privato,IT-69434 Hirschhorn (Neckar), Stadt",Privato
Hyundai i30 i30 2.0 t-gdi N Performance,https://www.autoscout24.it/annunci/hyundai-i30-i30-2-0-t-gdi-n-performance-benzina-blu-azzurro-cat_ma33mo19065-94d1f7b9-4070-4f6c-b4a2-d9a4854c9545,Hyundai,i30,i30 2.0 t-gdi N Performance,23000,65000.0,Manuale,06/2019,Benzina,202 kW (275 CV),J & L Luxury srl • IT-20126 Milano,Rivenditore
Hyundai i30 2.0 t-gdi N Performance,https://www.autoscout24.it/annunci/hyundai-i30-2-0-t-gdi-n-performance-benzina-cat_ma33mo19065-f9747e5f-4ac0-4eb5-b769-e3713738bb76,Hyundai,i30,2.0 t-gdi N Performance,23900,78600.0,Manuale,10/2018,Benzina,202 kW (275 CV),"Privato,IT-19038 Sarzana",Privato
Hyundai i30 2.0 T-GDI 275 CV 5 porte N Performance,https://www.autoscout24.it/annunci/hyundai-i30-2-0-t-gdi-275-cv-5-porte-n-performance-benzina-blu-azzurro-cat_ma33mo19065-f26534de-f7d7-48fe-a820-e8b75e078ad1,Hyundai,i30,2.0 T-GDI 275 CV 5 porte N Performance,23900,40393.0,Manuale,06/2019,Benzina,202 kW (275 CV),Ferri Auto Spa • IT-31020 Lancenigo di  Villorba TV,Rivenditore
"Hyundai i30 PERFORMANCE 19"" RETROCAMERA SENS PARK KEYLESS ACCES PRONTA CONSEGNA",https://www.autoscout24.it/annunci/hyundai-i30-performance-19-retrocamera-sens-park-keyless-acces-pronta-consegna-benzina-nero-cat_ma33mo19065-c91895b9-2529-4bd4-8fba-6e48e4675611,Hyundai,i30,"PERFORMANCE 19"" RETROCAMERA SENS PARK KEYLESS ACCES PRONTA CONSEGNA",23600,60900.0,Manuale,03/2020,Benzina,202 kW (275 CV),Auto Ferrario srl • IT-21024 Biandronno - Varese - VA,Rivenditore
Hyundai i30 Hyundai i30N performance,https://www.autoscout24.it/annunci/hyundai-i30-hyundai-i30n-performance-benzina-blu-azzurro-cat_ma33mo19065-90e95290-b494-470a-85ea-554a8bac28a4,Hyundai,i30,Hyundai i30N performance,23600,74325.0,Manuale,10/2018,Benzina,202 kW (275 CV),Delta Motors  S.p.A. • IT-47921 Rimini - RN,Rivenditore
Hyundai i30 i30 2.0 t-gdi N Performance,https://www.autoscout24.it/annunci/hyundai-i30-i30-2-0-t-gdi-n-performance-benzina-blu-azzurro-cat_ma33mo19065-7da149de-e99f-43fd-a84e-9ecb75bda84a,Hyundai,i30,i30 2.0 t-gdi N Performance,24000,91069.0,Manuale,10/2018,Benzina,202 kW (275 CV),"Privato,IT-38068 Rovereto",Privato
Hyundai i30 2.0 t-gdi N,https://www.autoscout24.it/annunci/hyundai-i30-2-0-t-gdi-n-benzina-cat_ma33mo19065-cd673321-b9bc-44be-b4c7-b6c0a064b28e,Hyundai,i30,2.0 t-gdi N,23900,94900.0,Manuale,02/2018,Benzina,184 kW (250 CV),"Privato,IT-30036 Santa Maria di Sala",Privato
Hyundai i30 1.0 T-GDI DCT 48V 5 porte Business,https://www.autoscout24.it/annunci/hyundai-i30-1-0-t-gdi-dct-48v-5-porte-business-elettrica-benzina-nero-cat_ma33mo19065-dc6184b6-c945-4527-937b-23ba63ada227,Hyundai,i30,1.0 T-GDI DCT 48V 5 porte Business,23890,,Semiautomatico,new,Elettrica/Benzina,74 kW (101 CV),Youdrive Srl • IT-80035 Nola - Napoli - Na,Rivenditore
Hyundai i30 1.0 T-GDI DCT 48V 5 porte Business,https://www.autoscout24.it/annunci/hyundai-i30-1-0-t-gdi-dct-48v-5-porte-business-elettrica-benzina-grigio-cat_ma33mo19065-58954ff7-b654-4a67-8036-33f4fac87a4e,Hyundai,i30,1.0 T-GDI DCT 48V 5 porte Business,23890,,Semiautomatico,new,Elettrica/Benzina,74 kW (101 CV),Youdrive Srl • IT-80035 Nola - Napoli - Na,Rivenditore
Hyundai i30 Wagon 1.0 t-gdi 48V Prime 120cv dct,https://www.autoscout24.it/annunci/hyundai-i30-wagon-1-0-t-gdi-48v-prime-120cv-dct-elettrica-benzina-cat_ma33mo19065-e05dceaf-2cc1-4848-8b5d-ee52b4bfdae6,Hyundai,i30,Wagon 1.0 t-gdi 48V Prime 120cv dct,23000,48000.0,Automatico,11/2023,Elettrica/Benzina,88 kW (120 CV),"Privato,IT-35132 Padova",Privato
Hyundai i30 2.0 t-gdi N my19,https://www.autoscout24.it/annunci/hyundai-i30-2-0-t-gdi-n-my19-benzina-cat_ma33mo19065-4ce20f73-d3ac-43d9-b013-2c7632ea107f,Hyundai,i30,2.0 t-gdi N my19,24300,54000.0,Manuale,01/2019,Benzina,184 kW (250 CV),"Privato,IT-20053 Rodano",Privato
Hyundai i30 2.0 t-gdi N my19,https://www.autoscout24.it/annunci/hyundai-i30-2-0-t-gdi-n-my19-benzina-cat_ma33mo19065-2708811f-ab86-49f1-a60a-5d8478408468,Hyundai,i30,2.0 t-gdi N my19,24000,52000.0,Manuale,01/2019,Benzina,184 kW (250 CV),"Privato,IT-54100 Massa",Privato
Hyundai i30 i30 2.0 t-gdi N Performance,https://www.autoscout24.it/annunci/hyundai-i30-i30-2-0-t-gdi-n-performance-benzina-blu-azzurro-cat_ma33mo19065-4ddedc0c-a661-4ed1-b4f0-a87080e82187,Hyundai,i30,i30 2.0 t-gdi N Performance,24600,62630.0,Manuale,10/2018,Benzina,202 kW (275 CV),"Privato,IT-20854 Vedano al Lambro",Privato
Hyundai i30 2.0 t-gdi N Performance my19,https://www.autoscout24.it/annunci/hyundai-i30-2-0-t-gdi-n-performance-my19-benzina-cat_ma33mo19065-7baab97a-1ebd-407a-969d-b23fdd804845,Hyundai,i30,2.0 t-gdi N Performance my19,25000,51000.0,Manuale,01/2019,Benzina,202 kW (275 CV),"Privato,IT-51100 Pistoia",Privato
Hyundai i30 i30 2.0 t-gdi N Performance,https://www.autoscout24.it/annunci/hyundai-i30-i30-2-0-t-gdi-n-performance-benzina-blu-azzurro-cat_ma33mo19065-7da149de-e99f-43fd-a84e-9ecb75bda84a,Hyundai,i30,i30 2.0 t-gdi N Performance,24000,91069.0,Manuale,10/2018,Benzina,202 kW (275 CV),"Privato,IT-38068 Rovereto",Privato
Hyundai i30 i30 III 2017 5p 2.0 t-gdi N Performance,https://www.autoscout24.it/annunci/hyundai-i30-i30-iii-2017-5p-2-0-t-gdi-n-performance-benzina-blu-azzurro-cat_ma33mo19065-18923001-640d-485d-a34d-6b020fb1c6e8,Hyundai,i30,i30 III 2017 5p 2.0 t-gdi N Performance,24900,75000.0,Manuale,07/2018,Benzina,202 kW (275 CV),"Privato,IT-10100 Torino",Privato
Hyundai i30 2.0 t-gdi N Performance,https://www.autoscout24.it/annunci/hyundai-i30-2-0-t-gdi-n-performance-benzina-cat_ma33mo19065-3179de9f-104f-4465-866d-6ea0ee7152d4,Hyundai,i30,2.0 t-gdi N Performance,24800,80000.0,Manuale,01/2019,Benzina,202 kW (275 CV),"Privato,IT-21100 varese",Privato
Hyundai i30 i30,https://www.autoscout24.it/annunci/hyundai-i30-i30-elettrica-benzina-nero-cat_ma33mo19065-8fc53641-17c6-4638-b017-557c9998f970,Hyundai,i30,i30,24950,36999.0,Automatico,10/2021,Elettrica/Benzina,117 kW (159 CV),Eurotarget S.p.A. - Tu al centro • IT-40066 Pieve Di Cento - Bologna - Bo,Rivenditore
Hyundai i30 i30,https://www.autoscout24.it/annunci/hyundai-i30-i30-elettrica-benzina-nero-cat_ma33mo19065-a9e9a44b-6277-46db-b61b-b8f39e6d94cc,Hyundai,i30,i30,24950,36999.0,Automatico,09/2021,Elettrica/Benzina,117 kW (159 CV),Eurotarget S.p.A. - Tu al centro • IT-40066 Pieve Di Cento - Bologna - Bo,Rivenditore
Hyundai i30 1.6 CRDI 136CV 48V PRIME 6725 PROMO DEL MESE,https://www.autoscout24.it/annunci/hyundai-i30-1-6-crdi-136cv-48v-prime-6725-promo-del-mese-elettrica-benzina-bianco-cat_ma33mo19065-cafd997d-78fc-47b3-9862-f6c0f39f6f23,Hyundai,i30,1.6 CRDI 136CV 48V PRIME 6725 PROMO DEL MESE,24200,7500.0,Manuale,10/2020,Elettrica/Benzina,100 kW (136 CV),I.M. Spa • IT-00040 Ariccia - Roma,Rivenditore
Hyundai i30 2.0 T-GDI N Performance,https://www.autoscout24.it/annunci/hyundai-i30-2-0-t-gdi-n-performance-benzina-cat_ma33mo19065-c3505e04-d9f1-414d-84c4-9f9d5bb85a3d,Hyundai,i30,2.0 T-GDI N Performance,26000,68000.0,Manuale,11/2021,Benzina,206 kW (280 CV),"Privato,IT-39100 Bolzano",Privato
Hyundai i30 2.0 t-gdi N Performance my20,https://www.autoscout24.it/annunci/hyundai-i30-2-0-t-gdi-n-performance-my20-benzina-cat_ma33mo19065-c7c0abca-ff12-4f90-b7a0-24270900b57b,Hyundai,i30,2.0 t-gdi N Performance my20,26000,58000.0,Manuale,07/2020,Benzina,202 kW (275 CV),"Privato,IT-38023 cles",Privato
Hyundai i30 N 2.0 T-gdi 275cv N Performance dct SEDILI GUSCIO,https://www.autoscout24.it/annunci/hyundai-i30-n-2-0-t-gdi-275cv-n-performance-dct-sedili-guscio-benzina-nero-cat_ma33mo19065-f111150b-9016-4c4e-9719-2a3496574846,Hyundai,i30,N 2.0 T-gdi 275cv N Performance dct SEDILI GUSCIO,25900,89900.0,Automatico,07/2021,Benzina,206 kW (280 CV),Auto Camm Srl • IT-20811 Cesano Maderno - Monza Brianza - Mb,Rivenditore
Hyundai i30 2.0 t-gdi N Performance my19,https://www.autoscout24.it/annunci/hyundai-i30-2-0-t-gdi-n-performance-my19-benzina-cat_ma33mo19065-6069c2d0-c3e4-4edc-80ac-9e810622a644,Hyundai,i30,2.0 t-gdi N Performance my19,25900,41000.0,Manuale,01/2020,Benzina,202 kW (275 CV),"Privato,IT-38097 trento",Privato
Hyundai i30 2.0 t-gdi N Performance my19,https://www.autoscout24.it/annunci/hyundai-i30-2-0-t-gdi-n-performance-my19-benzina-cat_ma33mo19065-7baab97a-1ebd-407a-969d-b23fdd804845,Hyundai,i30,2.0 t-gdi N Performance my19,25000,51000.0,Manuale,01/2019,Benzina,202 kW (275 CV),"Privato,IT-51100 Pistoia",Privato
Hyundai i30 1.0 T-GDI iMT N Line,https://www.autoscout24.it/annunci/hyundai-i30-1-0-t-gdi-imt-n-line-benzina-grigio-cat_ma33mo19065-da7e49f3-f304-48c9-b196-3668fe407bca,Hyundai,i30,1.0 T-GDI iMT N Line,25900,20.0,Manuale,06/2026,Benzina,85 kW (116 CV),Ricci Group Srl • IT-33080 Fiume Veneto - Pordenone - Pn,Rivenditore
Hyundai i30 N Performance 2.0 T-GDI *PRE OPF 109DB,https://www.autoscout24.it/annunci/hyundai-i30-n-performance-2-0-t-gdi-pre-opf-109db-benzina-nero-cat_ma33mo19065-5929308c-54d2-4c2f-8dec-3959f0bf7ea7,Hyundai,i30,N Performance 2.0 T-GDI *PRE OPF 109DB,25900,71500.0,Manuale,05/2018,Benzina,202 kW (275 CV),Auto-Center.it • IT-38121 Trento - Tn,Rivenditore
Hyundai i30 i30 III 2017 5p 2.0 t-gdi N Performance my19,https://www.autoscout24.it/annunci/hyundai-i30-i30-iii-2017-5p-2-0-t-gdi-n-performance-my19-benzina-bianco-cat_ma33mo19065-9514d490-8955-47ba-818e-20632bb6f940,Hyundai,i30,i30 III 2017 5p 2.0 t-gdi N Performance my19,25900,118884.0,Manuale,09/2019,Benzina,202 kW (275 CV),Storti Srl • IT-27028 S.Martino Siccomario - Pavia - Pv,Rivenditore
Hyundai i30 2.0 T-GDI N Performance,https://www.autoscout24.it/annunci/hyundai-i30-2-0-t-gdi-n-performance-benzina-cat_ma33mo19065-c3505e04-d9f1-414d-84c4-9f9d5bb85a3d,Hyundai,i30,2.0 T-GDI N Performance,26000,68000.0,Manuale,11/2021,Benzina,206 kW (280 CV),"Privato,IT-39100 Bolzano",Privato
Hyundai i30 2.0 t-gdi N Performance my20,https://www.autoscout24.it/annunci/hyundai-i30-2-0-t-gdi-n-performance-my20-benzina-cat_ma33mo19065-c7c0abca-ff12-4f90-b7a0-24270900b57b,Hyundai,i30,2.0 t-gdi N Performance my20,26000,58000.0,Manuale,07/2020,Benzina,202 kW (275 CV),"Privato,IT-38023 cles",Privato
Hyundai i30 N PERFOMANCE 2.0 VARI COLORI E ALLESTIMENTI,https://www.autoscout24.it/annunci/hyundai-i30-n-perfomance-2-0-vari-colori-e-allestimenti-benzina-bianco-cat_ma33mo19065-60b0c59c-e901-4888-bd35-7da5cc54fd19,Hyundai,i30,N PERFOMANCE 2.0 VARI COLORI E ALLESTIMENTI,26900,26900.0,Manuale,12/2022,Benzina,202 kW (275 CV),Race Car Cremona srl • IT-26025 Pandino - CR,Rivenditore
Hyundai i30 N Performance 2.0 VARI COLORI E ALLESTIMENTI,https://www.autoscout24.it/annunci/hyundai-i30-n-performance-2-0-vari-colori-e-allestimenti-benzina-bianco-cat_ma33mo19065-7bcbf96d-a876-4849-9e5b-a61c831e7d5d,Hyundai,i30,N Performance 2.0 VARI COLORI E ALLESTIMENTI,26900,29000.0,Manuale,12/2022,Benzina,202 kW (275 CV),Race Car Srl • IT-37040 Z.a.i. - Verona - VR,Rivenditore
Hyundai i30 2.0 t-gdi N Performance,https://www.autoscout24.it/annunci/hyundai-i30-2-0-t-gdi-n-performance-benzina-cat_ma33mo19065-869fa6f2-3347-4433-9b57-0b84a933da4f,Hyundai,i30,2.0 t-gdi N Performance,27000,50000.0,Manuale,11/2019,Benzina,202 kW (275 CV),"Privato,IT-26035 Pieve San Giacomo",Privato
Hyundai i30 2.0 t-gdi N Performance,https://www.autoscout24.it/annunci/hyundai-i30-2-0-t-gdi-n-performance-benzina-cat_ma33mo19065-6d70b2aa-0718-4405-827d-bd33373620f9,Hyundai,i30,2.0 t-gdi N Performance,27200,59200.0,Manuale,10/2018,Benzina,240 kW (326 CV),"Privato,IT-23873 Missaglia",Privato
Hyundai i30 2.0 t-gdi N Performance my19,https://www.autoscout24.it/annunci/hyundai-i30-2-0-t-gdi-n-performance-my19-benzina-cat_ma33mo19065-9ff99cd7-b98d-4a63-a00d-4913eb79c682,Hyundai,i30,2.0 t-gdi N Performance my19,28000,32500.0,Manuale,08/2019,Benzina,202 kW (275 CV),"Privato,IT-38042 Baselga di Pinè",Privato
Hyundai i30 2.0 t-gdi N Performance,https://www.autoscout24.it/annunci/hyundai-i30-2-0-t-gdi-n-performance-benzina-cat_ma33mo19065-869fa6f2-3347-4433-9b57-0b84a933da4f,Hyundai,i30,2.0 t-gdi N Performance,27000,50000.0,Manuale,11/2019,Benzina,202 kW (275 CV),"Privato,IT-26035 Pieve San Giacomo",Privato
Hyundai i30 i30 III 2.0 t-gdi N Performance TRATTABILE,https://www.autoscout24.it/annunci/hyundai-i30-i30-iii-2-0-t-gdi-n-performance-trattabile-benzina-bianco-cat_ma33mo19065-209fcd7a-895e-4248-975f-323497b1e429,Hyundai,i30,i30 III 2.0 t-gdi N Performance TRATTABILE,28000,45000.0,Manuale,06/2019,Benzina,202 kW (275 CV),"Privato,IT-24125 Bergamo",Privato
Hyundai i30 i30 N Performance DCT 2.0 T-GDI 280CV,https://www.autoscout24.it/annunci/hyundai-i30-i30-n-performance-dct-2-0-t-gdi-280cv-benzina-blu-azzurro-cat_ma33mo19065-c3dfb5a6-b293-40d3-b6fd-a3800d1436a5,Hyundai,i30,i30 N Performance DCT 2.0 T-GDI 280CV,27890,73145.0,Semiautomatico,06/2021,Benzina,206 kW (280 CV),Scuderia 37 srl • IT-24010 Sorisole - Bergamo - BG,Rivenditore
Hyundai i30 1.0 T-GDI 115 CV 12V 5 porte Business,https://www.autoscout24.it/annunci/hyundai-i30-1-0-t-gdi-115-cv-12v-5-porte-business-benzina-argento-cat_ma33mo19065-40e10a76-55ac-4f10-bdd8-b00733581086,Hyundai,i30,1.0 T-GDI 115 CV 12V 5 porte Business,27100,,Manuale,new,Benzina,84 kW (114 CV),Eurotarget S.p.A. - Tu al centro • IT-40066 Pieve Di Cento - Bologna - Bo,Rivenditore
Hyundai i30 2.0 t-gdi N Performance my19,https://www.autoscout24.it/annunci/hyundai-i30-2-0-t-gdi-n-performance-my19-benzina-cat_ma33mo19065-9ff99cd7-b98d-4a63-a00d-4913eb79c682,Hyundai,i30,2.0 t-gdi N Performance my19,28000,32500.0,Manuale,08/2019,Benzina,202 kW (275 CV),"Privato,IT-38042 Baselga di Pinè",Privato
Hyundai i30 i30 III 2.0 t-gdi N Performance TRATTABILE,https://www.autoscout24.it/annunci/hyundai-i30-i30-iii-2-0-t-gdi-n-performance-trattabile-benzina-bianco-cat_ma33mo19065-209fcd7a-895e-4248-975f-323497b1e429,Hyundai,i30,i30 III 2.0 t-gdi N Performance TRATTABILE,28000,45000.0,Manuale,06/2019,Benzina,202 kW (275 CV),"Privato,IT-24125 Bergamo",Privato
Hyundai i30 i30 2.0 t-gdi N Performance dct TETTO STAGE 1,https://www.autoscout24.it/annunci/hyundai-i30-i30-2-0-t-gdi-n-performance-dct-tetto-stage-1-benzina-nero-cat_ma33mo19065-c633f3ed-60a8-4ac6-a800-c81c3905792f,Hyundai,i30,i30 2.0 t-gdi N Performance dct TETTO STAGE 1,28500,99000.0,Automatico,06/2021,Benzina,206 kW (280 CV),Delta Car Srl • IT-24062 Costa volpino - Bergamo - Bg,Rivenditore
Hyundai i30 1.0 T-GDI 115 CV 12V 5 porte N-Line,https://www.autoscout24.it/annunci/hyundai-i30-1-0-t-gdi-115-cv-12v-5-porte-n-line-benzina-argento-cat_ma33mo19065-b1fd9f0d-6404-43ac-b751-b2a9f821f748,Hyundai,i30,1.0 T-GDI 115 CV 12V 5 porte N-Line,28560,,Manuale,new,Benzina,84 kW (114 CV),Eurotarget S.p.A. - Tu al centro • IT-40066 Pieve Di Cento - Bologna - Bo,Rivenditore
Hyundai i30 Wagon 1.0 T-GDI 115 CV 12V Business,https://www.autoscout24.it/annunci/hyundai-i30-wagon-1-0-t-gdi-115-cv-12v-business-benzina-argento-cat_ma33mo19065-c591dfe6-745a-4e9b-a6a2-ac3021778371,Hyundai,i30,Wagon 1.0 T-GDI 115 CV 12V Business,28560,,Manuale,new,Benzina,84 kW (114 CV),Eurotarget S.p.A. - Tu al centro • IT-40066 Pieve Di Cento - Bologna - Bo,Rivenditore
Hyundai i30 i30 2.0 t-gdi N Performance,https://www.autoscout24.it/annunci/hyundai-i30-i30-2-0-t-gdi-n-performance-benzina-grigio-cat_ma33mo19065-e1a26a3f-9de4-43ca-a813-defac89cedd8,Hyundai,i30,i30 2.0 t-gdi N Performance,29900,99000.0,Manuale,07/2018,Benzina,294 kW (400 CV),"Privato,IT-38027 Malé",Privato
