Prezzo,Anni,Chilometraggio,Cambio,CV,Venditore,Distanza,is_Ibrido vs Benzina,is_Diesel vs Benzina,is_sport vs base,is_performance vs base,is_middle vs base,is NO vs NE,is Centro vs NE,is Sud_Isole vs NE
10400,4,132234,1,122,0,377,1,0,0,0,0,0,1,0
13000,5,154650,1,122,0,182,1,0,0,0,0,1,0,0
13000,7,198500,1,122,0,146,1,0,0,0,0,1,0,0
12780,5,133000,1,122,0,326,1,0,0,0,0,0,1,0
14233,7,117945,1,122,1,99,1,0,0,0,0,0,1,0
14990,5,110647,1,122,1,232,1,0,0,0,0,1,0,0
14900,4,127000,1,122,1,177,1,0,0,0,0,1,0,0
14900,7,140000,1,122,1,189,1,0,0,0,1,1,0,0
14900,4,135000,1,122,1,99,1,0,0,0,0,0,1,0
14100,6,167000,1,122,0,177,1,0,0,0,0,1,0,0
14799,7,117474,1,122,1,177,1,0,0,0,1,1,0,0
14799,7,117474,1,122,1,485,1,0,0,0,1,0,0,1
14799,7,117474,1,122,1,86,1,0,0,0,1,0,0,0
14799,7,117474,1,122,1,283,1,0,0,0,1,1,0,0
14799,7,117474,1,122,1,326,1,0,0,0,1,0,1,0
14799,7,117474,1,122,1,25,1,0,0,0,1,0,0,0
14799,7,117474,1,122,1,99,1,0,0,0,1,0,1,0
15900,5,69000,1,122,1,326,1,0,0,0,0,0,1,0
15090,5,119003,1,122,1,40,1,0,0,0,0,0,0,0
15690,4,119126,1,122,1,180,1,0,0,0,0,1,0,0
15690,4,119126,1,122,1,40,1,0,0,0,0,0,0,0
15090,5,119003,1,122,1,180,1,0,0,0,0,1,0,0
15500,6,104000,1,122,1,205,1,0,0,0,1,1,0,0
15500,6,102000,1,122,1,276,1,0,0,0,1,1,0,0
15299,7,115000,1,122,1,326,1,0,0,0,1,0,1,0
15700,6,106000,1,122,0,121,1,0,0,0,0,0,1,0
16000,6,120800,1,122,0,146,1,0,0,0,1,1,0,0
15900,7,94208,1,122,1,448,1,0,0,0,0,0,0,1
15500,4,123246,1,122,1,16,1,0,0,0,0,0,0,0
15500,7,158670,1,122,1,175,1,0,0,0,1,1,0,0
15900,6,70895,1,122,1,798,1,0,0,0,0,0,0,1
15500,5,128000,1,122,0,119,1,0,0,0,0,1,0,0
15090,5,119003,1,122,1,27,1,0,0,0,0,0,0,0
15790,4,122849,1,122,1,27,1,0,0,0,0,0,0,0
15790,4,122849,1,122,1,180,1,0,0,0,0,1,0,0
15790,4,122849,1,122,1,40,1,0,0,0,0,0,0,0
16000,6,61800,1,122,0,25,1,0,0,0,0,0,0,0
16990,5,51147,1,122,1,180,1,0,0,0,0,1,0,0
16490,5,87807,1,122,1,40,1,0,0,0,0,0,0,0
16990,5,51147,1,122,1,40,1,0,0,0,0,0,0,0
16290,4,122068,1,122,1,27,1,0,0,0,0,0,0,0
16490,5,87807,1,122,1,180,1,0,0,0,0,1,0,0
16990,4,80886,1,122,1,180,1,0,0,0,0,1,0,0
16690,4,105402,1,122,1,180,1,0,0,0,0,1,0,0
16490,4,96626,1,122,1,180,1,0,0,0,0,1,0,0
16490,4,96626,1,122,1,40,1,0,0,0,0,0,0,0
16990,4,80886,1,122,1,40,1,0,0,0,0,0,0,0
17000,4,150000,1,122,0,292,1,0,1,0,0,1,0,0
16900,7,98958,1,122,1,23,1,0,0,0,1,0,0,0
17000,5,55000,1,122,0,326,1,0,0,0,0,0,1,0
16900,5,128217,1,122,1,239,1,0,0,0,1,0,0,0
16500,7,97000,1,122,1,177,1,0,0,0,0,1,0,0
16900,4,84958,1,122,1,698,1,0,0,0,0,0,0,1
16900,4,110000,1,122,1,82,1,0,0,0,1,0,1,0
16500,7,102000,1,122,0,59,1,0,0,0,0,0,0,0
16900,6,101000,1,122,0,663,1,0,0,0,1,0,0,1
16499,6,71000,1,122,1,212,1,0,0,0,1,1,0,0
16900,5,83786,1,122,1,698,1,0,0,0,0,0,0,1
16800,7,93000,1,122,1,81,1,0,0,0,0,0,0,0
16900,5,56240,1,122,1,819,1,0,0,0,0,0,0,1
16900,7,110000,1,122,0,478,1,0,0,0,1,0,0,1
16900,6,98000,1,122,1,278,1,0,0,0,0,1,0,0
16950,5,103400,1,122,1,163,1,0,0,0,0,0,0,0
16290,4,120837,1,122,1,27,1,0,0,0,0,0,0,0
16690,4,105402,1,122,1,27,1,0,0,0,0,0,0,0
16290,4,120837,1,122,1,180,1,0,0,0,0,1,0,0
16290,4,122068,1,122,1,180,1,0,0,0,0,1,0,0
16290,4,122068,1,122,1,40,1,0,0,0,0,0,0,0
16290,4,120837,1,122,1,40,1,0,0,0,0,0,0,0
16190,4,105007,1,122,1,180,1,0,0,0,0,1,0,0
16190,4,105007,1,122,1,40,1,0,0,0,0,0,0,0
16690,4,105402,1,122,1,40,1,0,0,0,0,0,0,0
17000,4,146993,1,122,1,160,1,0,0,0,0,1,0,0
17690,5,70000,1,122,1,129,1,0,0,0,0,1,0,0
17900,4,99367,1,122,1,326,1,0,0,0,0,0,1,0
17990,6,83000,1,122,1,276,1,0,0,0,0,1,0,0
17800,4,126800,1,122,1,194,1,0,0,0,0,1,0,0
17900,3,111769,1,122,1,326,1,0,0,0,0,0,1,0
17900,3,104776,1,122,1,326,1,0,0,0,0,0,1,0
17900,7,68000,1,122,1,102,1,0,0,0,1,0,0,0
18000,7,66000,1,122,0,326,1,0,0,0,1,0,1,0
17200,7,77500,1,122,0,267,1,0,0,0,0,1,0,0
17900,6,92000,1,122,0,326,1,0,0,0,1,0,1,0
17900,4,61500,1,122,0,177,1,0,0,0,0,1,0,0
17800,5,66994,1,122,1,698,1,0,0,0,1,0,0,1
17400,5,83668,1,122,1,259,1,0,0,0,0,1,0,0
17200,4,90518,1,122,1,60,1,0,0,0,0,0,0,0
18000,4,90000,1,122,1,178,1,0,0,0,0,1,0,0
17490,4,99000,1,122,1,326,1,0,0,0,0,0,1,0
17800,5,97000,1,122,1,189,1,0,0,0,1,1,0,0
17900,4,87000,1,122,0,57,1,0,0,0,1,0,0,0
17700,7,68273,1,122,0,505,1,0,0,0,1,0,0,1
17500,4,84715,1,122,1,276,1,0,0,0,0,1,0,0
17500,7,121500,1,122,0,103,1,0,0,0,1,0,0,0
17900,3,113900,1,122,1,326,1,0,0,0,0,0,1,0
17600,7,74000,1,122,1,326,1,0,0,0,0,0,1,0
17900,4,98456,1,122,1,259,1,0,0,0,0,1,0,0
17890,3,90544,1,122,1,383,1,0,0,0,0,0,1,0
17500,4,104000,1,122,1,183,1,0,0,0,0,1,0,0
17900,5,93308,1,122,1,106,1,0,0,0,0,1,0,0
17900,6,61000,1,122,1,893,1,0,0,0,0,0,0,1
18000,6,162386,1,122,0,234,1,0,0,0,0,0,0,0
18900,7,116900,1,122,1,103,1,0,0,0,1,0,0,0
18900,3,86860,1,122,1,326,1,0,0,0,0,0,1,0
18300,3,106761,1,122,1,326,1,0,0,0,0,0,1,0
18499,3,100522,1,122,1,326,1,0,0,0,0,0,1,0
18499,3,100676,1,122,1,326,1,0,0,0,0,0,1,0
18900,3,90734,1,122,1,326,1,0,0,0,0,0,1,0
18600,3,99193,1,122,1,326,1,0,0,0,0,0,1,0
18499,3,101792,1,122,1,326,1,0,0,0,0,0,1,0
19000,6,86000,1,122,0,182,1,0,0,0,1,1,0,0
19000,7,63300,1,122,0,750,1,0,0,0,1,0,0,1
18500,6,84500,1,122,0,163,1,0,0,0,1,0,0,0
18900,3,74000,1,122,1,189,1,0,0,0,0,1,0,0
18500,6,109000,1,122,0,226,1,0,0,0,1,0,0,0
18900,6,103473,1,122,1,30,1,0,0,0,1,0,0,0
18900,5,102879,1,122,1,142,1,0,0,0,0,0,0,0
18900,7,98500,1,122,0,189,1,0,0,0,1,1,0,0
18400,4,81865,1,122,1,177,1,0,0,0,0,1,0,0
18900,7,104505,1,122,1,116,1,0,0,0,1,0,0,0
18250,5,85960,1,122,1,222,1,0,0,0,0,1,0,0
18400,5,113638,1,122,0,858,1,0,0,0,1,0,0,1
19000,4,75798,1,122,1,326,1,0,0,0,0,0,1,0
18490,4,87000,1,122,1,208,1,0,0,0,0,1,0,0
18199,4,89800,1,122,1,68,1,0,0,0,0,0,0,0
18900,4,75651,1,122,1,22,1,0,0,0,0,0,0,0
18500,4,70000,1,122,1,448,1,0,0,0,0,0,0,1
18100,4,89477,1,122,1,160,1,0,0,0,0,1,0,0
18900,5,74901,1,122,1,276,1,0,0,0,0,1,0,0
18700,3,97412,1,122,1,326,1,0,0,0,0,0,1,0
19000,4,92875,1,122,1,611,1,0,0,0,0,0,0,1
19000,7,126010,1,122,0,326,1,0,0,0,0,0,1,0
18499,3,101768,1,122,1,326,1,0,0,0,0,0,1,0
18499,3,101037,1,122,1,326,1,0,0,0,0,0,1,0
18800,3,94228,1,122,1,326,1,0,0,0,0,0,1,0
19900,3,93964,1,122,1,55,1,0,0,0,0,0,0,0
19900,4,53824,1,122,1,121,1,0,0,0,1,1,0,0
19400,5,65154,1,122,1,326,1,0,0,0,1,0,1,0
19500,4,54959,1,122,1,307,1,0,0,0,0,0,0,1
19100,3,82538,1,122,1,326,1,0,0,0,0,0,1,0
19900,3,75000,1,122,1,178,1,0,0,0,0,1,0,0
19900,4,68833,1,122,1,121,1,0,0,0,1,1,0,0
19400,3,83739,1,122,1,259,1,0,0,0,0,1,0,0
19400,6,74000,1,122,1,215,1,0,0,0,0,0,0,0
19990,7,50000,1,122,1,208,1,0,0,0,1,1,0,0
19800,3,93051,1,122,1,186,1,0,0,0,0,1,0,0
19900,4,99397,1,122,1,142,1,0,0,0,1,0,0,0
19500,5,71000,1,122,0,326,1,0,0,0,0,0,1,0
20000,5,95000,1,122,0,914,1,0,0,0,1,0,0,1
19800,4,75000,1,122,1,120,1,0,0,0,0,0,0,0
19900,3,110045,1,122,1,307,1,0,0,0,0,0,0,1
19890,3,103909,1,122,1,572,1,0,0,0,0,0,0,1
19950,3,118908,1,122,1,160,1,0,0,0,0,1,0,0
19400,4,70143,1,122,1,65,1,0,0,0,0,0,0,0
19900,7,79513,1,122,1,798,1,0,0,0,1,0,0,1
20900,4,91074,1,122,1,222,1,0,0,0,1,1,0,0
20800,4,50000,1,122,1,177,1,0,0,0,0,1,0,0
20900,5,70450,1,122,1,103,1,0,0,0,1,0,0,0
20900,6,29000,1,122,1,492,1,0,0,0,1,0,0,1
20700,5,51700,1,122,1,169,1,0,0,0,0,1,0,0
20500,5,52200,1,122,0,92,1,0,0,0,0,0,1,0
21000,5,97000,1,122,0,131,1,0,0,0,1,0,0,0
21900,5,59780,1,122,1,326,1,0,0,0,0,0,1,0
21990,6,25866,1,122,1,25,1,0,0,0,1,0,0,0
21900,4,135000,1,122,0,476,1,0,0,0,1,0,0,1
21800,2,40000,1,122,0,326,1,0,0,0,0,0,1,0
21500,6,100000,1,122,0,16,1,0,0,0,1,0,0,0
21500,4,50000,1,122,1,162,1,0,0,0,1,1,0,0
22000,4,40000,1,122,0,265,1,0,0,0,0,1,0,0
21400,5,30000,1,122,0,383,1,0,0,0,1,0,1,0
21900,4,64500,1,122,1,103,1,0,0,0,0,0,0,0
21500,4,47500,1,122,1,171,1,0,0,0,1,1,0,0
21900,3,104153,1,122,1,116,1,0,0,0,0,0,0,0
22400,6,53972,1,122,1,222,1,0,0,0,1,1,0,0
23000,5,125000,1,122,0,99,1,0,0,0,1,0,0,0
22200,4,40000,1,122,1,239,1,0,0,0,0,0,0,0
22900,4,66130,1,122,1,97,1,0,0,0,1,0,0,0
22490,3,73189,1,122,1,42,1,0,0,0,0,0,0,0
22500,4,41866,1,122,1,326,1,0,0,0,0,0,1,0
22900,3,78968,1,122,1,116,1,0,0,0,0,0,0,0
22990,3,83000,1,122,1,208,1,0,0,0,0,1,0,0
22900,3,79717,1,122,1,116,1,0,0,0,0,0,0,0
22900,3,90875,1,122,1,116,1,0,0,0,0,0,0,0
22900,3,88334,1,122,1,116,1,0,0,0,0,0,0,0
22900,3,82891,1,122,1,116,1,0,0,0,0,0,0,0
23990,4,76158,1,122,1,42,1,0,0,0,1,0,0,0
23600,2,70000,1,122,1,177,1,0,0,0,0,1,0,0
25000,3,15000,1,122,0,140,1,0,1,0,0,0,1,0
24500,3,67000,1,122,0,163,1,0,1,0,0,0,0,0
25000,3,50000,1,122,0,288,1,0,1,0,0,1,0,0
25000,3,40200,1,122,0,326,1,0,0,0,1,0,1,0
24200,3,86700,1,122,1,326,1,0,0,0,1,0,1,0
25000,3,80000,1,122,0,5,1,0,0,0,1,0,0,0
25000,3,48000,1,122,0,326,1,0,1,0,0,0,1,0
24900,3,78541,1,122,1,116,1,0,1,0,0,0,0,0
24950,1,47819,1,122,1,611,1,0,0,0,0,0,0,1
25900,3,113000,1,122,1,269,1,0,0,0,1,0,1,0
26400,3,32811,1,122,1,259,1,0,1,0,0,1,0,0
26500,5,8500,1,122,0,793,1,0,0,0,1,0,0,1
27000,2,42500,1,122,0,239,1,0,0,0,1,1,0,0
26466,4,92575,1,122,1,99,1,0,0,0,1,0,1,0
26900,3,84600,1,122,1,326,1,0,0,0,1,0,1,0
26900,3,73700,1,122,1,116,1,0,0,0,0,0,0,0
27900,3,72228,1,122,1,205,1,0,0,0,1,1,0,0
27900,2,23245,1,122,1,116,1,0,1,0,0,0,0,0
27900,3,73846,1,122,1,222,1,0,0,0,1,1,0,0
28990,2,43000,1,122,1,326,1,0,1,0,0,0,1,0
28900,2,51500,1,122,0,266,1,0,1,0,0,0,1,0
28500,3,27694,1,122,1,276,1,0,0,0,1,1,0,0
28400,2,50000,1,122,1,190,1,0,0,0,1,1,0,0
29000,0,10,1,122,1,178,1,0,0,0,0,1,0,0
29000,2,49153,1,122,1,166,1,0,0,0,1,1,0,0
29700,0,10,1,122,1,185,1,0,0,0,0,1,0,0
29500,0,10,1,122,1,178,1,0,0,0,0,1,0,0
29300,0,10,1,122,1,116,1,0,0,0,0,0,0,0
29900,2,46000,1,122,1,177,1,0,0,0,1,1,0,0
29500,0,1,1,122,1,177,1,0,0,0,0,1,0,0
29500,0,10,1,122,1,178,1,0,0,0,0,1,0,0
29500,0,10,1,122,1,178,1,0,0,0,0,1,0,0
29500,0,10,1,122,1,178,1,0,0,0,0,1,0,0
29900,0,10,1,122,1,189,1,0,0,0,0,1,0,0
17400,5,106400,1,184,1,190,1,0,0,0,0,1,0,0
17800,5,73000,1,122,1,162,1,0,0,0,0,0,0,0
17500,7,25000,1,122,1,276,1,0,0,0,0,1,0,0
21400,5,66800,1,122,1,159,1,0,0,0,0,0,0,0
19800,7,54600,1,122,1,628,1,0,0,0,0,0,0,1
21400,7,48600,1,184,1,628,1,0,0,0,1,0,0,1
22900,7,25767,1,184,1,233,1,0,0,0,1,1,0,0
21000,7,69681,1,122,1,628,1,0,0,0,0,0,0,1
23900,4,25000,1,122,1,164,0,0,0,0,0,0,1,0
21900,7,60905,1,122,1,628,1,0,0,0,1,0,0,1
8800,3,130000,1,122,1,103,1,0,0,0,1,0,0,0
12500,7,159000,1,122,1,298,1,0,0,0,0,0,1,0
13500,6,153000,1,122,1,87,1,0,0,0,1,0,0,0
14600,5,140602,1,122,1,512,1,0,0,0,1,0,0,1
14799,7,117474,1,184,1,485,1,0,0,0,1,0,0,1
14799,7,117474,1,184,1,628,1,0,0,0,1,0,0,1
14799,7,117474,1,184,1,283,1,0,0,0,1,1,0,0
14799,7,117474,1,184,1,99,1,0,0,0,1,0,1,0
14799,7,117474,1,184,1,750,1,0,0,0,1,0,0,1
14799,7,117474,1,184,1,326,1,0,0,0,1,0,1,0
14900,7,135000,1,122,1,183,1,0,0,0,0,1,0,0
14900,7,158000,1,184,1,174,1,0,0,0,1,1,0,0
15090,5,119003,1,122,1,180,1,0,0,0,0,1,0,0
15090,5,119003,1,122,1,40,1,0,0,0,0,0,0,0
15199,7,117474,1,184,1,177,1,0,0,0,1,1,0,0
15199,7,117474,1,184,1,130,1,0,0,0,1,0,1,0
15199,7,117474,1,184,1,611,1,0,0,0,1,0,0,1
15299,7,115000,1,184,1,326,1,0,0,0,1,0,1,0
15500,4,123246,1,122,1,16,1,0,0,0,0,0,0,0
15600,7,129000,1,122,1,141,1,0,0,0,1,0,0,0
15690,4,119126,1,122,1,180,1,0,0,0,0,1,0,0
15690,4,119126,1,122,1,40,1,0,0,0,0,0,0,0
15790,4,122849,1,122,1,180,1,0,0,0,0,1,0,0
15790,4,122849,1,122,1,40,1,0,0,0,0,0,0,0
15900,4,116000,1,122,1,350,1,0,0,0,1,0,1,0
15900,6,111000,1,122,1,326,1,0,0,0,0,0,1,0
16190,4,105007,1,122,1,180,1,0,0,0,0,1,0,0
16290,4,120837,1,122,1,180,1,0,0,0,0,1,0,0
16290,4,122068,1,122,1,180,1,0,0,0,0,1,0,0
16290,4,120837,1,122,1,40,1,0,0,0,0,0,0,0
16290,4,122068,1,122,1,40,1,0,0,0,0,0,0,0
16400,7,89000,1,122,1,163,1,0,0,0,0,1,0,0
16490,5,87807,1,122,1,40,1,0,0,0,0,0,0,0
16490,5,87807,1,122,1,180,1,0,0,0,0,1,0,0
16490,4,96626,1,122,1,180,1,0,0,0,0,1,0,0
16490,4,96626,1,122,1,40,1,0,0,0,0,0,0,0
16500,7,120000,1,122,1,106,1,0,0,0,0,0,1,0
16500,7,97000,1,184,1,177,1,0,0,0,1,1,0,0
16690,4,105402,1,122,1,180,1,0,0,0,0,1,0,0
16690,4,105402,1,122,1,40,1,0,0,0,0,0,0,0
16800,6,106000,1,122,1,326,1,0,0,0,0,0,1,0
16900,7,98958,1,122,1,16,1,0,0,0,1,0,0,0
16900,4,84958,1,122,1,698,1,0,0,0,0,0,0,1
16990,6,120869,1,184,1,40,1,0,0,0,0,0,0,0
16990,6,120869,1,184,1,180,1,0,0,0,0,1,0,0
16990,4,80886,1,122,1,180,1,0,0,0,0,1,0,0
16990,5,51147,1,122,1,180,1,0,0,0,0,1,0,0
16990,5,51147,1,122,1,40,1,0,0,0,0,0,0,0
17000,4,146993,1,122,1,488,1,0,0,0,0,0,0,1
17000,4,146993,1,122,1,86,1,0,0,0,0,0,0,0
17000,4,146993,1,122,1,22,1,0,0,0,0,0,0,0
17000,4,146993,1,122,1,99,1,0,0,0,0,0,1,0
17000,4,146993,1,122,1,326,1,0,0,0,0,0,1,0
17200,4,74308,1,122,1,698,1,0,0,0,0,0,0,1
17400,5,83668,1,122,1,259,1,0,0,0,0,1,0,0
17500,5,118000,1,184,1,326,1,0,0,0,0,0,1,0
17500,5,103400,1,122,1,163,1,0,0,0,0,0,0,0
17800,5,98000,1,122,1,326,1,0,0,0,0,0,1,0
17890,3,90544,1,122,1,383,1,0,0,0,0,0,1,0
17900,6,61000,1,122,1,896,1,0,0,0,0,0,0,1
17900,3,103000,1,122,1,326,1,0,0,0,0,0,1,0
17900,3,111769,1,122,1,326,1,0,0,0,0,0,1,0
17900,3,110000,1,122,1,326,1,0,0,0,0,0,1,0
17900,3,104776,1,122,1,326,1,0,0,0,0,0,1,0
17900,4,98456,1,122,1,259,1,0,0,0,0,1,0,0
17900,3,113900,1,122,1,326,1,0,0,0,0,0,1,0
17990,6,83000,1,122,1,276,1,0,0,0,0,1,0,0
17999,5,35614,1,122,1,157,1,0,0,0,0,1,0,0
17999,4,70000,1,122,1,40,1,0,0,0,0,0,0,0
18100,4,89477,1,122,1,86,1,0,0,0,0,0,0,0
18100,4,89477,1,122,1,488,1,0,0,0,0,0,0,1
18100,4,89477,1,122,1,99,1,0,0,0,0,0,1,0
18100,4,89477,1,122,1,22,1,0,0,0,0,0,0,0
18100,4,89477,1,122,1,326,1,0,0,0,0,0,1,0
18250,5,85960,1,122,1,222,1,0,0,0,0,1,0,0
18300,3,106761,1,122,1,326,1,0,0,0,0,0,1,0
18400,7,58076,0,184,1,87,1,0,0,0,1,1,0,0
18400,7,58076,0,184,1,326,1,0,0,0,1,0,1,0
18400,7,58076,0,184,1,177,1,0,0,0,1,1,0,0
18400,7,58076,0,184,1,86,1,0,0,0,1,0,0,0
18500,4,111000,1,122,1,329,1,0,0,0,0,0,1,0
18500,3,101768,1,122,1,326,1,0,0,0,0,0,1,0
18500,3,101792,1,122,1,326,1,0,0,0,0,0,1,0
18500,3,100676,1,122,1,326,1,0,0,0,0,0,1,0
18500,3,101037,1,122,1,326,1,0,0,0,0,0,1,0
18500,3,100522,1,122,1,326,1,0,0,0,0,0,1,0
18500,5,74000,1,122,1,628,1,0,0,0,0,0,0,1
18500,5,18500,0,116,1,132,0,0,0,0,1,0,0,0
18600,3,99193,1,122,1,326,1,0,0,0,0,0,1,0
18700,7,91000,1,184,1,156,1,0,0,0,1,0,0,0
18700,3,97412,1,122,1,326,1,0,0,0,0,0,1,0
18800,3,94228,1,122,1,326,1,0,0,0,0,0,1,0
18900,7,116900,1,184,1,102,1,0,0,0,1,0,0,0
18900,3,86860,1,122,1,326,1,0,0,0,0,0,1,0
18900,3,90734,1,122,1,326,1,0,0,0,0,0,1,0
18900,6,103473,1,184,1,16,1,0,0,0,1,0,0,0
18900,5,74901,1,122,1,276,1,0,0,0,0,1,0,0
18900,5,71000,1,122,1,326,1,0,0,0,0,0,1,0
18900,7,104505,1,184,1,106,1,0,0,0,1,0,0,0
19000,4,75798,1,122,1,86,1,0,0,0,0,0,0,0
19000,4,92875,1,122,1,488,1,0,0,0,0,0,0,1
19000,4,92875,1,122,1,99,1,0,0,0,0,0,1,0
19000,4,92875,1,122,1,86,1,0,0,0,0,0,0,0
19000,4,75798,1,122,1,99,1,0,0,0,0,0,1,0
19000,4,75798,1,122,1,488,1,0,0,0,0,0,0,1
19000,4,92875,1,122,1,22,1,0,0,0,0,0,0,0
19100,3,82538,1,122,1,326,1,0,0,0,0,0,1,0
19400,6,74000,1,184,1,215,1,0,0,0,0,0,0,0
19400,5,65154,1,184,1,326,1,0,0,0,1,0,1,0
19400,5,65154,1,184,1,86,1,0,0,0,1,0,0,0
19400,5,65154,1,184,1,177,1,0,0,0,1,1,0,0
19400,3,83739,1,122,1,259,1,0,0,0,0,1,0,0
19400,5,65154,1,184,1,87,1,0,0,0,1,1,0,0
19500,4,54959,1,122,1,307,1,0,0,0,0,0,0,1
19600,4,52481,1,122,1,202,1,0,0,0,0,1,0,0
19800,7,113250,1,184,1,189,1,0,0,0,1,1,0,0
19800,5,63000,1,122,1,326,1,0,0,0,0,0,1,0
19800,5,97000,1,122,1,326,1,0,0,0,0,0,1,0
19800,4,75000,1,122,1,120,1,0,0,0,0,0,0,0
19800,3,93051,1,122,1,186,1,0,0,0,0,1,0,0
19900,4,50000,1,184,1,106,1,0,0,0,0,0,0,0
19900,3,110045,1,122,1,307,1,0,0,0,0,0,0,1
20500,5,32843,1,184,1,750,1,0,0,0,1,0,0,1
20501,6,74997,1,184,1,242,1,0,0,0,0,0,0,0
20800,6,60000,1,122,1,326,1,0,0,0,0,0,1,0
20900,4,36666,1,122,1,276,1,0,0,0,1,1,0,0
20900,6,29000,1,184,1,473,1,0,0,0,1,0,0,1
20900,4,91074,1,122,1,222,1,0,0,0,1,1,0,0
20900,5,70450,1,184,1,102,1,0,0,0,1,0,0,0
20900,3,78000,1,122,1,326,1,0,0,0,0,0,1,0
21500,4,47500,1,122,1,169,1,0,0,0,1,1,0,0
21800,4,49000,1,122,1,326,1,0,0,0,0,0,1,0
21900,5,59780,1,122,1,326,1,0,0,0,0,0,1,0
21900,6,94540,1,184,1,478,1,0,0,0,1,0,0,1
21900,3,104153,1,122,1,106,1,0,0,0,0,0,0,0
21900,4,64500,1,122,1,102,1,0,0,0,0,0,0,0
22400,6,53972,1,184,1,222,1,0,0,0,1,1,0,0
22490,3,73189,1,122,1,89,1,0,0,0,0,0,0,0
22500,4,41866,1,122,1,326,1,0,0,0,0,0,1,0
22500,4,66784,1,184,1,478,1,0,0,0,1,0,0,1
22800,5,75000,1,122,1,326,1,0,0,0,0,0,1,0
22900,4,66130,1,122,1,106,1,0,0,0,1,0,0,0
22900,3,82891,1,122,1,106,1,0,0,0,0,0,0,0
22900,3,78968,1,122,1,106,1,0,0,0,0,0,0,0
22900,3,88334,1,122,1,106,1,0,0,0,0,0,0,0
22900,3,90875,1,122,1,106,1,0,0,0,0,0,0,0
22900,3,79717,1,122,1,106,1,0,0,0,0,0,0,0
23500,4,50000,1,122,1,511,1,0,0,0,0,0,0,1
23990,4,76158,1,184,1,89,1,0,0,0,1,0,0,0
24500,5,53000,1,184,1,174,1,0,1,0,0,0,0,0
24900,3,78541,1,122,1,106,1,0,1,0,0,0,0,0
25500,3,22700,1,122,1,304,1,0,1,0,0,0,0,1
26400,3,32811,1,122,1,286,1,0,1,0,0,1,0,0
26500,3,6,1,196,1,192,1,0,1,0,0,1,0,0
26900,3,54838,1,122,1,16,1,0,1,0,0,0,0,0
26900,3,73700,1,122,1,106,1,0,0,0,0,0,0,0
27900,2,23245,1,122,1,106,1,0,1,0,0,0,0,0
27900,0,1615,1,122,1,177,1,0,0,0,0,1,0,0
27900,0,1615,1,122,1,86,1,0,0,0,0,0,0,0
27900,0,1615,1,122,1,326,1,0,0,0,0,0,1,0
27900,0,1615,1,122,1,87,1,0,0,0,0,1,0,0
28800,2,25274,1,140,1,588,1,0,0,0,1,0,0,1
28900,0,2013,1,122,1,177,1,0,0,0,0,1,0,0
28900,0,2013,1,122,1,326,1,0,0,0,0,0,1,0
28900,0,2013,1,122,1,86,1,0,0,0,0,0,0,0
28990,2,43000,1,122,1,326,1,0,1,0,0,0,1,0
29300,0,10,1,122,1,106,1,0,0,0,0,0,0,0
29700,0,6,1,122,1,187,0,1,0,0,0,1,0,0
15800,7,70000,1,122,1,92,0,1,0,0,0,0,1,0
22500,4,66784,1,184,1,505,0,1,0,0,1,0,0,1
21500,4,47500,1,122,1,169,1,0,0,0,1,1,0,0
21000,4,67000,1,184,0,103,1,0,0,0,1,0,0,0
21990,6,25866,1,184,1,25,1,0,0,0,1,0,0,0
16900,5,128217,1,184,1,234,0,1,0,0,1,0,0,0
16900,5,128217,1,184,1,233,0,1,0,0,1,0,0,0
16900,5,128217,1,184,1,186,0,1,0,0,1,0,0,0
16990,5,51147,1,122,1,180,1,0,0,0,0,1,0,0
16990,5,51147,1,122,1,40,1,0,0,0,0,0,0,0
21900,6,94540,1,184,1,505,1,0,0,0,1,0,0,1
15900,6,85369,1,122,1,541,1,0,0,0,0,0,0,1
27900,0,1615,1,122,1,87,1,0,0,0,0,1,0,0
20000,7,69000,1,184,0,116,1,0,0,0,1,0,1,0
24900,3,78541,1,122,1,106,0,1,1,0,0,0,0,0
16950,5,103400,1,122,1,135,0,1,0,0,0,0,0,0
20900,3,78000,1,122,1,326,1,0,0,0,0,0,1,0
26500,3,0,1,196,1,192,1,0,1,0,0,1,0,0
16500,7,97000,1,184,1,177,1,0,0,0,1,1,0,0
19700,4,55036,1,122,1,326,1,0,0,0,0,0,1,0
17890,3,90544,1,122,1,383,1,0,0,0,0,0,1,0
17900,3,104776,1,122,1,326,1,0,0,0,0,0,1,0
18400,7,58076,0,184,1,86,1,0,0,0,1,0,0,0
19400,5,65154,1,184,1,87,1,0,0,0,1,1,0,0
17250,5,94599,1,122,1,165,0,1,0,0,0,0,0,0
18900,7,104505,1,184,1,106,0,1,0,0,1,0,0,0
19000,4,92875,1,122,1,488,1,0,0,0,0,0,0,1
19000,4,92875,1,122,1,86,1,0,0,0,0,0,0,0
19000,4,92875,1,122,1,99,1,0,0,0,0,0,1,0
19000,4,92875,1,122,1,22,1,0,0,0,0,0,0,0
19000,4,92875,1,122,1,326,1,0,0,0,0,0,1,0
18500,4,111000,1,122,1,329,1,0,0,0,0,0,1,0
14600,5,140602,1,122,1,512,1,0,0,0,1,0,0,1
13500,6,153000,1,122,1,87,1,0,0,0,1,0,0,0
17900,4,98456,1,122,1,259,0,1,0,0,0,1,0,0
19400,3,83739,1,122,1,259,0,1,0,0,0,1,0,0
17500,5,118000,1,184,1,326,1,0,0,0,0,0,1,0
16900,5,56240,1,122,1,819,1,0,0,0,0,0,0,1
23500,4,50000,1,122,1,485,0,1,0,0,0,0,0,1
29300,0,10,1,122,1,106,0,1,0,0,0,0,0,0
17900,4,99367,1,122,1,326,1,0,0,0,0,0,1,0
20501,6,74997,1,184,1,242,0,1,0,0,0,0,0,0
20900,5,43257,1,122,1,819,1,0,0,0,0,0,0,1
17000,4,146993,1,122,1,488,1,0,0,0,0,0,0,1
17000,4,146993,1,122,1,326,1,0,0,0,0,0,1,0
17000,4,146993,1,122,1,99,1,0,0,0,0,0,1,0
17000,4,146993,1,122,1,22,1,0,0,0,0,0,0,0
17000,4,146993,1,122,1,86,1,0,0,0,0,0,0,0
17900,3,110000,1,122,1,326,1,0,0,0,0,0,1,0
17900,3,103000,1,122,1,326,1,0,0,0,0,0,1,0
18700,7,56000,1,122,1,99,0,0,0,0,0,0,0,0
16400,7,89000,1,122,1,163,1,0,0,0,0,1,0,0
17990,6,83000,1,122,1,276,1,0,0,0,0,1,0,0
16490,5,87807,1,122,1,180,1,0,0,0,0,1,0,0
16490,5,87807,1,122,1,40,1,0,0,0,0,0,0,0
17400,5,83668,1,122,1,259,0,1,0,0,0,1,0,0
26400,3,32811,1,122,1,286,0,1,1,0,0,1,0,0
14900,7,140000,1,122,1,189,1,0,0,0,0,1,0,0
19400,5,65154,1,184,1,86,1,0,0,0,1,0,0,0
28900,0,2013,1,122,1,86,1,0,0,0,0,0,0,0
17800,4,126800,1,122,1,189,0,1,0,0,0,1,0,0
18900,5,74901,1,122,1,276,1,0,0,0,0,1,0,0
14900,7,158000,1,184,1,174,1,0,0,0,1,1,0,0
16290,4,120837,1,122,1,40,1,0,0,0,0,0,0,0
16290,4,120837,1,122,1,180,1,0,0,0,0,1,0,0
22400,6,53972,1,184,1,222,0,1,0,0,1,1,0,0
16290,4,122068,1,122,1,180,1,0,0,0,0,1,0,0
16290,4,122068,1,122,1,40,1,0,0,0,0,0,0,0
20000,4,27300,1,122,0,208,1,0,0,0,0,1,0,0
18900,5,71000,1,122,1,326,1,0,0,0,0,0,1,0
16190,4,105007,1,122,1,180,1,0,0,0,0,1,0,0
16190,4,105007,1,122,1,40,1,0,0,0,0,0,0,0
19800,4,75000,1,122,1,120,1,0,0,0,0,0,0,0
18500,5,18500,0,116,1,132,0,0,0,0,1,0,0,0
16990,4,80886,1,122,1,180,1,0,0,0,0,1,0,0
16990,4,80886,1,122,1,40,1,0,0,0,0,0,0,0
26900,3,73700,1,122,1,88,0,1,0,0,0,0,0,0
8800,3,130000,1,122,1,103,1,0,0,0,1,0,0,0
15090,5,119003,1,122,1,40,1,0,0,0,0,0,0,0
15090,5,119003,1,122,1,180,1,0,0,0,0,1,0,0
16490,4,96626,1,122,1,40,1,0,0,0,0,0,0,0
16490,4,96626,1,122,1,180,1,0,0,0,0,1,0,0
22900,3,79717,1,122,1,106,0,1,0,0,0,0,0,0
22900,3,90875,1,122,1,106,0,1,0,0,0,0,0,0
16900,7,98958,1,122,1,23,1,0,0,0,1,0,0,0
18100,4,89477,1,122,1,22,1,0,0,0,0,0,0,0
19000,4,75798,1,122,1,99,1,0,0,0,0,0,1,0
19000,4,75798,1,122,1,22,1,0,0,0,0,0,0,0
19000,4,75798,1,122,1,326,1,0,0,0,0,0,1,0
18100,4,89477,1,122,1,86,1,0,0,0,0,0,0,0
18100,4,89477,1,122,1,488,1,0,0,0,0,0,0,1
19000,4,75798,1,122,1,488,1,0,0,0,0,0,0,1
18100,4,89477,1,122,1,326,1,0,0,0,0,0,1,0
18100,4,89477,1,122,1,99,1,0,0,0,0,0,1,0
19000,4,75798,1,122,1,86,1,0,0,0,0,0,0,0
16900,7,98958,1,122,1,23,1,0,0,0,1,0,0,0
20700,5,31766,1,122,1,65,1,0,0,0,0,0,0,0
16690,4,105402,1,122,1,180,1,0,0,0,0,1,0,0
16690,4,105402,1,122,1,40,1,0,0,0,0,0,0,0
15690,4,119126,1,122,1,40,1,0,0,0,0,0,0,0
15690,4,119126,1,122,1,180,1,0,0,0,0,1,0,0
28990,2,43000,1,122,1,326,0,1,1,0,0,0,1,0
19100,3,82538,1,122,1,326,0,1,0,0,0,0,1,0
29900,0,0,1,122,1,178,0,1,0,0,0,1,0,0
16000,7,168800,1,122,1,200,1,0,0,0,1,0,1,0
18499,3,100522,1,122,1,326,0,1,0,0,0,0,1,0
15500,4,123246,1,122,1,16,1,0,0,0,0,0,0,0
15500,4,123246,1,122,1,16,1,0,0,0,0,0,0,0
15790,4,122849,1,122,1,180,1,0,0,0,0,1,0,0
15790,4,122849,1,122,1,40,1,0,0,0,0,0,0,0
27900,2,23245,1,122,1,106,0,1,1,0,0,0,0,0
20900,4,91074,1,122,1,222,1,0,0,0,1,1,0,0
25000,3,15000,1,184,0,140,1,0,1,0,0,0,1,0
28800,2,25274,1,140,1,588,1,0,0,0,1,0,0,1
16900,7,110000,1,122,0,478,1,0,0,0,1,0,0,1
14900,4,127000,1,122,1,177,1,0,0,0,0,1,0,0
17500,7,122000,1,122,0,103,1,0,0,0,1,0,0,0
22900,3,88334,1,122,1,106,0,1,0,0,0,0,0,0
22900,3,82891,1,122,1,106,0,1,0,0,0,0,0,0
22900,3,78968,1,122,1,127,0,1,0,0,0,0,0,0
15299,7,115000,1,184,1,326,1,0,0,0,1,0,1,0
19890,3,103909,1,122,1,572,1,0,0,0,0,0,0,1
19300,4,89905,1,122,1,882,0,1,0,0,1,0,0,1
16500,7,120000,1,122,1,106,1,0,0,0,0,0,1,0
15900,4,116000,1,122,1,350,1,0,0,0,1,0,1,0
17999,4,70000,1,122,1,40,1,0,0,0,0,0,0,0
22500,4,41866,1,122,1,326,1,0,0,0,0,0,1,0
15900,6,111000,1,122,1,326,1,0,0,0,0,0,1,0
18250,5,85960,1,122,1,222,1,0,0,0,0,1,0,0
18900,6,103473,1,184,1,30,1,0,0,0,1,0,0,0
21600,4,43500,1,122,1,225,1,0,0,0,0,1,0,0
17999,5,35614,1,122,1,157,1,0,0,0,0,1,0,0
20800,6,60000,1,122,1,326,1,0,0,0,0,0,1,0
16800,6,106000,1,122,1,326,1,0,0,0,0,0,1,0
21800,4,49000,1,122,1,326,1,0,0,0,0,0,1,0
19800,5,63000,1,122,1,326,1,0,0,0,0,0,1,0
17800,5,98000,1,122,1,326,1,0,0,0,0,0,1,0
22800,5,75000,1,122,1,326,1,0,0,0,0,0,1,0
19800,5,97000,1,122,1,326,1,0,0,0,0,0,1,0
17900,6,61000,1,122,1,896,1,0,0,0,0,0,0,1
18500,6,84000,1,184,0,163,1,0,0,0,1,0,0,0
19000,5,76000,1,122,0,628,1,0,0,0,1,0,0,1
18900,6,103473,1,184,1,30,1,0,0,0,1,0,0,0
25000,3,50000,1,140,0,288,1,0,1,0,0,1,0,0
20000,5,46000,1,122,0,276,1,0,0,0,1,1,0,0
21900,3,104153,1,122,1,106,0,1,0,0,0,0,0,0
16200,7,156000,1,184,0,911,1,0,0,0,1,0,0,1
21900,5,59780,1,122,1,326,1,0,0,0,0,0,1,0
17900,7,68000,1,122,1,102,0,1,0,0,1,0,0,0
25500,5,8500,1,184,0,793,1,0,0,0,1,0,0,1
21500,6,97000,1,184,0,26,1,0,0,0,1,0,0,0
15600,7,129000,1,122,1,141,1,0,0,0,1,0,0,0
20800,5,113000,1,184,1,861,1,0,1,0,0,0,0,1
15900,6,85369,1,122,1,541,1,0,0,0,0,0,0,1
22000,5,115000,1,184,0,99,1,0,0,0,1,0,0,0
26900,2,22598,1,122,1,187,1,0,0,0,0,0,0,0
17900,4,87000,1,122,0,57,1,0,0,0,1,0,0,0
20000,7,90000,1,184,0,628,1,0,0,0,1,0,0,1
22000,2,40000,1,122,0,286,1,0,0,0,0,1,0,0
18199,4,89800,1,122,1,68,1,0,0,0,0,0,0,0
14000,7,145000,1,122,0,214,1,0,0,0,0,1,0,0
22900,4,66130,1,122,1,117,1,0,0,0,1,0,0,0
21900,4,50943,1,122,1,178,1,0,0,0,0,1,0,0
