Prezzo,Anni,Chilometraggio,Cambio,CV,Venditore,Distanza,is_Metano vs Benzina,is_Diesel vs Benzina,is_Ibrido vs Benzina,is_Elettrico vs Benzina,is_sport vs base,is_performance vs base,is_middle vs base,is NO vs NE,is Centro vs NE,is Sud_Isole vs NE
7000,4,2900000,0,131,0,144,1,0,0,0,0,0,1,0,0,0
9700,0,1150000,0,131,0,750,0,1,0,0,0,0,1,0,0,1
9500,5,2800000,1,131,1,215,0,1,0,0,0,0,1,0,0,0
10990,4,1204400,1,131,1,180,0,1,0,0,0,0,0,1,0,0
10990,4,1204400,1,131,1,40,0,1,0,0,0,0,0,0,0,0
10990,4,1204400,1,131,1,27,0,1,0,0,0,0,0,0,0,0
10999,4,2180000,1,131,1,142,0,1,0,0,1,0,0,1,0,0
10990,4,1257250,1,131,1,180,0,0,1,0,0,0,0,1,0,0
10990,4,1257250,1,131,1,27,0,0,1,0,0,0,0,0,0,0
10990,4,1257250,1,131,1,40,0,0,1,0,0,0,0,0,0,0
11990,4,1500000,0,131,1,142,0,1,0,0,1,0,0,1,0,0
11500,5,1480000,1,131,0,104,1,0,0,0,0,0,0,0,1,0
11990,5,770000,0,131,1,187,0,0,0,0,0,0,0,1,0,0
12000,5,1050000,1,131,0,222,0,0,1,0,0,0,0,1,0,0
11900,4,1360000,1,131,0,205,0,1,0,0,0,0,0,1,0,0
11900,5,1329800,1,131,1,30,0,0,1,0,0,0,1,0,0,0
11900,5,1260000,0,131,0,164,0,1,0,0,0,0,0,1,0,0
11200,5,1712000,1,131,0,67,0,0,1,0,0,0,0,0,0,0
11900,4,1700000,0,131,1,92,0,1,0,0,0,0,0,0,0,0
11800,5,970100,0,131,1,86,0,0,0,0,0,0,0,0,0,0
11999,5,1040000,1,131,1,180,0,0,1,0,0,0,1,1,0,0
12999,3,590000,0,131,1,87,0,1,0,0,0,0,1,0,1,0
12899,3,760000,0,131,1,326,0,1,0,0,0,0,1,0,1,0
12790,4,1016150,1,131,1,180,0,0,1,0,0,0,0,1,0,0
12790,4,1016150,1,131,1,40,0,0,1,0,0,0,0,0,0,0
12900,4,1590000,1,131,1,232,0,1,0,0,0,0,1,0,0,0
12900,3,720000,0,131,1,279,0,1,0,0,0,0,1,1,0,0
13000,3,636000,1,131,1,72,0,1,0,0,0,0,1,0,0,0
12550,4,990000,1,131,1,174,0,0,1,0,0,0,1,1,0,0
12490,3,660000,1,131,1,74,0,1,0,0,0,0,1,0,0,0
13000,4,1350000,1,131,0,205,0,1,0,0,0,0,0,1,0,0
12790,4,1016150,1,131,1,27,0,0,1,0,0,0,0,0,0,0
12999,3,1300000,0,131,1,83,0,1,0,0,0,0,1,0,1,0
12900,4,913860,0,131,1,22,0,0,0,0,0,0,0,0,0,0
13500,3,873820,1,131,1,276,0,1,0,0,0,0,1,1,0,0
13900,3,600000,0,131,1,60,0,1,0,0,0,0,1,0,0,0
13500,2,760000,1,131,1,72,0,1,0,0,0,0,1,0,0,0
13900,5,979900,1,131,1,31,0,0,1,0,0,0,1,0,0,0
13500,5,936790,1,131,1,31,0,0,1,0,0,0,1,0,0,0
13490,5,1056780,1,131,1,40,0,1,0,0,0,0,1,0,0,0
13490,5,1056780,1,131,1,180,0,1,0,0,0,0,1,1,0,0
14000,5,1150000,1,131,0,601,0,0,1,0,0,0,1,0,0,1
13400,3,680000,1,131,1,87,0,1,0,0,0,0,1,0,1,0
13900,4,395490,0,131,1,193,0,0,0,0,0,0,1,1,0,0
13500,3,773200,1,131,1,213,0,1,0,0,0,0,1,1,0,0
13850,4,668000,1,131,0,121,0,0,1,0,0,0,1,1,0,0
14000,4,1320000,1,131,0,183,1,0,0,0,0,0,1,0,1,0
13500,3,791150,0,131,1,194,0,1,0,0,0,0,0,1,0,0
14000,3,950000,1,131,1,276,0,1,0,0,0,0,1,1,0,0
13900,3,630000,1,131,1,74,0,1,0,0,0,0,0,0,0,0
13400,3,873750,1,131,1,121,0,1,0,0,0,0,1,1,0,0
13900,4,1000000,1,131,0,152,0,1,0,0,0,0,1,0,0,0
13900,3,1188630,1,131,1,163,0,1,0,0,0,0,0,0,0,0
14000,3,828000,1,131,1,72,0,1,0,0,0,0,0,0,0,0
13500,5,941270,1,131,1,31,0,0,1,0,0,0,1,0,0,0
13500,5,780000,1,131,1,852,0,0,1,0,0,0,0,0,0,1
13500,3,776000,1,131,1,72,0,1,0,0,0,0,1,0,0,0
13400,3,786140,0,131,1,698,0,1,0,0,0,0,1,0,0,1
13500,4,900000,1,131,0,74,0,0,1,0,0,0,1,0,0,0
13750,5,1030000,1,131,1,31,0,0,1,0,0,0,1,0,0,0
13490,5,1056780,1,131,1,27,0,1,0,0,0,0,1,0,0,0
13900,3,795000,1,131,1,74,0,1,0,0,0,0,0,0,0,0
13750,5,1024120,1,131,1,31,0,0,1,0,0,0,1,0,0,0
13700,4,1220000,0,131,1,691,0,1,0,0,0,0,0,0,0,1
13100,4,1421560,0,131,1,239,0,1,0,0,0,0,1,0,0,0
13299,4,1255130,1,131,1,177,0,0,1,0,0,0,0,1,0,0
13900,3,1670000,1,131,1,132,0,1,0,0,0,0,0,0,0,0
13299,4,1255130,1,131,1,86,0,0,1,0,0,0,0,0,0,0
13299,4,1255130,1,131,1,99,0,0,1,0,0,0,0,0,1,0
13299,4,1255130,1,131,1,25,0,0,1,0,0,0,0,0,0,0
13299,4,1255130,1,131,1,326,0,0,1,0,0,0,0,0,1,0
13299,4,1255130,1,131,1,283,0,0,1,0,0,0,0,1,0,0
13900,5,1590000,1,131,1,87,0,1,0,0,0,0,0,1,0,0
13299,4,1255130,1,131,1,628,0,0,1,0,0,0,0,0,0,1
13999,5,980000,1,131,1,99,0,0,1,0,1,0,0,0,1,0
14500,3,609260,0,131,1,276,0,1,0,0,0,0,1,1,0,0
14900,3,672080,1,131,1,276,0,1,0,0,0,0,1,1,0,0
14490,2,605140,1,131,1,27,0,1,0,0,0,0,1,0,0,0
14800,3,656590,0,131,1,202,0,1,0,0,0,0,1,1,0,0
14900,3,770000,1,131,1,215,0,1,0,0,0,0,1,0,0,0
14490,2,605140,1,131,1,40,0,1,0,0,0,0,1,0,0,0
14490,2,605140,1,131,1,180,0,1,0,0,0,0,1,1,0,0
14970,5,854710,1,131,1,389,0,0,1,0,0,0,1,0,0,1
14490,5,900000,1,131,1,93,0,0,1,0,0,0,1,0,0,0
14990,2,590000,1,131,1,326,0,1,0,0,0,0,0,0,1,0
15000,5,770000,1,131,0,861,0,1,0,0,0,0,1,0,0,1
14900,2,650000,1,131,1,276,0,1,0,0,0,0,1,1,0,0
15000,4,1100000,0,131,0,243,0,1,0,0,0,0,1,1,0,0
15000,5,950000,0,131,0,89,0,1,0,0,0,0,0,0,0,0
14190,4,1300000,1,131,1,521,0,1,0,0,1,0,0,0,0,1
14500,2,590000,1,131,1,326,0,1,0,0,0,0,1,0,1,0
14999,4,1000000,0,131,1,40,0,1,0,0,0,0,0,0,0,0
14900,4,395490,0,131,1,193,0,0,0,0,0,0,1,1,0,0
14950,3,630060,0,131,1,75,0,1,0,0,0,0,1,1,0,0
14900,5,606300,0,131,1,204,0,0,0,0,0,0,0,0,0,0
14500,5,1450000,1,131,1,65,0,0,1,0,1,0,0,0,0,0
14400,5,895000,1,131,1,31,0,0,1,0,0,0,1,0,0,0
14900,3,753440,1,131,1,698,0,1,0,0,0,0,0,0,0,1
14790,2,935000,1,131,1,184,0,1,0,0,0,0,1,1,0,0
14900,5,723410,0,131,1,193,0,1,0,0,0,0,1,1,0,0
14300,5,918000,1,131,1,31,0,0,1,0,0,0,1,0,0,0
14500,3,675840,0,131,1,339,0,1,0,0,0,0,1,0,1,0
15000,4,750000,0,131,0,883,0,1,0,0,0,0,1,0,0,1
14800,5,1200000,0,131,0,491,0,1,0,0,0,0,1,0,0,1
14990,5,801430,1,131,1,31,0,0,1,0,0,0,1,0,0,0
14900,4,1199000,0,131,1,20,0,1,0,0,0,0,0,0,0,0
14400,5,905060,1,131,1,31,0,0,1,0,0,0,1,0,0,0
14900,4,1660000,1,131,1,79,0,1,0,0,1,0,0,0,0,0
14200,5,954640,1,131,1,31,0,0,1,0,0,0,1,0,0,0
15000,5,1310000,1,131,0,22,1,0,0,0,0,0,0,0,0,0
14900,4,868560,0,131,1,193,0,1,0,0,0,0,0,1,0,0
14990,5,880000,1,131,1,31,0,0,1,0,0,0,1,0,0,0
14946,4,1111050,0,131,1,245,1,0,0,0,0,0,1,1,0,0
15000,5,1160000,0,131,0,276,0,0,0,0,0,0,1,1,0,0
14200,4,1350000,1,131,1,91,0,1,0,0,0,0,1,0,1,0
14990,5,850000,1,131,1,31,0,0,1,0,0,0,1,0,0,0
14990,5,858000,1,131,1,31,0,0,1,0,0,0,1,0,0,0
14990,5,815330,1,131,1,31,0,0,1,0,0,0,1,0,0,0
14500,5,1597000,0,131,0,715,0,1,0,0,0,0,0,0,0,1
14500,4,1061960,0,131,1,103,0,1,0,0,0,0,0,0,0,0
14700,5,940000,1,131,1,31,0,0,1,0,0,0,1,0,0,0
14990,5,801690,1,131,1,31,0,0,1,0,0,0,1,0,0,0
14700,5,905640,1,131,1,31,0,0,1,0,0,0,1,0,0,0
14990,5,870000,1,131,1,31,0,0,1,0,0,0,1,0,0,0
14700,5,910000,1,131,1,31,0,0,1,0,0,0,1,0,0,0
14700,5,950000,1,131,1,31,0,0,1,0,0,0,1,0,0,0
14700,5,923270,1,131,1,31,0,0,1,0,0,0,1,0,0,0
14900,2,760000,1,131,1,74,0,1,0,0,0,0,1,0,0,0
15900,4,726120,1,131,1,121,0,0,1,0,0,0,1,1,0,0
15800,2,686750,1,131,1,276,0,1,0,0,0,0,1,1,0,0
16000,3,859150,0,131,1,89,0,1,0,0,1,0,0,0,0,0
15900,3,159300,0,131,1,106,0,0,0,0,1,0,0,0,1,0
15300,3,634740,1,131,1,276,0,1,0,0,0,0,1,1,0,0
15500,2,500000,1,131,1,269,0,1,0,0,0,0,0,0,1,0
15900,3,248050,0,131,1,276,0,0,0,0,0,0,0,1,0,0
15990,3,721620,1,131,1,383,0,1,0,0,0,0,0,0,1,0
15891,5,691270,0,131,1,190,0,0,0,0,0,0,1,1,0,0
15300,5,770000,1,131,0,326,1,0,0,0,0,0,1,0,1,0
15950,2,99500,0,131,1,14,0,0,0,0,0,0,0,0,0,0
15900,4,726120,1,131,1,97,0,0,1,0,0,0,1,0,0,0
15900,2,500070,1,131,1,197,0,1,0,0,0,0,1,0,1,0
16000,5,1040000,1,131,0,190,0,0,1,0,1,0,0,0,0,0
15600,5,1020000,1,131,0,211,0,0,0,0,0,0,1,0,1,0
15400,3,620000,1,131,1,215,0,1,0,0,0,0,1,0,0,0
15900,2,620000,1,131,1,215,0,1,0,0,0,0,1,0,0,0
15400,3,660000,1,131,1,215,0,1,0,0,0,0,1,0,0,0
15500,5,1750000,1,131,0,468,0,1,0,0,1,0,0,0,0,1
15500,5,1120000,1,131,1,695,0,1,0,0,0,0,1,0,0,1
15990,3,950000,0,131,1,56,0,1,0,0,0,0,1,1,0,0
15900,5,606000,0,131,0,177,0,0,0,0,0,0,1,1,0,0
15800,3,650000,0,131,1,126,0,1,0,0,0,0,1,0,0,0
15300,5,721010,1,131,1,31,0,0,1,0,0,0,1,0,0,0
15300,5,767430,1,131,1,31,0,0,1,0,0,0,1,0,0,0
15891,5,691270,0,131,1,116,0,0,0,0,0,0,1,0,0,0
15900,4,660170,1,131,1,284,0,0,1,0,0,0,1,1,0,0
15900,3,670000,1,131,1,191,0,1,0,0,0,0,0,1,0,0
15800,5,1689000,1,131,0,611,1,0,0,0,1,0,0,0,0,1
15990,5,1207400,1,131,1,326,0,1,0,0,0,0,1,0,1,0
15900,3,920000,1,131,1,133,0,0,1,0,0,0,0,0,0,0
15900,5,702530,1,131,1,193,0,0,1,0,0,0,0,1,0,0
15500,5,911000,1,131,0,261,0,0,1,0,0,0,1,0,1,0
15900,3,529000,0,131,0,775,0,1,0,0,0,0,1,0,0,1
15900,4,868560,0,131,1,193,0,1,0,0,0,0,0,1,0,0
15999,4,990000,1,131,1,54,0,1,0,0,0,0,1,0,0,0
15999,4,1100000,0,131,1,469,0,1,0,0,0,0,0,0,0,1
15900,5,723410,0,131,1,193,0,1,0,0,0,0,1,1,0,0
15470,5,967180,1,131,1,99,0,0,1,0,0,0,1,0,1,0
15891,5,691270,0,131,1,177,0,0,0,0,0,0,1,1,0,0
15490,5,705000,0,131,1,178,0,0,0,0,0,0,1,1,0,0
15891,5,691270,0,131,1,187,0,0,0,0,0,0,1,1,0,0
15490,3,980000,0,131,1,276,0,1,0,0,0,0,1,1,0,0
15900,3,630000,1,131,1,646,0,1,0,0,0,0,1,0,0,1
15800,4,753150,0,131,1,241,0,1,0,0,0,0,1,0,0,0
16900,5,957850,1,131,1,31,1,0,0,0,1,0,0,0,0,0
17000,4,540000,0,131,0,276,0,0,0,0,1,0,0,1,0,0
16500,5,603970,0,131,1,177,0,0,0,0,0,0,1,1,0,0
16500,4,800000,1,131,0,214,0,0,1,0,1,0,0,1,0,0
16500,2,490000,1,131,1,276,0,1,0,0,0,0,1,1,0,0
16990,3,890000,0,131,0,261,0,1,0,0,1,0,0,0,1,0
16500,2,580000,1,131,1,161,0,1,0,0,0,0,1,1,0,0
16900,4,798900,0,131,1,201,1,0,0,0,0,0,1,0,0,0
16500,2,620000,1,131,1,288,0,1,0,0,0,0,1,1,0,0
16900,3,880000,0,131,1,264,0,1,0,0,1,0,0,0,1,0
16900,4,798900,0,131,1,163,1,0,0,0,0,0,1,0,0,0
16999,3,670000,0,131,1,55,0,1,0,0,0,0,1,0,0,0
16599,5,970000,1,131,0,62,0,0,1,0,0,0,1,0,0,0
16990,5,1187000,1,131,1,272,0,0,1,0,1,0,0,0,1,0
16950,4,1170000,1,131,0,257,1,0,0,0,0,0,1,0,1,0
16800,4,490000,1,131,1,182,0,0,1,0,0,0,0,1,0,0
16400,5,1220000,0,131,1,116,0,0,0,0,1,0,0,0,0,0
16500,2,644650,1,131,1,191,0,1,0,0,0,0,1,0,0,0
16900,2,600000,1,131,1,207,0,1,0,0,0,0,1,0,1,0
16990,5,1187000,1,131,1,377,0,0,1,0,1,0,0,0,0,1
16290,3,903690,1,131,1,40,0,0,1,0,0,0,0,0,0,0
16900,3,1086690,1,131,1,222,0,1,0,0,0,0,0,1,0,0
16999,5,980000,1,131,1,55,0,1,0,0,0,0,0,0,0,0
16900,3,740000,1,131,1,842,0,1,0,0,0,0,0,0,0,1
16500,3,607750,0,131,1,345,0,1,0,0,0,0,1,0,1,0
16290,3,903690,1,131,1,180,0,0,1,0,0,0,0,1,0,0
16500,2,855590,1,131,1,15,0,1,0,0,0,0,1,0,0,0
16290,3,903690,1,131,1,27,0,0,1,0,0,0,0,0,0,0
16900,5,702530,1,131,1,193,0,0,1,0,0,0,0,1,0,0
16990,5,1187000,1,131,1,412,0,0,1,0,1,0,0,0,0,1
17900,5,455000,1,131,1,170,0,0,0,0,1,0,0,1,0,0
17400,5,443000,1,131,1,192,0,0,1,0,1,0,0,1,0,0
17500,5,670000,1,131,1,259,0,0,1,0,0,0,1,1,0,0
17900,2,790000,0,131,1,86,0,1,0,0,0,0,0,0,0,0
17900,5,662150,1,131,1,85,0,1,0,0,0,0,1,0,1,0
17800,4,406000,1,131,0,310,0,0,1,0,1,0,0,1,0,0
17800,1,416040,0,131,1,276,0,0,0,0,0,0,1,1,0,0
17500,5,810000,1,131,0,43,0,0,1,0,1,0,0,0,0,0
18000,5,640000,1,131,0,214,0,0,1,0,0,0,1,0,1,0
17500,5,970000,1,131,0,64,1,0,0,0,1,0,0,0,0,0
17500,3,600000,0,131,1,56,0,1,0,0,0,0,0,1,0,0
17500,4,975500,1,131,1,206,0,1,0,0,1,0,0,0,0,0
17800,2,560000,1,131,1,207,0,1,0,0,0,0,1,0,0,0
17990,5,1022420,1,131,1,25,0,1,0,0,1,0,0,0,0,0
17800,4,1260000,1,131,0,25,1,0,0,0,1,0,0,0,0,0
17900,4,1104410,1,131,1,753,0,1,0,0,1,0,0,0,0,1
17900,3,805000,1,131,1,150,0,1,0,0,0,0,1,0,1,0
17450,4,862390,1,131,1,186,0,1,0,0,0,0,0,0,0,0
17550,3,1190000,1,131,1,228,1,0,0,0,0,0,0,0,1,0
17550,3,1190000,1,131,1,228,1,0,0,0,0,0,0,0,1,0
17999,5,793820,1,131,1,177,0,1,0,0,0,0,0,1,0,0
17800,3,750000,1,131,1,56,0,1,0,0,0,0,1,1,0,0
17500,4,800000,1,131,1,141,1,0,0,0,0,0,1,0,0,0
18000,5,616300,0,131,1,234,0,0,0,0,0,0,1,1,0,0
17900,4,385000,1,131,1,628,0,0,1,0,0,0,1,0,0,1
18900,2,740000,1,131,1,232,0,1,0,0,1,0,0,1,0,0
19000,3,549830,0,131,1,64,0,0,0,0,1,0,0,1,0,0
18990,4,626850,1,131,1,193,0,1,0,0,1,0,0,1,0,0
18900,5,481330,1,131,1,177,0,0,1,0,1,0,0,1,0,0
19000,4,729220,1,131,1,180,0,0,1,0,1,0,0,1,0,0
18500,5,763000,1,131,1,381,0,0,1,0,1,0,0,0,1,0
18199,4,741020,1,131,1,86,0,0,1,0,0,0,0,0,0,0
18750,2,342000,1,131,1,45,0,1,0,0,0,0,1,0,0,0
18500,3,626800,1,131,1,788,0,1,0,0,0,0,0,0,0,1
18199,4,741020,1,131,1,99,0,0,1,0,0,0,0,0,1,0
18490,4,800000,1,131,1,56,0,1,0,0,0,0,0,1,0,0
18500,2,590000,1,131,1,65,0,1,0,0,1,0,0,0,0,0
18199,4,741020,1,131,1,485,0,0,1,0,0,0,0,0,0,1
18199,4,741020,1,131,1,25,0,0,1,0,0,0,0,0,0,0
18199,4,741020,1,131,1,326,0,0,1,0,0,0,0,0,1,0
18300,4,614950,1,131,1,194,0,1,0,0,0,0,0,1,0,0
18400,5,1050000,1,131,0,177,0,0,1,0,0,0,1,1,0,0
18199,4,741020,1,131,1,283,0,0,1,0,0,0,0,1,0,0
18299,5,623620,1,131,1,628,0,0,0,0,0,0,0,0,0,1
18199,4,741020,1,131,1,628,0,0,1,0,0,0,0,0,0,1
19900,3,299000,1,131,1,68,0,0,1,0,1,0,0,0,0,0
19950,4,318630,1,131,1,286,0,0,1,0,1,0,0,1,0,0
19400,5,359030,1,131,1,211,1,0,0,0,0,0,1,0,1,0
19950,4,1134100,1,131,1,167,0,1,0,0,1,0,0,0,0,0
19200,5,885000,1,131,0,211,0,0,1,0,1,0,0,1,0,0
19700,4,1180000,1,131,1,231,0,1,0,0,1,0,0,0,0,0
20490,2,638030,1,131,1,190,0,0,1,0,1,0,0,1,0,0
21000,4,260000,1,131,0,276,1,0,0,0,1,0,0,1,0,0
20500,5,320000,1,131,0,178,0,0,1,0,1,0,0,1,0,0
20400,3,420400,1,131,1,177,0,0,1,0,1,0,0,1,0,0
20900,4,301000,1,131,0,165,0,0,1,0,1,0,0,1,0,0
20700,3,321000,1,131,1,189,0,0,1,0,1,0,0,1,0,0
20990,1,220000,1,131,1,165,0,0,1,0,0,0,1,1,0,0
21000,5,800000,1,131,0,184,0,0,1,0,1,0,0,1,0,0
20400,2,359490,0,131,1,177,0,0,0,0,0,0,1,1,0,0
21000,4,580000,1,131,0,852,0,1,0,0,1,0,0,0,0,1
20400,2,359490,0,131,1,193,0,0,0,0,0,0,1,1,0,0
20900,4,740910,1,131,1,177,1,0,0,0,1,0,0,1,0,0
20200,5,945000,0,131,0,305,0,0,0,0,1,0,0,1,0,0
20900,3,141410,0,131,1,206,0,0,0,0,0,0,1,1,0,0
21600,1,105000,1,131,1,205,0,0,1,0,0,0,0,1,0,0
21500,4,470000,1,131,0,177,1,0,0,0,1,0,0,1,0,0
21900,1,200000,1,131,1,42,0,1,0,0,0,0,1,0,0,0
22000,5,470000,1,131,0,326,0,1,0,0,1,0,0,0,1,0
21900,1,199560,0,131,1,193,0,0,0,0,1,0,0,1,0,0
21900,1,95000,1,131,1,31,0,0,1,0,0,0,0,0,0,0
21500,5,554000,1,131,0,288,0,1,0,0,1,0,0,1,0,0
21900,4,960000,1,131,0,44,1,0,0,0,1,0,0,0,0,0
21500,5,627020,1,131,1,204,0,1,0,0,1,0,0,0,0,0
21500,3,615570,1,131,1,276,0,0,1,0,1,0,0,1,0,0
21400,3,562860,1,131,1,22,0,0,1,0,1,0,0,0,0,0
21900,1,199560,0,131,1,177,0,0,0,0,1,0,0,1,0,0
22500,3,250000,1,131,0,184,0,1,0,0,0,0,0,0,0,0
22400,3,427000,1,131,1,115,0,0,1,0,1,0,0,0,0,0
22900,1,95000,1,131,1,31,0,1,0,0,0,0,0,0,0,0
22500,3,360000,0,131,1,799,0,0,0,0,1,0,0,0,0,1
22590,3,508970,1,131,1,68,0,0,1,0,1,0,0,0,0,0
22900,2,150,1,131,1,533,0,0,1,0,1,0,0,0,0,1
23500,4,277700,0,131,1,241,0,0,0,0,1,0,0,0,0,0
23900,2,346000,1,131,1,177,0,1,0,0,1,0,0,1,0,0
23799,5,335680,1,131,1,326,0,0,1,0,1,0,0,0,1,0
23500,3,471500,1,131,1,178,0,0,1,0,1,0,0,1,0,0
23500,3,425000,1,131,0,102,0,1,0,0,1,0,0,0,1,0
23300,3,508910,1,131,1,68,0,0,1,0,1,0,0,0,0,0
23500,2,431280,1,131,1,241,0,1,0,0,0,0,1,0,0,0
23900,3,126800,0,131,1,857,0,1,0,0,1,0,0,0,0,1
24900,0,150,1,131,1,106,0,1,0,0,0,0,0,0,1,0
24900,1,113350,0,131,1,121,0,1,0,0,1,0,0,1,0,0
24900,0,800,1,131,1,222,0,0,1,0,0,0,0,1,0,0
24400,2,592330,1,131,1,206,0,1,0,0,1,0,0,0,0,0
25000,0,16000,1,131,0,177,0,0,1,0,0,0,0,1,0,0
24900,1,180000,0,131,1,283,0,0,0,0,1,0,0,1,0,0
24400,1,45000,0,131,1,168,0,0,0,0,1,0,0,1,0,0
25500,0,10,1,131,1,178,0,0,1,0,0,0,1,1,0,0
25500,1,50,1,131,1,389,0,0,1,0,0,0,0,0,0,1
25500,0,10,1,131,1,177,0,0,1,0,0,0,1,1,0,0
25500,1,50,1,131,1,326,0,0,1,0,0,0,0,0,1,0
25500,2,1000,1,131,1,857,0,1,0,0,0,0,0,0,0,1
25900,1,122830,1,131,1,103,0,1,0,0,1,0,0,0,0,0
25500,5,290000,1,131,1,782,0,1,0,0,0,0,1,0,0,1
26600,0,100,0,131,1,205,0,0,0,0,1,0,0,1,0,0
26900,0,59000,1,131,1,89,0,0,1,0,1,0,0,0,0,0
26490,1,221780,1,131,1,350,0,1,0,0,1,0,0,0,1,0
26990,0,110,1,131,1,40,0,0,1,0,1,0,0,0,0,0
26500,0,100,0,131,1,572,0,1,0,0,0,0,1,0,0,1
26900,0,74450,1,131,1,177,0,1,0,0,1,0,0,1,0,0
27000,0,100,0,131,1,572,0,1,0,0,0,0,1,0,0,1
26800,1,35000,0,131,1,92,0,1,0,0,0,0,0,0,1,0
26900,1,150,1,131,1,533,0,0,1,0,1,0,0,0,0,1
26900,1,10,0,131,1,101,0,0,0,0,1,0,0,0,0,0
27900,0,90,0,131,1,31,0,1,0,0,1,0,0,0,0,0
27900,1,10,1,131,1,76,0,0,1,0,0,0,0,0,0,0
27500,3,500000,1,131,0,56,1,0,0,0,1,0,0,1,0,0
27200,0,59000,1,131,1,89,0,0,0,0,1,0,0,0,0,0
27900,2,116500,1,131,1,226,0,0,1,0,1,0,0,0,0,0
27900,1,100,1,131,1,150,0,0,1,0,1,0,0,0,1,0
27900,1,10,0,131,1,101,0,1,0,0,1,0,0,0,0,0
27900,2,189810,1,131,1,857,0,1,0,0,1,0,0,0,0,1
27900,0,25000,1,131,1,226,0,1,0,0,0,0,0,0,0,0
27900,1,0,1,131,1,206,0,1,0,0,0,0,0,0,0,0
27900,1,213570,1,131,1,177,0,1,0,0,0,0,1,1,0,0
28300,1,50,1,131,1,326,0,1,0,0,1,0,0,0,1,0
28300,1,50,1,131,1,389,0,1,0,0,1,0,0,0,0,1
28300,1,140,1,131,1,326,0,1,0,0,1,0,0,0,1,0
28900,1,0,1,131,1,206,0,0,1,0,1,0,0,0,0,0
28300,1,140,1,131,1,389,0,1,0,0,1,0,0,0,0,1
28900,1,10,1,131,1,101,0,0,1,0,1,0,0,0,0,0
29900,1,100,1,131,1,177,0,1,0,0,1,0,0,1,0,0
15900,5,98000,1,150,1,667,0,1,0,0,0,0,1,0,0,1
15800,4,75315,0,116,1,241,0,1,0,0,0,0,1,0,0,0
18500,5,45000,0,130,1,106,0,0,0,0,1,0,0,0,0,0
15990,5,72869,1,150,1,192,0,0,1,0,0,0,1,1,0,0
15490,5,85596,1,150,1,192,0,0,1,0,0,0,1,1,0,0
14390,5,124961,1,150,1,192,0,0,1,0,0,0,1,1,0,0
20900,5,70120,1,130,1,188,1,0,0,0,1,0,0,0,0,0
5500,3,35000,0,150,1,483,0,1,0,0,0,0,0,0,0,1
8500,2,14000,1,150,1,483,0,1,0,0,0,0,0,0,0,1
9500,5,280000,1,150,1,215,0,1,0,0,0,0,1,0,0,0
10900,5,280000,1,150,1,215,0,1,0,0,0,0,1,0,0,0
10990,4,120440,1,150,1,180,0,1,0,0,0,0,0,1,0,0
10990,4,120440,1,150,1,40,0,1,0,0,0,0,0,0,0,0
10990,4,125725,1,110,1,180,0,0,1,0,0,0,0,1,0,0
10990,4,125725,1,110,1,40,0,0,1,0,0,0,0,0,0,0
11500,4,79999,1,110,1,121,0,0,1,0,0,0,0,0,0,0
11500,4,79999,1,110,1,121,0,0,0,0,0,0,0,0,0,0
11800,5,97010,0,90,1,326,0,0,0,0,0,0,0,0,1,0
11800,5,97010,0,90,1,22,0,0,0,0,0,0,0,0,0,0
11800,5,97010,0,90,1,86,0,0,0,0,0,0,0,0,0,0
11800,5,97010,0,90,1,488,0,0,0,0,0,0,0,0,0,1
11800,5,97010,0,90,1,99,0,0,0,0,0,0,0,0,1,0
11900,5,132980,1,150,1,16,0,0,1,0,0,0,1,0,0,0
11900,4,170000,0,115,1,85,0,1,0,0,0,0,0,0,0,0
11990,5,141840,1,150,1,154,0,0,1,0,1,0,0,1,0,0
11990,5,77000,0,110,1,187,0,0,0,0,0,0,0,1,0,0
12490,3,66000,1,150,1,74,0,1,0,0,0,0,1,0,0,0
12790,4,101615,1,110,1,40,0,0,1,0,0,0,0,0,0,0
12790,4,101615,1,110,1,180,0,0,1,0,0,0,0,1,0,0
12899,3,76000,0,115,1,326,0,1,0,0,0,0,1,0,1,0
12900,3,130000,0,115,1,87,0,1,0,0,0,0,1,0,1,0
12900,4,148000,1,150,1,74,0,1,0,0,1,0,0,0,0,0
12900,2,79900,1,150,1,326,0,1,0,0,0,0,1,0,1,0
12900,4,91386,0,90,1,326,0,0,0,0,0,0,0,0,1,0
12900,4,91386,0,90,1,86,0,0,0,0,0,0,0,0,0,0
12900,4,91386,0,90,1,99,0,0,0,0,0,0,0,0,1,0
12900,4,91386,0,90,1,22,0,0,0,0,0,0,0,0,0,0
12900,4,91386,0,90,1,488,0,0,0,0,0,0,0,0,0,1
12900,4,159000,1,150,1,232,0,1,0,0,0,0,1,0,0,0
12999,3,59000,0,115,1,87,0,1,0,0,0,0,1,0,1,0
12999,3,130000,0,115,1,83,0,1,0,0,0,0,1,0,1,0
13000,3,54500,0,90,1,683,0,0,0,0,0,0,0,0,0,1
13000,3,63600,1,150,1,75,0,1,0,0,0,0,1,0,0,0
13299,4,125525,1,110,1,177,0,0,1,0,0,0,1,1,0,0
13299,4,125525,1,110,1,283,0,0,1,0,0,0,1,1,0,0
13299,4,125525,1,110,1,750,0,0,1,0,0,0,1,0,0,1
13299,4,125525,1,110,1,326,0,0,1,0,0,0,1,0,1,0
13299,4,125525,1,110,1,99,0,0,1,0,0,0,1,0,1,0
13299,4,125525,1,110,1,611,0,0,1,0,0,0,1,0,0,1
13299,4,125525,1,110,1,127,0,0,1,0,0,0,1,0,0,0
13400,3,68000,1,150,1,87,0,1,0,0,0,0,1,0,1,0
13490,5,105678,1,150,1,180,0,1,0,0,0,0,1,1,0,0
13490,5,105678,1,150,1,40,0,1,0,0,0,0,1,0,0,0
13500,3,79115,0,115,1,194,0,1,0,0,0,0,0,1,0,0
13500,3,77600,0,150,1,75,0,1,0,0,0,0,1,0,0,0
13500,2,76000,1,150,1,75,0,1,0,0,0,0,1,0,0,0
13500,3,87382,1,150,1,276,0,1,0,0,0,0,1,1,0,0
13700,4,122000,0,116,1,691,0,1,0,0,0,0,0,0,0,1
13900,3,78100,0,115,1,326,0,1,0,0,0,0,1,0,1,0
13900,3,79500,1,150,1,74,0,1,0,0,0,0,0,0,0,0
13900,5,159000,1,150,1,87,0,1,0,0,0,0,0,1,0,0
13900,3,63000,1,150,1,74,0,1,0,0,0,0,0,0,0,0
13900,3,167000,1,150,1,132,0,1,0,0,0,0,0,0,0,0
13900,4,39549,0,110,1,193,0,0,0,0,0,0,1,1,0,0
13900,3,100000,1,115,1,286,0,1,0,0,1,0,0,1,0,0
13900,4,100800,1,150,1,54,0,0,1,0,0,0,0,0,0,0
13990,5,70000,0,90,1,622,0,0,0,0,0,0,0,0,0,1
13990,5,143500,1,150,1,213,0,1,0,0,0,0,0,0,1,0
14000,3,95000,1,150,1,276,0,1,0,0,0,0,1,1,0,0
14190,4,130000,1,150,1,521,0,1,0,0,1,0,0,0,0,1
14490,2,60514,1,150,1,40,0,1,0,0,0,0,1,0,0,0
14490,2,60514,1,150,1,180,0,1,0,0,0,0,1,1,0,0
14500,3,60000,1,150,1,60,0,1,0,0,0,0,1,0,0,0
14800,3,65659,0,115,1,202,0,1,0,0,0,0,1,1,0,0
14800,4,151361,0,130,1,326,1,0,0,0,0,0,1,0,1,0
14900,2,65000,1,150,1,276,0,1,0,0,0,0,1,1,0,0
14900,3,75344,1,150,1,698,0,1,0,0,0,0,0,0,0,1
14900,4,70000,0,110,1,99,0,0,0,0,0,0,0,0,1,0
14900,3,77000,1,150,1,215,0,1,0,0,0,0,1,0,0,0
14900,2,61198,1,115,1,304,0,1,0,0,0,0,1,0,0,1
14900,2,89500,0,115,1,344,0,1,0,0,0,0,0,0,1,0
14900,4,86856,0,115,1,193,0,1,0,0,0,0,0,1,0,0
14900,5,72341,0,115,1,193,0,1,0,0,0,0,1,1,0,0
14900,2,76000,1,150,1,74,0,1,0,0,0,0,1,0,0,0
14990,4,124995,0,115,1,23,0,1,0,0,0,0,0,0,0,0
14990,4,124995,0,115,1,23,0,1,0,0,0,0,0,0,0,0
14990,3,70000,1,150,1,131,0,1,0,0,0,0,0,0,0,0
14990,2,59000,1,150,1,326,0,1,0,0,0,0,0,0,1,0
14990,4,141000,0,116,1,750,0,1,0,0,0,0,0,0,0,1
14999,4,100000,0,115,1,40,0,1,0,0,0,0,0,0,0,0
15300,4,112851,0,130,1,326,1,0,0,0,0,0,1,0,1,0
15400,3,66000,1,150,1,215,0,1,0,0,0,0,1,0,0,0
15400,3,62000,1,150,1,215,0,1,0,0,0,0,1,0,0,0
15470,5,96718,1,150,1,99,0,0,1,0,0,0,1,0,1,0
15490,3,98000,0,115,1,276,0,1,0,0,0,0,1,1,0,0
15500,5,112000,1,150,1,695,0,1,0,0,0,0,1,0,0,1
15500,3,76316,1,150,1,326,0,1,0,0,0,0,1,0,1,0
15500,5,87230,0,115,1,356,0,1,0,0,0,0,0,0,0,1
15500,3,72500,1,150,1,377,0,1,0,0,0,0,0,0,0,1
15500,3,77493,0,115,1,384,0,1,0,0,0,0,1,0,1,0
15600,4,87974,0,115,1,86,0,1,0,0,0,0,1,0,0,0
15700,4,122930,0,115,1,196,0,1,0,0,0,0,0,1,0,0
15891,5,69127,0,110,1,11,0,0,0,0,0,0,1,0,0,0
15891,5,69127,0,110,1,190,0,0,0,0,0,0,1,1,0,0
15891,5,69127,0,110,1,115,0,0,0,0,0,0,1,0,0,0
15891,5,69127,0,110,1,187,0,0,0,0,0,0,1,1,0,0
15891,5,69127,0,110,1,177,0,0,0,0,0,0,1,1,0,0
15891,5,69127,0,110,1,165,0,0,0,0,0,0,1,1,0,0
15891,5,69127,0,110,1,326,0,0,0,0,0,0,1,0,1,0
15900,4,67916,1,110,1,177,0,0,1,0,0,0,1,1,0,0
15900,4,67916,1,110,1,177,0,0,1,0,0,0,1,1,0,0
15900,5,70253,1,110,1,193,0,0,1,0,0,0,0,1,0,0
15900,2,62000,1,150,1,215,0,1,0,0,0,0,1,0,0,0
15900,3,92000,1,150,1,137,0,0,1,0,0,0,0,0,0,0
15900,3,72200,1,150,1,383,0,1,0,0,0,0,1,0,1,0
15900,2,58700,1,150,1,383,0,1,0,0,0,0,1,0,1,0
15900,5,72341,0,115,1,193,0,1,0,0,0,0,1,1,0,0
15900,4,86856,0,115,1,193,0,1,0,0,0,0,0,1,0,0
15990,3,72162,1,150,1,383,0,1,0,0,0,0,0,0,1,0
15990,5,75697,1,150,1,436,0,0,1,0,0,0,1,0,0,1
15990,2,64000,1,150,1,270,0,1,0,0,0,0,1,1,0,0
15990,5,99850,1,150,1,122,0,0,1,0,0,0,1,0,0,0
15999,4,99000,1,150,1,54,0,1,0,0,0,0,1,0,0,0
16000,5,70000,1,150,1,724,0,1,0,0,0,0,1,0,0,1
16290,3,90369,1,150,1,40,0,0,1,0,0,0,0,0,0,0
16290,3,90369,1,150,1,180,0,0,1,0,0,0,0,1,0,0
16400,5,70000,1,150,1,436,0,0,1,0,0,0,1,0,0,1
16400,5,68116,1,150,1,436,0,0,1,0,0,0,1,0,0,1
16400,5,122000,0,150,1,106,0,0,0,0,1,0,0,0,0,0
16500,4,127000,1,130,1,257,1,0,0,0,0,0,0,0,1,0
16500,2,49000,1,150,1,276,0,1,0,0,0,0,1,1,0,0
16900,4,79890,0,130,1,163,1,0,0,0,0,0,1,0,0,0
16900,5,70253,1,110,1,193,0,0,1,0,0,0,0,1,0,0
16900,2,60000,1,150,1,207,0,1,0,0,0,0,1,0,1,0
16900,3,74000,1,150,1,842,0,1,0,0,0,0,0,0,0,1
16900,4,86449,1,150,1,86,0,1,0,0,0,0,1,0,0,0
16900,3,69818,0,115,1,755,0,1,0,0,0,0,0,0,0,1
16999,3,67000,0,116,1,55,0,1,0,0,0,0,1,0,0,0
17000,3,92000,1,150,1,137,0,0,1,0,0,0,0,0,0,0
17300,5,71481,1,150,1,436,0,0,1,0,0,0,1,0,0,1
17450,4,86239,1,150,1,239,0,1,0,0,0,0,0,0,0,0
17500,2,85559,1,150,1,15,0,1,0,0,0,0,1,0,0,0
17500,5,70850,1,130,1,106,1,0,0,0,1,0,0,0,0,0
17550,3,119000,1,130,1,235,1,0,0,0,0,0,0,0,1,0
17550,3,119000,1,130,1,235,1,0,0,0,0,0,0,0,1,0
17800,2,56000,1,150,1,207,0,1,0,0,0,0,1,0,0,0
17800,3,75000,1,150,1,56,0,1,0,0,0,0,1,1,0,0
17900,4,38500,1,110,1,628,0,0,1,0,0,0,1,0,0,1
17900,4,110441,1,150,1,753,0,1,0,0,1,0,0,0,0,1
17900,2,79000,0,115,1,86,0,1,0,0,0,0,0,0,0,0
17900,3,80500,1,150,1,195,0,1,0,0,0,0,1,0,1,0
17990,5,67000,1,150,1,123,0,1,0,0,0,0,1,0,0,0
18000,4,59000,0,90,1,511,0,0,0,0,0,0,1,0,0,1
18199,4,74102,1,150,1,130,0,0,1,0,0,0,0,0,1,0
18199,4,74102,1,150,1,177,0,0,1,0,0,0,0,1,0,0
18199,4,74102,1,150,1,611,0,0,1,0,0,0,0,0,0,1
18199,4,74102,1,150,1,490,0,0,1,0,0,0,0,0,0,1
18199,4,74102,1,150,1,86,0,0,1,0,0,0,0,0,0,0
18199,4,74102,1,150,1,485,0,0,1,0,0,0,0,0,0,1
18199,4,74102,1,150,1,99,0,0,1,0,0,0,0,0,1,0
18199,4,74102,1,150,1,628,0,0,1,0,0,0,0,0,0,1
18199,4,74102,1,150,1,25,0,0,1,0,0,0,0,0,0,0
18199,4,74102,1,150,1,750,0,0,1,0,0,0,0,0,0,1
18400,5,91000,1,130,1,211,1,0,0,0,1,0,0,0,1,0
18490,4,80000,1,150,1,56,0,1,0,0,0,0,0,1,0,0
18500,2,50000,1,150,1,201,0,1,0,0,0,0,1,0,0,0
18500,2,59000,1,150,1,65,0,1,0,0,1,0,0,0,0,0
18500,5,76300,1,204,1,372,0,0,1,0,1,0,0,0,1,0
18900,5,97450,1,130,1,223,1,0,0,0,1,0,0,0,1,0
19500,4,34000,1,130,1,141,1,0,0,0,0,0,1,0,0,0
19900,3,29900,1,110,1,68,0,0,1,0,1,0,0,0,0,0
19950,4,40000,0,130,1,239,1,0,0,0,0,0,0,0,1,0
20000,2,33000,0,115,1,156,0,1,0,0,1,0,0,0,0,0
20000,2,33000,0,115,1,156,0,1,0,0,1,0,0,0,0,0
20490,2,63803,1,150,1,190,0,0,1,0,1,0,0,1,0,0
20700,3,32100,1,150,1,189,0,0,1,0,1,0,0,1,0,0
20900,2,6000,0,110,1,293,0,0,0,0,0,0,1,1,0,0
20990,1,22000,1,116,1,163,0,0,1,0,0,0,1,1,0,0
20999,5,59880,1,130,1,234,1,0,0,0,1,0,0,0,1,0
21400,3,56286,1,150,1,99,0,0,1,0,1,0,0,0,1,0
21400,3,56286,1,150,1,86,0,0,1,0,1,0,0,0,0,0
21400,3,56286,1,150,1,22,0,0,1,0,1,0,0,0,0,0
21400,3,56286,1,150,1,326,0,0,1,0,1,0,0,0,1,0
21400,3,56286,1,150,1,488,0,0,1,0,1,0,0,0,0,1
21900,1,20000,1,150,1,42,0,1,0,0,0,0,1,0,0,0
22500,3,36000,0,150,1,799,0,0,0,0,1,0,0,0,0,1
25500,1,5,1,110,1,350,0,0,1,0,0,0,0,0,0,1
25500,2,100,1,150,1,857,0,1,0,0,0,0,0,0,0,1
27000,0,6,0,116,1,588,0,1,0,0,0,0,1,0,0,1
27900,2,18981,1,150,1,857,0,1,0,0,1,0,0,0,0,1
27900,1,5,1,150,1,350,0,1,0,0,0,0,0,0,0,1
28300,1,6,1,150,1,350,0,1,0,0,1,0,0,0,0,1
28300,1,6,1,150,1,350,0,1,0,0,1,0,0,0,0,1
18500,3,62680,1,150,1,787,0,1,0,0,0,0,0,0,0,1
15490,3,98000,0,115,1,276,0,1,0,0,0,0,1,1,0,0
29900,1,0,1,150,1,101,0,1,0,0,1,0,0,0,0,0
23900,3,12680,0,115,1,857,0,1,0,0,1,0,0,0,0,1
25900,1,12283,1,150,1,103,0,1,0,0,1,0,0,0,0,0
11800,5,97010,0,90,1,86,0,0,0,0,0,0,0,0,0,0
11800,5,97010,0,90,1,99,0,0,0,0,0,0,0,0,1,0
11800,5,97010,0,90,1,488,0,0,0,0,0,0,0,0,0,1
11800,5,97010,0,90,1,326,0,0,0,0,0,0,0,0,1,0
11800,5,97010,0,90,1,22,0,0,0,0,0,0,0,0,0,0
18000,4,59000,0,90,1,485,0,0,0,0,0,0,1,0,0,1
14190,4,130000,1,150,1,521,0,1,0,0,1,0,0,0,0,1
15800,2,68675,1,150,1,276,0,1,0,0,0,0,1,1,0,0
26900,1,0,0,116,1,101,0,0,0,0,1,0,0,0,0,0
13500,3,87382,1,150,1,276,0,1,0,0,0,0,1,1,0,0
14990,4,141000,0,116,0,750,0,1,0,0,0,0,0,0,0,1
13000,3,63600,1,150,1,75,0,1,0,0,0,0,1,0,0,0
12900,4,159000,1,150,1,232,0,1,0,0,0,0,1,0,0,0
16900,3,69818,0,115,1,755,0,1,0,0,0,0,0,0,0,1
28900,1,0,1,116,1,101,0,0,1,0,1,0,0,0,0,0
15500,5,112000,1,150,1,695,0,1,0,0,0,0,1,0,0,1
11990,5,141840,1,150,1,154,0,0,1,0,1,0,0,1,0,0
15900,4,86856,0,115,1,193,0,1,0,0,0,0,0,1,0,0
14500,4,106196,0,115,1,103,0,1,0,0,0,0,0,0,0,0
12900,4,91386,0,90,1,488,0,0,0,0,0,0,0,0,0,1
12900,4,91386,0,90,1,326,0,0,0,0,0,0,0,0,1,0
15500,3,76316,1,150,1,326,0,1,0,0,0,0,1,0,1,0
15999,4,99000,1,150,1,54,0,1,0,0,0,0,1,0,0,0
13500,3,79115,0,115,1,194,0,1,0,0,0,0,0,1,0,0
15891,5,69127,0,110,1,187,0,0,0,0,0,0,1,1,0,0
20999,5,59880,1,130,1,234,0,0,0,0,1,0,0,0,1,0
13900,3,78100,0,115,1,326,0,1,0,0,0,0,1,0,1,0
26600,0,0,1,116,1,750,0,0,1,0,0,0,0,0,0,1
14500,3,60926,0,115,1,276,0,1,0,0,0,0,1,1,0,0
15900,2,58700,1,150,1,383,0,1,0,0,0,0,1,0,1,0
15900,3,72200,1,150,1,383,0,1,0,0,0,0,1,0,1,0
14900,2,89500,0,115,1,344,0,1,0,0,0,0,0,0,1,0
8500,2,14000,1,150,1,483,0,1,0,0,0,0,0,0,0,1
14999,2,59000,1,150,1,326,0,1,0,0,0,0,1,0,1,0
13900,4,100800,1,150,1,54,0,0,1,0,0,0,0,0,0,0
12900,3,72000,0,116,1,279,0,1,0,0,0,0,1,1,0,0
29900,0,0,1,150,1,101,0,1,0,0,1,0,0,0,0,0
20900,2,34212,1,110,1,611,0,0,0,1,1,0,0,0,0,1
15900,2,57000,1,150,1,279,0,1,0,0,0,0,1,1,0,0
12999,3,130000,0,115,1,83,0,1,0,0,0,0,1,0,1,0
17900,4,110441,1,150,1,753,0,1,0,0,1,0,0,0,0,1
13999,5,98000,1,204,1,99,0,0,1,0,1,0,0,0,1,0
13500,2,76000,1,150,1,75,0,1,0,0,0,0,1,0,0,0
18000,5,61630,0,110,1,234,0,0,0,0,0,0,1,1,0,0
26990,0,0,1,116,1,45,0,0,1,0,1,0,0,0,0,0
15500,3,72500,1,150,1,377,0,1,0,0,0,0,0,0,0,1
14990,4,141000,0,116,1,750,0,1,0,0,0,0,0,0,0,1
14999,4,100000,0,115,1,40,0,1,0,0,0,0,0,0,0,0
15500,3,77493,0,115,1,384,0,1,0,0,0,0,1,0,1,0
11900,4,170000,0,115,1,85,0,1,0,0,0,0,0,0,0,0
15900,5,72341,0,115,1,193,0,1,0,0,0,0,1,1,0,0
23500,3,47150,1,150,1,178,0,0,0,1,1,0,0,1,0,0
15891,5,69127,0,110,1,165,0,0,0,0,0,0,1,1,0,0
14900,4,70000,0,110,1,99,0,0,0,0,0,0,0,0,1,0
15900,5,70253,1,110,1,193,0,0,1,0,0,0,0,1,0,0
17900,2,79000,0,115,1,86,0,1,0,0,0,0,0,0,0,0
5500,3,35000,0,150,1,483,0,1,0,0,0,0,0,0,0,1
15250,2,75000,1,150,0,127,0,1,0,0,0,0,1,0,0,0
25500,0,0,1,116,1,178,0,0,1,0,0,0,1,1,0,0
13700,4,122000,0,116,1,691,0,1,0,0,0,0,0,0,0,1
16999,2,68000,1,115,1,788,0,1,0,0,0,0,1,0,0,1
14900,5,72341,0,115,1,193,0,1,0,0,0,0,1,1,0,0
13400,3,68000,1,150,1,87,0,1,0,0,0,0,1,0,1,0
13900,3,167000,1,150,1,132,0,1,0,0,0,0,0,0,0,0
15891,5,69127,0,110,1,115,0,0,0,0,0,0,1,0,0,0
14900,4,39549,0,110,1,193,0,0,0,0,0,0,1,1,0,0
13900,4,39549,0,110,1,193,0,0,0,0,0,0,1,1,0,0
17500,4,80000,1,130,1,141,0,0,0,0,0,0,1,0,0,0
15300,3,63474,1,150,1,276,0,1,0,0,0,0,1,1,0,0
18000,5,70000,1,150,0,292,0,0,1,0,1,0,0,1,0,0
16290,3,90369,1,150,1,40,0,0,1,0,0,0,0,0,0,0
12790,4,101615,1,110,1,40,0,0,1,0,0,0,0,0,0,0
16290,3,90369,1,150,1,180,0,0,1,0,0,0,0,1,0,0
12790,4,101615,1,110,1,180,0,0,1,0,0,0,0,1,0,0
12900,2,79900,1,150,1,326,0,1,0,0,0,0,1,0,1,0
17300,2,108000,0,115,0,605,0,1,0,0,1,0,0,0,0,1
16900,5,70253,1,110,1,193,0,0,1,0,0,0,0,1,0,0
13800,3,73029,1,150,1,326,0,1,0,0,0,0,1,0,1,0
15990,3,72162,1,150,1,383,0,1,0,0,0,0,0,0,1,0
16500,2,9950,0,110,1,14,0,0,0,0,0,0,0,0,0,0
13900,3,100000,1,115,1,286,0,1,0,0,1,0,0,1,0,0
13000,3,54500,0,90,1,683,0,0,0,0,0,0,0,0,0,1
14900,2,61198,1,115,1,304,0,1,0,0,0,0,1,0,0,1
23500,3,36000,0,116,0,861,0,1,0,0,1,0,0,0,0,1
12999,3,59000,0,115,1,87,0,1,0,0,0,0,1,0,1,0
16500,4,127000,1,130,1,257,0,0,0,0,0,0,0,0,1,0
15990,2,64000,1,150,1,270,0,1,0,0,0,0,1,1,0,0
19499,5,79000,1,150,0,140,0,0,1,0,1,0,0,0,1,0
15800,3,65000,0,115,1,126,0,1,0,0,0,0,1,0,0,0
17500,5,70850,1,130,1,106,0,0,0,0,1,0,0,0,0,0
14970,5,85471,1,150,1,348,0,0,0,1,0,0,1,0,0,1
18500,5,76300,1,204,1,381,0,0,1,0,1,0,0,0,1,0
17800,3,75000,1,150,1,56,0,1,0,0,0,0,1,1,0,0
18490,4,80000,1,150,1,56,0,1,0,0,0,0,0,1,0,0
18500,2,59000,1,150,1,65,0,1,0,0,1,0,0,0,0,0
14500,3,60000,1,150,1,60,0,1,0,0,0,0,1,0,0,0
12900,4,148000,1,150,1,74,0,1,0,0,1,0,0,0,0,0
13800,5,157000,1,130,0,415,0,0,0,0,1,0,0,0,1,0
14900,3,75344,1,150,1,698,0,1,0,0,0,0,0,0,0,1
15300,4,112851,0,130,1,326,0,0,0,0,0,0,1,0,1,0
14490,2,60514,1,150,1,180,0,1,0,0,0,0,1,1,0,0
14490,2,60514,1,150,1,40,0,1,0,0,0,0,1,0,0,0
27900,1,0,0,116,1,101,0,1,0,0,1,0,0,0,0,0
21400,3,56286,1,150,1,86,0,0,1,0,1,0,0,0,0,0
21400,3,56286,1,150,1,488,0,0,1,0,1,0,0,0,0,1
21400,3,56286,1,150,1,99,0,0,1,0,1,0,0,0,1,0
21400,3,56286,1,150,1,22,0,0,1,0,1,0,0,0,0,0
21400,3,56286,1,150,1,326,0,0,1,0,1,0,0,0,1,0
16900,4,86449,1,150,1,86,0,1,0,0,0,0,1,0,0,0
21900,3,32100,1,150,1,189,0,0,0,1,1,0,0,1,0,0
23000,4,37000,1,150,0,186,0,1,0,0,1,0,0,0,0,0
16500,4,80000,1,150,0,214,0,0,1,0,1,0,0,1,0,0
13500,3,77600,0,150,1,75,0,1,0,0,0,0,1,0,0,0
12900,3,130000,0,115,1,87,0,1,0,0,0,0,1,0,1,0
16999,3,67000,0,116,1,55,0,1,0,0,0,0,1,0,0,0
14990,2,59000,1,150,1,326,0,1,0,0,0,0,0,0,1,0
16900,2,60000,1,150,1,207,0,1,0,0,0,0,1,0,1,0
13490,5,105678,1,150,1,180,0,1,0,0,0,0,1,1,0,0
13490,5,105678,1,150,1,40,0,1,0,0,0,0,1,0,0,0
16500,2,62000,1,150,1,285,0,1,0,0,0,0,1,1,0,0
15300,5,78000,1,300,0,326,0,0,0,0,0,0,1,0,1,0
19900,3,86300,1,204,0,226,0,0,1,0,1,0,0,0,0,0
21500,5,55400,1,150,0,288,0,1,0,0,1,0,0,1,0,0
13990,5,143500,1,150,1,213,0,1,0,0,0,0,0,0,1,0
15900,3,66000,1,150,1,423,0,1,0,0,0,0,1,0,0,1
14500,5,148000,1,150,1,99,0,1,0,0,1,0,0,0,1,0
18500,5,102634,1,150,1,769,0,1,0,0,1,0,0,0,0,1
15600,4,87974,0,115,1,86,0,1,0,0,0,0,1,0,0,0
17405,5,20079,1,150,1,216,0,0,0,1,1,0,0,1,0,0
16900,3,74000,1,150,1,842,0,1,0,0,0,0,0,0,0,1
16500,2,49000,1,150,1,276,0,1,0,0,0,0,1,1,0,0
14950,3,60003,0,115,1,96,0,1,0,0,0,0,1,1,0,0
27000,0,0,0,116,1,588,0,1,0,0,0,0,1,0,0,1
17550,3,119000,1,130,1,235,0,0,0,0,0,0,0,0,1,0
17500,5,81000,1,150,0,43,0,0,1,0,1,0,0,0,0,0
15600,3,69553,0,116,1,80,0,1,0,0,0,0,1,0,0,0
14000,3,95000,1,150,1,276,0,1,0,0,0,0,1,1,0,0
17450,4,86239,1,150,1,186,0,1,0,0,0,0,0,0,0,0
17550,3,119000,1,130,1,235,0,0,0,0,0,0,0,0,1,0
24500,0,2000,1,116,0,177,0,0,1,0,0,0,0,1,0,0
16000,5,70000,1,150,1,724,0,1,0,0,0,0,1,0,0,1
13900,5,159000,1,150,1,87,0,1,0,0,0,0,0,1,0,0
16600,4,88000,0,116,0,568,0,1,0,0,1,0,0,0,0,1
18500,2,50000,1,150,1,201,0,1,0,0,0,0,1,0,0,0
20490,2,63803,1,150,1,190,0,0,1,0,1,0,0,1,0,0
15891,5,69127,0,110,1,190,0,0,0,0,0,0,1,1,0,0
15500,5,87230,0,115,1,356,0,1,0,0,0,0,0,0,0,1
11900,5,132980,1,150,1,57,0,0,0,1,0,0,1,0,0,0
20000,2,33000,0,115,1,156,0,1,0,0,1,0,0,0,0,0
15500,5,176000,1,150,0,468,0,1,0,0,1,0,0,0,0,1
18400,5,91000,1,130,1,211,0,0,0,0,1,0,0,0,1,0
17500,4,53000,0,131,0,276,0,0,0,0,1,0,0,1,0,0
17800,2,56000,1,150,1,207,0,1,0,0,0,0,1,0,0,0
16950,4,117000,1,130,1,257,0,0,0,0,0,0,1,0,1,0
20000,2,33000,0,115,1,156,0,1,0,0,1,0,0,0,0,0
13500,5,78000,1,150,1,828,0,0,1,0,0,0,0,0,0,1
27900,0,2500,1,115,1,226,0,1,0,0,0,0,0,0,0,0
15891,5,69127,0,110,1,326,0,0,0,0,0,0,1,0,1,0
15891,5,69127,0,110,1,11,0,0,0,0,0,0,1,0,0,0
14900,2,76000,1,150,1,74,0,1,0,0,0,0,1,0,0,0
12490,3,66000,1,150,1,74,0,1,0,0,0,0,1,0,0,0
15800,4,75315,0,116,1,241,0,1,0,0,0,0,1,0,0,0
15000,5,114000,0,110,0,276,0,0,0,0,0,0,1,1,0,0
10500,2,74000,0,115,1,66,0,1,0,0,0,0,1,0,0,0
14900,2,65000,1,150,1,276,0,1,0,0,0,0,1,1,0,0
9300,2,3600,1,150,1,66,0,1,0,0,0,0,1,0,0,0
16990,5,118700,1,204,1,412,0,0,1,0,1,0,0,0,0,1
17500,2,85559,1,150,1,15,0,1,0,0,0,0,1,0,0,0
20000,5,78000,1,204,0,480,0,0,1,0,1,0,0,0,0,1
18000,4,126000,1,130,0,25,0,0,0,0,1,0,0,0,0,0
27900,2,18981,1,150,1,750,0,1,0,0,1,0,0,0,0,1
11990,5,77000,0,110,1,177,0,0,0,0,0,0,0,1,0,0
15900,2,50007,1,150,1,197,0,1,0,0,0,0,1,0,1,0
9900,5,280000,1,150,1,215,0,1,0,0,0,0,1,0,0,0
14500,5,81000,1,150,0,193,0,0,1,0,0,0,1,1,0,0
18500,4,82000,1,130,0,683,0,0,0,0,0,0,1,0,0,1
15700,4,122930,0,115,1,196,0,1,0,0,0,0,0,1,0,0
16900,4,79890,0,130,1,163,0,0,0,0,0,0,1,0,0,0
16900,4,79890,0,130,1,201,0,0,0,0,0,0,1,0,0,0
21900,1,20000,1,150,1,42,0,1,0,0,0,0,1,0,0,0
11900,5,132980,1,150,1,57,0,0,0,1,0,0,1,0,0,0
23000,2,40000,1,204,0,36,0,0,1,0,1,0,0,0,0,0
16400,5,122000,0,150,1,88,0,0,0,0,1,0,0,0,0,0
16500,3,60775,0,115,1,343,0,1,0,0,0,0,1,0,1,0
22300,2,33000,1,115,0,293,0,1,0,0,0,0,0,1,0,0
17500,5,99000,1,150,0,79,0,1,0,0,0,0,0,0,0,0
19000,5,93000,1,204,0,194,0,0,1,0,1,0,0,1,0,0
19950,4,40000,0,130,1,239,0,0,0,0,0,0,0,0,1,0
28300,1,0,1,150,1,326,0,1,0,0,1,0,0,0,1,0
28300,1,0,1,150,1,350,0,1,0,0,1,0,0,0,0,1
28300,1,0,1,150,1,326,0,1,0,0,1,0,0,0,1,0
28300,1,0,1,150,1,350,0,1,0,0,1,0,0,0,0,1
28300,1,0,1,150,1,350,0,1,0,0,1,0,0,0,0,1
27500,1,0,1,150,1,326,0,0,1,0,0,0,0,0,1,0
28300,1,0,1,150,1,326,0,1,0,0,1,0,0,0,1,0
27500,1,0,1,150,1,350,0,0,1,0,0,0,0,0,0,1
25500,1,5,1,110,1,326,0,0,0,1,0,0,0,0,1,0
25500,1,5,1,110,1,350,0,0,0,1,0,0,0,0,0,1
20990,1,22000,1,116,1,163,0,0,1,0,0,0,1,1,0,0
21500,5,67000,1,150,0,783,0,1,0,0,1,0,0,0,0,1
17990,5,67000,1,150,1,123,0,1,0,0,0,0,1,0,0,0
20900,2,6000,0,110,1,293,0,0,0,0,0,0,1,1,0,0
17900,4,38500,1,110,1,628,0,0,0,1,0,0,1,0,0,1
21000,5,75000,1,150,0,184,0,0,1,0,1,0,0,1,0,0
23000,5,45000,1,150,0,68,0,0,0,0,1,0,0,0,0,0
15000,5,97000,1,110,0,750,0,0,1,0,0,0,0,0,0,1
20900,3,37000,0,130,0,121,0,0,0,0,1,0,0,1,0,0
