Prezzo,Anni,Chilometraggio,Cambio,CV,Venditore,Distanza,is_Ibrido vs Benzina,is_GPL vs Benzina,is_Diesel vs Benzina,is_Elettrico vs Benzina,is_sport vs base,is_performance vs base,is_middle vs base,is NO vs NE,is Centro vs NE,is Sud_Isole vs NE
7400,2,350000,1,116,1,214,1,0,0,0,0,0,1,1,0,0
8900,4,2200000,1,116,0,68,1,0,0,0,0,0,1,0,0,0
10900,3,691500,0,116,1,121,0,0,0,0,0,0,0,0,0,0
11000,5,1100000,0,116,0,105,0,0,0,0,0,0,1,0,1,0
11900,3,471520,0,116,1,286,0,0,0,0,0,0,0,1,0,0
12000,3,906540,0,116,1,189,0,0,0,0,0,0,1,1,0,0
11600,4,950000,0,116,0,296,0,0,0,0,0,0,0,0,1,0
12990,4,870000,1,116,1,176,1,0,0,0,1,0,0,1,0,0
12500,4,510000,0,116,0,342,0,0,0,0,0,0,0,0,1,0
12100,5,1127320,1,116,0,333,1,0,0,0,0,0,0,0,1,0
13000,4,700000,0,116,0,259,0,0,0,0,0,0,0,1,0,0
12300,5,1208170,1,116,1,326,1,0,0,0,0,0,1,0,1,0
12900,4,492770,0,116,1,239,0,0,0,0,0,0,0,0,0,0
12900,4,497830,0,116,1,287,0,0,0,0,0,0,0,1,0,0
12600,3,700000,0,116,1,215,0,0,0,0,0,0,1,1,0,0
12300,4,990000,0,116,0,124,0,0,0,0,0,0,0,0,0,0
12500,4,890000,0,116,1,114,0,0,0,0,0,0,0,1,0,0
12800,5,1297040,1,116,1,326,1,0,0,0,0,0,0,0,1,0
12400,4,571690,0,116,1,108,0,0,0,0,0,0,1,0,1,0
12600,3,680970,0,116,1,276,0,0,0,0,0,0,0,1,0,0
12900,4,2200000,1,116,0,155,1,0,0,0,0,0,1,0,0,0
12600,5,1090000,1,116,1,233,1,0,0,0,0,0,1,1,0,0
13990,5,904110,1,116,1,180,1,0,0,0,0,0,0,1,0,0
13400,5,1042490,1,116,1,108,1,0,0,0,0,0,0,0,1,0
13700,3,550000,0,116,1,86,0,0,0,0,0,0,1,0,0,0
13900,3,650000,0,116,1,326,0,0,0,0,0,0,0,0,1,0
13990,5,904110,1,116,1,40,1,0,0,0,0,0,0,0,0,0
13990,5,175000,0,116,1,168,0,0,0,0,0,0,0,1,0,0
13900,5,887000,1,116,1,326,1,0,0,0,0,0,1,0,1,0
13600,4,369100,0,116,0,231,0,0,0,0,0,0,0,1,0,0
13400,5,1540000,1,116,0,276,1,0,0,0,0,0,1,1,0,0
13500,4,1300000,1,116,0,74,1,0,0,0,0,0,1,0,0,0
13900,4,562770,0,116,1,116,0,0,0,0,0,0,1,0,0,0
13900,4,500000,0,116,1,215,0,0,0,0,0,0,0,1,0,0
13988,5,799990,1,116,1,191,1,0,0,0,0,0,0,1,0,0
13800,5,977390,1,116,1,326,1,0,0,0,0,0,0,0,1,0
13500,3,670000,0,116,1,326,0,0,0,0,0,0,0,0,1,0
13400,4,1139000,1,116,1,116,1,0,0,0,0,0,0,0,0,0
13300,5,1260000,1,116,1,326,1,0,0,0,0,0,1,0,1,0
13900,3,667000,0,116,1,152,0,0,0,0,0,0,1,1,0,0
13900,3,581530,0,116,1,106,0,0,0,0,0,0,0,1,0,0
13499,5,900000,1,116,1,87,1,0,0,0,0,0,1,0,1,0
13999,5,1352290,1,116,1,177,1,0,0,0,0,0,1,1,0,0
13990,3,646470,0,116,1,72,0,0,0,0,0,0,0,0,0,0
13300,3,768000,0,116,1,116,0,0,0,0,0,0,0,0,0,0
13500,3,730000,0,116,1,79,0,0,0,0,0,0,0,0,0,0
13900,4,1150000,1,116,1,222,1,0,0,0,0,0,0,1,0,0
13900,4,616640,0,116,1,177,0,0,0,0,0,0,0,1,0,0
13900,3,471520,0,116,1,290,0,0,0,0,0,0,0,1,0,0
14000,5,1100000,1,116,0,177,1,0,0,0,0,0,0,1,0,0
13900,3,507680,0,116,1,286,0,0,0,0,0,0,0,1,0,0
13500,3,782470,0,116,1,166,0,0,0,0,0,0,0,1,0,0
13900,3,812990,0,116,1,121,0,0,0,0,0,0,0,0,0,0
13900,3,750000,0,116,1,171,0,0,0,0,0,0,0,1,0,0
13500,3,754960,0,116,1,121,0,0,0,0,0,0,0,1,0,0
13900,3,747250,0,116,1,106,0,0,0,0,0,0,0,1,0,0
13900,3,676180,0,116,1,121,0,0,0,0,0,0,0,1,0,0
13950,3,780000,1,116,0,342,1,0,0,0,0,0,0,0,1,0
14800,4,528000,0,116,1,326,0,0,0,0,0,0,1,0,1,0
14500,4,276940,0,116,1,326,0,0,0,0,0,0,0,0,1,0
14900,4,887500,1,116,1,326,1,0,0,0,0,0,0,0,1,0
14800,5,640000,1,116,1,326,1,0,0,0,0,0,0,0,1,0
14900,4,753620,1,116,1,162,1,0,0,0,0,0,0,1,0,0
14400,4,624350,1,116,1,326,1,0,0,0,0,0,0,0,1,0
15000,5,701000,1,116,1,270,1,0,0,0,0,0,0,1,0,0
14700,4,930000,1,116,1,121,1,0,0,0,0,0,0,1,0,0
14950,4,630000,0,116,1,145,0,0,0,0,0,0,1,0,0,0
14900,5,766010,0,116,1,326,0,0,0,0,0,0,1,0,1,0
14290,4,1069080,1,116,1,40,1,0,0,0,0,0,0,0,0,0
14900,3,100,0,116,1,178,0,0,0,0,0,0,0,1,0,0
14890,4,450000,1,116,1,326,1,0,0,0,0,0,0,0,1,0
14500,4,930000,1,116,0,106,1,0,0,0,0,0,1,0,0,0
14990,4,937510,1,116,1,232,1,0,0,0,0,0,1,1,0,0
14100,4,900000,1,116,1,538,1,0,0,0,0,0,1,0,0,1
14900,4,432000,1,116,1,326,1,0,0,0,0,0,0,0,1,0
15000,5,690000,1,116,0,326,1,0,0,0,0,0,0,0,1,0
14900,5,527670,1,116,1,287,1,0,0,0,0,0,1,1,0,0
14800,4,450000,0,116,0,140,0,0,0,0,0,0,1,0,1,0
15000,4,390000,0,116,1,137,0,0,0,0,0,0,1,0,0,0
15000,4,750000,1,116,0,611,1,0,0,0,0,0,0,0,0,1
14900,4,705930,1,116,1,162,1,0,0,0,0,0,0,1,0,0
14500,5,750000,1,116,1,362,1,0,0,0,0,0,0,0,1,0
14500,4,1350000,1,116,1,30,1,0,0,0,0,0,1,0,0,0
14400,4,1090000,1,116,1,177,1,0,0,0,0,0,0,1,0,0
14350,4,1023420,1,116,1,205,1,0,0,0,0,0,1,1,0,0
14900,4,592330,1,116,1,326,1,0,0,0,0,0,0,0,1,0
14400,4,576260,0,116,1,89,0,0,0,0,0,0,0,0,0,0
14400,4,1200610,1,116,1,259,1,0,0,0,0,0,1,1,0,0
14250,4,555070,0,116,1,344,0,0,0,0,0,0,1,0,1,0
14500,4,678150,0,116,1,142,0,0,0,0,0,0,1,0,0,0
14900,5,1300000,1,116,1,326,1,0,0,0,0,0,0,0,1,0
14490,4,663000,1,116,1,326,1,0,0,0,0,0,0,0,1,0
14899,4,978000,1,116,1,87,1,0,0,0,0,0,0,0,1,0
14500,4,378900,0,116,1,911,0,0,0,0,0,0,0,0,0,1
14290,3,559370,0,116,1,25,0,0,0,0,0,0,0,0,0,0
14750,5,344640,0,116,1,276,0,0,0,0,0,0,0,1,0,0
14750,5,891700,1,116,1,611,1,0,0,0,0,0,0,0,0,1
14300,3,547790,0,116,1,168,0,0,0,0,0,0,0,1,0,0
14490,3,691190,0,116,1,72,0,0,0,0,0,0,0,0,0,0
14100,5,889500,1,116,1,385,1,0,0,0,0,0,0,0,1,0
14500,4,424560,0,116,1,178,0,0,0,0,0,0,1,1,0,0
14290,4,1069080,1,116,1,180,1,0,0,0,0,0,0,1,0,0
14900,5,1773970,1,116,1,276,1,0,0,0,0,0,1,1,0,0
14500,4,1170000,1,116,0,764,1,0,0,0,0,0,0,0,0,1
14500,3,680000,0,116,1,165,0,0,0,0,0,0,0,1,0,0
14690,5,591370,0,116,1,42,0,0,0,0,0,0,1,0,0,0
14900,5,950000,1,116,1,326,1,0,0,0,0,0,0,0,1,0
15900,3,200000,1,116,1,270,1,0,0,0,0,0,0,1,0,0
15900,5,1009830,1,116,1,108,1,0,0,0,0,0,1,0,1,0
15400,5,436390,1,116,1,177,1,0,0,0,0,0,0,1,0,0
15900,4,636850,1,116,1,326,1,0,0,0,0,0,1,0,1,0
15400,4,1033660,1,116,1,80,1,0,0,0,0,0,0,0,0,0
15900,3,614950,1,116,1,116,1,0,0,0,0,0,0,0,0,0
15800,3,673690,0,116,1,105,0,0,0,0,0,0,1,0,1,0
15900,5,862280,1,116,1,101,1,0,0,0,0,0,1,0,0,0
15900,3,614970,1,116,1,116,1,0,0,0,0,0,0,0,0,0
15490,4,706550,1,116,1,180,1,0,0,0,0,0,0,1,0,0
15490,4,706550,1,116,1,40,1,0,0,0,0,0,0,0,0,0
15300,5,830000,1,116,1,326,1,0,0,0,0,0,0,0,1,0
15800,5,250000,1,116,1,85,1,0,0,0,0,0,1,0,1,0
15500,4,853070,1,116,0,264,1,0,0,0,0,0,1,1,0,0
16000,5,600000,1,116,0,234,1,0,0,0,0,0,1,0,0,0
16000,5,558520,1,116,0,326,1,0,0,0,0,0,1,0,1,0
15500,2,540000,1,116,1,326,1,0,0,0,0,0,0,0,1,0
15500,4,1002730,1,116,0,139,1,0,0,0,0,0,0,0,0,0
15900,4,579320,1,116,1,326,1,0,0,0,0,0,1,0,1,0
15500,4,300080,0,116,0,146,0,0,0,0,0,0,1,0,1,0
16000,5,833570,1,116,0,177,1,0,0,0,0,0,1,1,0,0
15500,4,610000,1,116,0,222,1,0,0,0,0,0,1,1,0,0
15800,5,509660,1,116,1,178,1,0,0,0,0,0,0,1,0,0
15890,3,437880,1,116,0,861,1,0,0,0,0,0,1,0,0,1
15900,4,276940,0,116,1,326,0,1,0,0,0,0,0,0,1,0
15390,3,429190,0,116,1,42,0,0,0,0,0,0,1,0,0,0
15800,5,800000,1,116,1,86,1,0,0,0,0,0,0,0,0,0
15900,4,444440,1,116,1,83,1,0,0,0,0,0,0,0,1,0
15400,4,912900,1,116,1,177,1,0,0,0,0,0,1,1,0,0
16000,5,642610,1,116,0,381,1,0,0,0,0,0,0,0,1,0
15980,3,430000,1,116,1,326,1,0,0,0,0,0,0,0,1,0
15900,3,640600,1,116,1,116,1,0,0,0,0,0,0,0,0,0
15900,5,750000,1,116,0,286,1,0,0,0,0,0,1,1,0,0
15800,3,618150,1,116,1,186,1,0,0,0,0,0,0,1,0,0
15999,4,573050,1,116,1,554,1,0,0,0,0,0,0,0,0,1
15900,4,532100,1,116,1,177,1,0,0,0,0,0,0,1,0,0
15950,4,544080,1,116,1,276,1,0,0,0,0,0,0,1,0,0
16000,4,280000,0,116,0,326,0,0,0,0,0,0,0,0,1,0
15900,4,1200000,1,116,0,178,1,0,0,0,0,0,1,1,0,0
15350,4,1040000,1,116,1,163,1,0,0,0,0,0,0,0,0,0
15900,3,770920,1,116,1,67,1,0,0,0,0,0,0,1,0,0
15500,3,395560,0,116,1,276,0,0,0,0,0,0,1,1,0,0
15500,4,640050,1,116,1,261,1,0,0,0,0,0,0,0,1,0
15990,5,789000,1,116,1,128,1,0,0,0,0,0,0,0,0,0
15500,5,740000,1,116,1,326,1,0,0,0,0,0,0,0,1,0
15990,5,875000,1,116,1,202,1,0,0,0,0,0,1,1,0,0
15600,5,890000,1,116,1,156,1,0,0,0,0,0,1,1,0,0
15900,5,998000,1,116,0,25,1,0,0,0,0,0,1,0,0,0
16000,4,690000,1,116,0,276,1,0,0,0,0,0,1,1,0,0
15950,4,984000,1,116,1,87,1,0,0,0,0,0,1,0,0,0
15900,5,1048410,1,116,1,108,1,0,0,0,0,0,1,0,1,0
15900,5,654000,1,116,1,194,1,0,0,0,0,0,0,0,1,0
15900,4,850000,1,116,1,191,1,0,0,0,0,0,1,1,0,0
15600,4,468000,0,116,1,190,0,0,0,0,0,0,0,1,0,0
15900,4,908570,1,116,1,116,1,0,0,0,0,0,1,0,0,0
15900,4,453760,1,116,1,326,1,0,0,0,0,0,1,0,1,0
15900,4,760000,1,116,1,326,1,0,0,0,0,0,0,0,1,0
15900,5,912660,1,116,1,108,1,0,0,0,0,0,1,0,1,0
15490,4,706550,1,116,1,27,1,0,0,0,0,0,0,0,0,0
15400,5,730000,1,116,0,914,1,0,0,0,0,0,0,0,0,1
15800,4,818900,1,116,1,326,1,0,0,0,0,0,0,0,1,0
15950,4,984000,1,116,1,30,1,0,0,0,0,0,1,0,0,0
15400,4,844220,1,116,1,499,1,0,0,0,0,0,1,0,0,1
15950,4,984000,1,116,1,57,1,0,0,0,0,0,1,0,0,0
15950,4,620000,1,116,1,344,1,0,0,0,0,0,0,0,1,0
15900,5,912730,1,116,1,108,1,0,0,0,0,0,1,0,1,0
15950,4,984000,1,116,1,23,1,0,0,0,0,0,1,0,0,0
15950,4,984000,1,116,1,16,1,0,0,0,0,0,1,0,0,0
15500,3,604300,0,116,1,276,0,0,0,0,0,0,0,1,0,0
15950,4,984000,1,116,1,16,1,0,0,0,0,0,1,0,0,0
15900,5,825910,1,116,1,326,1,0,0,0,0,0,1,0,1,0
16000,5,937640,1,116,0,326,1,0,0,0,0,0,0,0,1,0
15500,5,1670000,1,116,0,326,1,0,0,0,0,0,1,0,1,0
15400,5,730000,1,116,0,914,1,0,0,0,0,0,0,0,0,1
15501,4,650000,0,116,1,200,0,0,0,0,0,0,0,0,1,0
15490,5,400000,1,116,1,326,1,0,0,0,0,0,1,0,1,0
16400,4,952130,1,116,1,204,1,0,0,0,0,0,1,0,1,0
17000,3,180000,1,116,1,114,1,0,0,0,0,0,0,0,1,0
16500,4,806570,1,116,1,326,1,0,0,0,0,0,1,0,1,0
16900,4,540000,1,116,1,326,1,0,0,0,0,0,0,0,1,0
16900,5,681990,1,116,1,101,1,0,0,0,0,0,1,0,0,0
16200,4,466620,1,116,1,326,1,0,0,0,0,0,1,0,1,0
16500,3,635400,1,116,1,276,1,0,0,0,0,0,0,1,0,0
16300,4,664980,1,116,1,31,0,0,0,0,0,0,1,0,0,0
16500,5,675500,1,116,1,326,1,0,0,0,0,0,1,0,1,0
16300,4,615000,1,116,1,326,1,0,0,0,0,0,0,0,1,0
16500,4,339090,1,116,1,550,1,0,0,0,0,0,0,0,0,1
17000,3,565850,1,116,1,499,1,0,0,0,0,0,1,0,0,1
16980,0,10,1,116,1,326,1,0,0,0,0,0,0,0,1,0
16900,4,180000,1,116,1,326,1,0,0,0,0,0,1,0,1,0
16900,4,500000,1,116,1,156,1,0,0,0,0,0,1,0,0,0
16800,4,490100,1,116,0,239,1,0,0,0,0,0,1,1,0,0
16300,3,800000,1,116,0,239,1,0,0,0,0,0,1,1,0,0
16800,3,481820,1,116,1,184,1,0,0,0,0,0,1,1,0,0
16500,4,325000,1,116,1,99,1,0,0,0,0,0,1,0,1,0
17000,2,315000,1,116,0,65,1,0,0,0,0,0,0,0,0,0
16800,5,600000,1,116,0,42,1,0,0,0,0,0,1,0,0,0
16800,4,610000,1,116,0,326,1,0,0,0,0,0,1,0,1,0
16900,3,724030,1,116,1,106,1,0,0,0,0,0,1,0,1,0
16900,4,569910,1,116,1,23,1,0,0,0,0,0,1,0,0,0
16800,3,481820,1,116,1,511,1,0,0,0,0,0,1,0,0,1
16900,1,155000,1,116,1,216,1,0,0,0,0,0,0,1,0,0
16200,5,720120,1,116,1,177,1,0,0,0,0,0,0,1,0,0
16200,3,528430,1,116,1,186,1,0,0,0,0,0,0,1,0,0
16499,5,380000,1,116,1,326,1,0,0,0,0,0,1,0,1,0
16200,5,540180,1,116,1,106,1,0,0,0,0,0,0,0,1,0
16999,4,317690,1,116,1,283,1,0,0,0,0,0,0,1,0,0
16180,4,882430,1,116,1,149,1,0,0,0,1,0,0,1,0,0
16300,2,747440,1,116,1,16,1,0,0,0,0,0,0,0,0,0
16500,4,470000,1,116,1,521,1,0,0,0,0,0,1,0,0,1
16700,4,693800,1,116,1,177,1,0,0,0,0,0,1,1,0,0
16990,3,600000,1,116,1,377,1,0,0,0,0,0,1,0,1,0
16900,5,386000,1,116,1,568,1,0,0,0,0,0,1,0,0,1
16800,5,540000,1,116,1,189,1,0,0,0,0,0,1,1,0,0
16900,5,967690,1,116,1,23,1,0,0,0,0,0,1,0,0,0
16990,5,263310,1,116,1,488,1,0,0,0,0,0,0,0,0,1
16900,4,844540,1,116,1,190,1,0,0,0,0,0,1,1,0,0
16500,3,202110,0,116,1,326,0,0,0,0,0,0,1,0,1,0
16900,2,605000,1,116,1,270,1,0,0,0,0,0,0,1,0,0
16990,4,700000,1,116,1,424,1,0,0,0,0,0,0,0,0,1
16900,3,803480,1,116,1,177,1,0,0,0,0,0,1,1,0,0
16800,5,775640,1,116,1,141,1,0,0,0,0,0,1,0,0,0
16500,4,617260,1,116,1,177,1,0,0,0,0,0,1,1,0,0
16999,4,520030,1,116,1,114,1,0,0,0,0,0,0,1,0,0
16900,3,535000,1,116,1,383,1,0,0,0,0,0,1,0,1,0
16500,5,739220,1,116,1,22,1,0,0,0,0,0,0,0,0,0
16200,4,525370,1,116,1,270,1,0,0,0,0,0,0,1,0,0
16500,4,748000,1,116,1,162,1,0,0,0,0,0,0,0,0,0
16500,4,1147520,1,116,1,326,1,0,0,0,0,0,0,0,1,0
16990,4,650000,1,116,1,326,1,0,0,0,0,0,1,0,1,0
16990,4,535890,1,116,1,488,1,0,0,0,0,0,0,0,0,1
16900,5,720000,1,116,1,120,1,0,0,0,0,0,1,1,0,0
16390,4,440000,0,116,0,326,0,0,0,0,0,0,0,0,1,0
16800,3,370000,0,116,0,86,0,0,0,0,0,0,0,0,0,0
16400,4,705450,1,116,1,108,1,0,0,0,0,0,1,0,1,0
16400,5,860000,1,116,1,608,1,0,0,0,0,0,0,0,0,1
16500,3,300000,0,116,0,490,0,0,0,0,0,0,1,0,0,1
16500,5,1300000,1,116,0,16,1,0,0,0,0,0,1,0,0,0
16200,5,808260,1,116,1,177,1,0,0,0,0,0,0,1,0,0
16200,3,994000,1,116,1,163,1,0,0,0,0,0,0,0,0,0
16400,4,859830,1,116,1,177,1,0,0,0,0,0,1,1,0,0
16500,5,628000,1,116,1,163,1,0,0,0,0,0,0,0,0,0
16900,4,489990,1,116,1,348,1,0,0,0,0,0,0,0,1,0
16200,3,800000,1,116,1,232,1,0,0,0,0,0,0,1,0,0
17000,5,790000,1,116,0,172,0,0,0,0,0,0,1,1,0,0
16400,4,726140,1,116,1,108,1,0,0,0,0,0,1,0,1,0
16900,2,675430,1,116,1,23,1,0,0,0,0,0,0,0,0,0
16400,4,457370,1,116,1,108,1,0,0,0,0,0,1,0,1,0
16900,4,629300,1,116,1,857,1,0,0,0,0,0,0,0,0,1
16900,3,596610,1,116,1,116,1,0,0,0,0,0,0,0,0,0
16800,5,830000,1,116,1,177,1,0,0,0,0,0,1,1,0,0
16950,5,645880,1,116,1,276,1,0,0,0,0,0,1,1,0,0
16500,4,450000,0,116,0,842,0,0,0,0,0,0,1,0,0,1
16800,5,775640,1,116,1,239,1,0,0,0,0,0,1,0,0,0
16200,4,940000,1,116,1,210,1,0,0,0,0,0,0,1,0,0
16500,3,776000,1,116,1,171,1,0,0,0,0,0,0,1,0,0
16500,5,716380,1,116,1,798,1,0,0,0,0,0,1,0,0,1
16900,4,600000,1,116,1,499,1,0,0,0,0,0,0,0,0,1
16500,5,706480,1,116,1,798,1,0,0,0,0,0,1,0,0,1
16500,5,830080,1,116,1,798,1,0,0,0,0,0,1,0,0,1
16900,3,1003840,1,116,1,121,1,0,0,0,0,0,0,1,0,0
16950,3,630000,1,116,1,232,1,0,0,0,0,0,0,1,0,0
16500,4,882480,1,116,1,276,1,0,0,0,0,0,0,1,0,0
16900,4,1042350,1,116,1,276,1,0,0,0,0,0,1,1,0,0
16900,4,1251370,1,116,1,121,1,0,0,0,0,0,0,1,0,0
16500,5,640000,1,116,1,358,1,0,0,0,0,0,0,0,1,0
16900,4,716540,1,116,1,20,1,0,0,0,0,0,0,0,0,0
16900,4,812630,1,116,1,276,1,0,0,0,0,0,0,1,0,0
16900,4,693000,1,116,1,326,1,0,0,0,0,0,0,0,1,0
17000,4,272000,1,116,0,326,1,0,0,0,0,0,1,0,1,0
16980,0,10,1,116,1,326,1,0,0,0,0,0,0,0,1,0
16980,0,10,1,116,1,120,1,0,0,0,0,0,0,0,1,0
16980,0,10,1,116,1,82,1,0,0,0,0,0,0,0,1,0
16500,5,400000,1,116,0,326,1,0,0,0,0,0,1,0,1,0
16980,0,10,1,116,1,170,1,0,0,0,0,0,0,1,0,0
17900,3,200,1,116,1,55,1,0,0,0,0,0,0,0,0,0
17900,2,440000,1,116,1,121,1,0,0,0,0,0,1,1,0,0
17500,3,760000,1,116,1,326,1,0,0,0,0,0,1,0,1,0
17500,2,507350,1,116,1,176,1,0,0,0,0,0,0,0,1,0
17900,4,240000,1,116,1,341,1,0,0,0,0,0,1,0,1,0
17990,3,382960,1,116,1,276,1,0,0,0,0,0,1,1,0,0
17900,4,355000,1,116,1,178,1,0,0,0,0,0,1,1,0,0
17950,3,519970,1,116,1,276,1,0,0,0,0,0,1,1,0,0
17990,4,290000,1,116,1,275,1,0,0,0,0,0,1,1,0,0
17400,4,232740,1,116,1,326,1,0,0,0,0,0,1,0,1,0
17890,1,181510,1,116,1,83,1,0,0,0,0,0,0,0,0,0
17600,3,370000,1,116,1,232,1,0,0,0,0,0,0,1,0,0
17500,4,214000,1,116,1,495,1,0,0,0,0,0,0,0,0,1
17601,4,683000,1,116,1,200,1,0,0,0,0,0,1,0,1,0
17800,4,162780,1,116,1,31,1,0,0,0,0,0,0,0,0,0
17900,2,407800,1,116,1,165,1,0,0,0,0,0,0,1,0,0
17700,4,395140,1,116,1,97,1,0,0,0,0,0,0,0,0,0
17490,4,580000,1,116,1,128,1,0,0,0,0,0,0,0,0,0
17800,4,343040,1,116,1,326,1,0,0,0,0,0,0,0,1,0
17990,4,490000,1,116,1,186,1,0,0,0,0,0,0,1,0,0
17300,4,729270,1,116,1,97,1,0,0,0,0,0,1,0,0,0
18000,4,767680,1,116,1,95,1,0,0,0,0,0,1,0,0,0
17500,4,780000,1,116,0,326,0,0,0,0,0,0,1,0,1,0
17490,4,295000,1,116,0,140,1,0,0,0,0,0,1,0,1,0
17900,3,290,1,116,1,65,1,0,0,0,0,0,0,0,0,0
17500,4,141970,1,116,1,16,1,0,0,0,0,0,1,0,0,0
18000,5,125810,1,116,0,196,1,0,0,0,0,0,1,1,0,0
17900,2,901620,1,116,1,87,1,0,0,0,1,0,0,0,0,0
17900,4,553320,1,116,1,326,1,0,0,0,0,0,0,0,1,0
18000,2,250000,1,116,0,280,1,0,0,0,0,0,0,0,1,0
17500,3,98760,1,116,1,691,1,0,0,0,0,0,1,0,0,1
18000,2,260000,1,116,0,326,1,0,0,0,0,0,0,0,1,0
17500,1,130000,1,116,1,86,1,0,0,0,0,0,0,0,0,0
17400,3,400000,1,116,1,177,1,0,0,0,0,0,1,1,0,0
17300,4,357810,1,116,1,16,1,0,0,0,0,0,1,0,0,0
17500,5,450000,1,116,1,30,1,0,0,0,0,0,1,0,0,0
17800,3,670000,1,116,0,101,1,0,0,0,0,0,1,0,0,0
17890,1,148000,1,116,1,83,1,0,0,0,0,0,0,0,0,0
17900,5,573990,1,116,1,177,1,0,0,0,0,0,1,1,0,0
17990,2,325740,1,116,1,214,1,0,0,0,0,0,0,1,0,0
17900,4,81620,1,116,1,326,1,0,0,0,0,0,0,0,1,0
17900,4,180000,1,116,1,30,1,0,0,0,0,0,1,0,0,0
17900,3,895000,1,116,1,132,1,0,0,0,0,0,1,0,0,0
18000,4,535000,1,116,0,326,1,0,0,0,0,0,1,0,1,0
17900,2,260000,1,116,1,92,1,0,0,0,0,0,0,0,0,0
17990,3,242770,1,116,1,25,1,0,0,0,0,0,0,0,0,0
17500,5,158890,1,116,1,31,1,0,0,0,0,0,1,0,0,0
17300,5,620000,1,116,0,93,1,0,0,0,0,0,1,0,1,0
17900,2,377820,1,116,1,106,1,0,0,0,0,0,0,1,0,0
17890,1,162000,1,116,1,83,1,0,0,0,0,0,0,0,0,0
17900,4,532000,1,116,1,190,1,0,0,0,0,0,1,1,0,0
17900,2,901620,1,116,1,23,1,0,0,0,1,0,0,0,0,0
17900,2,901620,1,116,1,16,1,0,0,0,1,0,0,0,0,0
17900,2,901620,1,116,1,30,1,0,0,0,1,0,0,0,0,0
17900,2,901620,1,116,1,57,1,0,0,0,1,0,0,0,0,0
17990,2,414100,1,116,1,214,1,0,0,0,0,0,0,1,0,0
17800,4,538000,1,116,1,105,1,0,0,0,0,0,1,0,1,0
17990,4,259160,1,116,1,72,1,0,0,0,0,0,1,0,0,0
18000,3,364500,1,116,1,177,1,0,0,0,0,0,1,1,0,0
17900,4,716320,1,116,1,165,1,0,0,0,0,0,1,1,0,0
17900,2,901620,1,116,1,16,1,0,0,0,1,0,0,0,0,0
17900,4,536370,1,116,1,190,1,0,0,0,0,0,1,1,0,0
17400,3,545530,1,116,1,116,1,0,0,0,0,0,1,0,0,0
17500,1,450000,1,116,1,121,1,0,0,0,0,0,0,0,0,0
17950,4,664340,1,116,1,178,1,0,0,0,0,0,1,1,0,0
17500,5,680000,1,116,0,326,1,0,0,0,0,0,1,0,1,0
17500,3,609070,1,116,1,608,0,0,0,0,0,0,0,0,0,1
17700,4,600000,1,116,1,160,1,0,0,0,0,0,1,0,0,0
17299,5,637840,1,116,1,86,1,0,0,0,0,0,1,0,0,0
17299,5,637840,1,116,1,177,1,0,0,0,0,0,1,1,0,0
17200,3,523000,1,116,1,276,1,0,0,0,0,0,1,1,0,0
17200,4,589800,1,116,1,216,1,0,0,0,0,0,1,1,0,0
17900,4,754320,1,116,1,165,1,0,0,0,0,0,1,1,0,0
17500,3,667000,1,116,1,101,1,0,0,0,0,0,1,0,0,0
17900,4,581600,1,116,1,276,1,0,0,0,0,0,1,1,0,0
17500,5,620000,1,116,0,171,1,0,0,0,0,0,1,1,0,0
17490,5,300000,1,116,1,713,1,0,0,0,0,0,1,0,0,1
17500,2,634820,1,116,1,121,1,0,0,0,0,0,0,1,0,0
17900,5,529990,1,116,1,121,1,0,0,0,0,0,1,0,0,0
17700,4,483250,1,116,1,265,1,0,0,0,0,0,1,1,0,0
17900,4,282850,1,116,1,116,1,0,0,0,0,0,1,0,0,0
17900,4,568470,1,116,1,177,1,0,0,0,0,0,1,1,0,0
17500,5,650000,1,116,0,12,1,0,0,0,0,0,1,0,0,0
17900,4,644070,1,116,1,55,1,0,0,0,0,0,1,0,0,0
17950,5,630000,1,116,1,163,1,0,0,0,0,0,0,0,0,0
17990,4,661130,1,116,1,25,1,0,0,0,0,0,1,0,0,0
17500,4,379000,1,116,1,30,1,0,0,0,0,0,0,0,0,0
17299,5,637840,1,116,1,485,1,0,0,0,0,0,1,0,0,1
17600,5,380700,1,116,1,276,1,0,0,0,0,0,0,1,0,0
17299,5,637840,1,116,1,25,1,0,0,0,0,0,1,0,0,0
17500,4,728820,1,116,1,222,1,0,0,0,0,0,1,1,0,0
17990,5,451020,1,116,1,25,1,0,0,0,0,0,1,0,0,0
17900,4,402990,1,116,1,40,1,0,0,0,0,0,1,0,0,0
17900,4,1186940,1,116,1,121,1,0,0,0,0,0,1,1,0,0
17900,4,685000,1,116,1,326,1,0,0,0,0,0,1,0,1,0
17299,5,637840,1,116,1,283,1,0,0,0,0,0,1,1,0,0
17500,4,560000,1,116,0,461,1,0,0,0,0,0,1,0,0,1
17490,4,769990,1,116,1,275,1,0,0,0,0,0,1,1,0,0
17500,5,286240,1,116,1,798,1,0,0,0,0,0,1,0,0,1
17500,2,450000,1,116,1,103,1,0,0,0,0,0,0,0,0,0
17900,4,480000,1,116,1,109,1,0,0,0,0,0,1,0,0,0
18000,4,370000,1,116,0,750,1,0,0,0,0,0,1,0,0,1
17500,5,375840,1,116,1,798,1,0,0,0,0,0,1,0,0,1
17299,5,637840,1,116,1,326,1,0,0,0,0,0,1,0,1,0
17400,4,607990,1,116,1,65,1,0,0,0,0,0,1,0,0,0
17900,4,180000,1,116,1,25,1,0,0,0,0,0,0,0,0,0
17290,3,701980,1,116,1,25,1,0,0,0,0,0,0,0,0,0
17900,5,616790,1,116,1,276,1,0,0,0,0,0,1,1,0,0
17701,4,790000,1,116,1,200,1,0,0,0,0,0,1,0,1,0
17500,4,555600,1,116,1,276,1,0,0,0,0,0,0,1,0,0
17299,5,637840,1,116,1,99,1,0,0,0,0,0,1,0,1,0
18000,3,120,0,116,1,475,0,0,0,0,0,0,0,0,0,1
17900,4,613060,1,116,1,121,1,0,0,0,0,0,1,1,0,0
17800,5,760000,1,116,1,285,1,0,0,0,0,0,0,1,0,0
18000,2,500000,1,116,0,314,1,0,0,0,0,0,0,0,1,0
17990,5,360000,1,116,1,628,1,0,0,0,0,0,0,0,0,1
17450,5,910000,1,116,1,724,1,0,0,0,0,0,1,0,0,1
17700,4,223000,1,116,0,191,1,0,0,0,0,0,1,0,0,0
18790,1,120150,1,116,1,276,1,0,0,0,0,0,1,1,0,0
18500,3,312780,1,116,1,326,1,0,0,0,0,0,1,0,1,0
18500,3,590690,1,116,1,121,1,0,0,0,0,0,1,1,0,0
18800,2,56910,1,116,1,496,1,0,0,0,0,0,0,0,0,1
18150,4,188000,1,116,1,83,1,0,0,0,0,0,1,0,1,0
18890,1,137000,1,116,1,225,1,0,0,0,0,0,0,1,0,0
18900,1,295380,1,116,1,65,1,0,0,0,0,0,0,0,0,0
18800,2,41620,1,116,1,496,1,0,0,0,0,0,0,0,0,1
19000,3,390000,1,116,0,276,1,0,0,0,0,0,1,1,0,0
19000,2,336000,1,116,0,99,1,0,0,0,0,0,1,0,1,0
18500,3,326220,1,116,0,178,1,0,0,0,0,0,1,1,0,0
18500,4,350000,1,116,0,25,1,0,0,0,0,0,1,0,0,0
18300,3,219000,1,116,1,270,1,0,0,0,0,0,1,1,0,0
18790,3,25650,1,116,1,42,1,0,0,0,0,0,0,0,0,0
18500,4,171300,1,116,1,276,1,0,0,0,0,0,1,1,0,0
18500,2,142000,1,116,0,326,1,0,0,0,0,0,0,0,1,0
18500,2,140000,1,116,0,90,1,0,0,0,0,0,1,0,0,0
18900,4,264900,0,116,0,326,1,0,0,0,0,0,1,0,1,0
18500,2,240000,1,116,1,36,1,0,0,0,0,0,1,0,0,0
18900,3,222000,1,116,1,103,1,0,0,0,0,0,1,0,0,0
18870,1,150000,1,116,1,91,1,0,0,0,0,0,0,0,1,0
18900,3,56210,1,116,1,116,1,0,0,0,0,0,1,0,0,0
18890,1,282480,1,116,1,25,1,0,0,0,0,0,0,0,0,0
18500,5,400000,1,116,1,30,1,0,0,0,0,0,1,0,0,0
18900,3,460000,1,116,1,121,1,0,0,0,0,0,1,1,0,0
18300,4,680000,1,116,1,326,1,0,0,0,0,0,1,0,1,0
18900,1,26080,1,116,1,55,1,0,0,0,0,0,0,0,0,0
18900,4,148000,1,116,1,276,1,0,0,0,0,0,1,1,0,0
18700,2,246450,0,116,0,101,1,0,0,0,0,0,0,0,0,0
18200,2,575460,1,116,1,102,1,0,0,0,0,0,1,1,0,0
18900,4,483630,1,116,1,177,1,0,0,0,0,0,1,1,0,0
18900,4,193900,1,116,1,121,1,0,0,0,0,0,1,1,0,0
18990,3,384520,1,116,1,341,1,0,0,0,0,0,1,0,1,0
18900,1,118200,1,116,1,189,1,0,0,0,0,0,0,1,0,0
18500,3,470000,1,116,0,163,1,0,0,0,0,0,1,1,0,0
18490,4,221390,1,116,1,42,1,0,0,0,0,0,1,0,0,0
18800,1,131710,1,116,1,178,1,0,0,0,0,0,0,1,0,0
18900,5,265000,1,116,1,276,1,0,0,0,0,0,1,1,0,0
18999,5,500000,1,116,0,166,1,0,0,0,0,0,1,1,0,0
18499,5,400280,1,116,1,326,1,0,0,0,0,0,1,0,1,0
18490,3,465300,1,116,1,72,1,0,0,0,0,0,1,0,0,0
18990,4,411830,1,116,1,276,1,0,0,0,0,0,0,1,0,0
18500,3,450000,1,116,0,341,1,0,0,0,0,0,1,0,1,0
18500,4,38500,0,116,1,63,0,0,0,0,0,0,0,0,0,0
18900,2,181960,1,116,1,223,1,0,0,0,0,0,0,0,1,0
18890,1,137000,1,116,1,177,1,0,0,0,0,0,0,1,0,0
18500,4,483450,1,116,1,103,1,0,0,0,0,0,1,0,0,0
18900,2,304000,1,116,1,103,1,0,0,0,0,0,0,0,0,0
18900,5,85000,1,116,1,30,1,0,0,0,0,0,1,0,0,0
18600,3,431070,1,116,1,276,1,0,0,0,0,0,1,1,0,0
18500,3,250000,1,116,1,106,1,0,0,0,0,0,1,0,1,0
18900,3,487280,1,116,1,190,1,0,0,0,0,0,1,1,0,0
18900,4,250000,1,116,1,25,1,0,0,0,0,0,1,0,0,0
18700,4,172240,1,116,1,307,1,0,0,0,0,0,1,0,0,1
18900,1,237000,1,116,1,857,1,0,0,0,0,0,0,0,0,1
18200,4,630000,1,116,0,486,1,0,0,0,0,0,1,0,0,1
18900,1,120000,1,116,1,204,1,0,0,0,0,0,0,0,1,0
18900,2,326670,1,116,1,116,1,0,0,0,0,0,1,0,0,0
18450,4,468560,1,116,1,377,1,0,0,0,0,0,0,0,0,1
18900,5,195190,1,116,1,177,1,0,0,0,0,0,1,1,0,0
18300,4,231210,1,116,1,326,1,0,0,0,0,0,0,0,1,0
18400,4,640660,1,116,1,177,1,0,0,0,0,0,1,1,0,0
18200,2,400000,1,116,1,232,1,0,0,0,0,0,0,1,0,0
18900,3,429990,1,116,1,65,1,0,0,0,0,0,1,0,0,0
18500,4,614510,1,116,1,187,1,0,0,0,0,0,1,1,0,0
18300,4,212510,1,116,1,276,1,0,0,0,0,0,0,1,0,0
18900,5,587700,1,116,1,177,1,0,0,0,0,0,1,1,0,0
18390,1,385590,1,116,1,25,1,0,0,0,0,0,0,0,0,0
18990,3,419490,1,116,1,72,1,0,0,0,0,0,1,0,0,0
18900,1,118200,1,116,1,178,1,0,0,0,0,0,0,1,0,0
18400,4,654960,1,116,1,116,1,0,0,0,0,0,1,0,0,0
18499,1,561500,1,116,1,911,1,0,0,0,0,0,0,0,0,1
18300,4,231210,1,116,1,389,1,0,0,0,0,0,0,0,0,1
18990,3,660000,1,116,1,275,1,0,0,0,0,0,1,1,0,0
18600,5,299560,1,116,1,798,1,0,0,0,0,0,1,0,0,1
18900,2,60000,1,116,1,858,1,0,0,0,0,0,0,0,0,1
18990,3,373290,1,116,1,42,1,0,0,0,0,0,1,0,0,0
18500,4,622590,1,116,1,276,1,0,0,0,0,0,0,1,0,0
18900,3,695200,1,116,1,165,1,0,0,0,0,0,1,1,0,0
18900,1,139080,1,116,1,187,1,0,0,0,0,0,0,1,0,0
18700,3,550000,1,116,1,30,1,0,0,0,0,0,1,0,0,0
18500,3,600000,1,116,0,189,1,0,0,0,0,0,1,1,0,0
18950,3,397570,1,116,1,276,1,0,0,0,0,0,1,1,0,0
18400,4,781970,1,116,1,108,1,0,0,0,0,0,0,0,1,0
18200,3,427000,1,116,1,326,1,0,0,0,0,0,0,0,1,0
18901,3,890000,1,116,1,200,1,0,0,0,1,0,0,0,1,0
18500,4,695000,1,116,1,165,1,0,0,0,0,0,1,1,0,0
18500,4,630820,1,116,1,121,1,0,0,0,0,0,1,1,0,0
18750,1,480000,1,116,1,232,1,0,0,0,0,0,0,1,0,0
18400,4,836210,1,116,1,108,1,0,0,0,0,0,0,0,1,0
18900,4,1240000,1,116,1,103,1,0,0,0,0,0,1,0,0,0
18900,2,617020,1,116,1,490,1,0,0,0,0,0,0,0,0,1
18900,3,542900,1,116,1,121,1,0,0,0,0,0,1,1,0,0
18900,1,130000,1,116,1,86,1,0,0,0,0,0,0,0,0,0
18900,1,370000,1,116,1,857,1,0,0,0,0,0,0,0,0,1
19000,2,273000,1,116,0,219,1,0,0,0,0,0,0,1,0,0
19900,3,407000,1,116,1,201,1,0,0,0,0,0,1,1,0,0
19400,3,572220,1,116,1,141,1,0,0,0,0,0,1,0,0,0
19900,4,420510,1,116,1,326,1,0,0,0,0,0,1,0,1,0
19500,1,150000,1,116,1,214,1,0,0,0,0,0,0,1,0,0
19500,3,537430,1,116,1,222,1,0,0,0,0,0,1,1,0,0
19500,3,290250,1,116,1,265,1,0,0,0,0,0,1,1,0,0
19390,1,184000,1,116,1,239,1,0,0,0,0,0,0,1,0,0
19900,2,319140,1,116,1,142,1,0,0,0,0,0,1,0,0,0
19500,2,227400,1,116,0,326,1,0,0,0,0,0,1,0,1,0
19900,2,350000,1,116,0,177,1,0,0,0,0,0,1,1,0,0
19800,5,88000,1,116,1,127,1,0,0,0,0,0,1,0,0,0
19900,2,17040,1,116,0,326,1,0,0,0,0,0,0,0,1,0
19890,3,620000,1,116,1,319,1,0,0,0,1,0,0,0,1,0
19900,1,210000,1,116,1,156,1,0,0,0,0,0,1,0,0,0
20000,2,190000,1,116,0,40,1,0,0,0,0,0,0,0,0,0
19446,3,230020,1,116,1,245,1,0,0,0,0,0,1,1,0,0
20000,1,100000,1,116,0,852,1,0,0,0,0,0,1,0,0,1
19900,5,850000,1,116,0,202,1,0,0,0,0,0,1,1,0,0
20000,2,240000,1,116,0,110,0,0,0,0,0,0,0,0,0,0
20000,3,277680,1,116,0,205,1,0,0,0,0,0,1,1,0,0
19500,1,30,1,116,1,488,1,0,0,0,0,0,0,0,0,1
19200,4,461900,1,116,1,142,1,0,0,0,0,0,1,0,0,0
19499,4,160000,1,116,1,372,1,0,0,0,0,0,1,0,1,0
19699,4,351530,1,116,1,283,1,0,0,0,1,0,0,1,0,0
19699,4,351530,1,116,1,485,1,0,0,0,1,0,0,0,0,1
19699,4,351530,1,116,1,86,1,0,0,0,1,0,0,0,0,0
19500,2,600000,1,116,1,187,1,0,0,0,0,0,1,1,0,0
19699,4,351530,1,116,1,326,1,0,0,0,1,0,0,0,1,0
19900,4,488000,1,116,0,30,1,0,0,0,0,0,1,0,0,0
19890,4,469380,1,116,1,178,1,0,0,0,0,0,0,1,0,0
19500,2,319430,1,116,1,121,1,0,0,0,0,0,1,1,0,0
19699,4,351530,1,116,1,99,1,0,0,0,1,0,0,0,1,0
19386,2,450120,1,116,1,201,1,0,0,0,0,0,1,1,0,0
19500,3,166270,1,116,1,307,1,0,0,0,0,0,1,0,0,1
19400,3,318110,1,116,1,55,1,0,0,0,0,0,1,0,0,0
19400,1,706950,1,116,1,177,1,0,0,0,0,0,1,1,0,0
19699,4,351530,1,116,1,628,1,0,0,0,1,0,0,0,0,1
19900,2,87000,1,116,1,750,1,0,0,0,0,0,0,0,0,1
19499,4,196030,1,116,1,326,1,0,0,0,0,0,1,0,1,0
19800,1,151000,1,116,1,101,1,0,0,0,0,0,0,1,0,0
19900,3,527000,1,116,1,109,1,0,0,0,0,0,1,0,0,0
19900,3,454150,1,116,1,177,1,0,0,0,0,0,1,1,0,0
19490,3,310000,1,116,1,275,1,0,0,0,0,0,1,1,0,0
19699,4,351530,1,116,1,25,1,0,0,0,1,0,0,0,0,0
19900,2,605590,1,116,1,106,1,0,0,0,0,0,1,0,1,0
19990,1,135000,1,116,1,100,1,0,0,0,0,0,0,1,0,0
19900,2,478000,1,116,1,121,1,0,0,0,0,0,1,1,0,0
19900,4,659300,1,116,1,121,1,0,0,0,0,0,0,1,0,0
19950,4,704080,1,116,1,276,1,0,0,0,0,0,0,1,0,0
19900,3,358270,1,116,1,121,1,0,0,0,0,0,1,1,0,0
20000,2,203000,1,116,1,499,1,0,0,0,0,0,1,0,0,1
20000,1,144940,1,116,1,177,1,0,0,0,0,0,0,1,0,0
19700,2,346000,1,116,1,247,1,0,0,0,0,0,1,0,1,0
20200,2,120000,1,116,1,276,1,0,0,0,0,0,1,1,0,0
20900,0,10,1,116,1,177,1,0,0,0,0,0,0,1,0,0
20900,1,150000,1,116,1,86,1,0,0,0,0,0,0,0,0,0
20900,4,671890,1,116,1,97,1,0,0,0,0,0,1,0,0,0
21000,0,100,1,116,1,471,1,0,0,0,0,0,0,0,0,1
20900,3,493480,1,116,1,276,1,0,0,0,1,0,0,1,0,0
20900,1,283000,1,116,1,314,1,0,0,0,0,0,1,0,1,0
20800,2,538820,1,116,1,177,1,0,0,0,0,0,1,1,0,0
20400,1,150000,1,116,1,31,1,0,0,0,0,0,1,0,0,0
21000,2,143000,1,116,0,177,1,0,0,0,0,0,1,1,0,0
20490,4,344590,1,116,1,276,1,0,0,0,0,0,1,1,0,0
20900,2,204780,1,116,1,177,1,0,0,0,0,0,1,1,0,0
20200,0,10,1,116,1,698,1,0,0,0,0,0,0,0,0,1
20300,4,229480,1,116,1,128,1,0,0,0,0,0,1,0,0,0
21000,2,159970,1,116,0,341,1,0,0,0,0,0,1,0,1,0
21000,5,660000,1,116,0,326,1,0,0,0,0,0,1,0,1,0
20600,2,350000,1,116,1,276,1,0,0,0,0,0,1,1,0,0
21000,1,255000,1,116,0,186,1,0,0,0,0,0,1,0,0,0
20900,0,125000,1,116,1,116,1,0,0,0,0,0,1,0,0,0
20900,1,126600,1,116,1,106,1,0,0,0,0,0,1,0,1,0
21000,1,270000,1,116,0,505,1,0,0,0,0,0,1,0,0,1
20700,1,218550,1,116,1,79,1,0,0,0,0,0,1,0,0,0
20900,1,240000,1,116,0,299,1,0,0,0,0,0,1,0,0,1
20900,3,417760,1,116,1,177,1,0,0,0,1,0,0,1,0,0
20200,2,287930,1,116,1,222,1,0,0,0,0,0,0,1,0,0
20700,0,20,1,116,1,276,1,0,0,0,0,0,0,1,0,0
20900,3,715850,1,116,1,121,1,0,0,0,0,0,1,1,0,0
20490,3,606080,1,116,1,42,1,0,0,0,1,0,0,0,0,0
20490,3,450690,1,116,1,232,1,0,0,0,0,0,1,1,0,0
20900,4,531290,1,116,1,205,1,0,0,0,0,0,0,1,0,0
20950,4,485460,1,116,1,276,1,0,0,0,0,0,1,1,0,0
20500,1,180000,1,116,0,174,1,0,0,0,0,0,0,1,0,0
20700,0,20,1,116,1,276,1,0,0,0,0,0,0,1,0,0
21000,4,400000,1,116,0,326,1,0,0,0,0,0,1,0,1,0
20900,0,10,1,116,1,857,1,0,0,0,0,0,0,0,0,1
20500,4,505000,1,116,1,103,1,0,0,0,0,0,0,0,0,0
21000,1,166700,1,116,0,228,1,0,0,0,0,0,1,1,0,0
20500,4,691170,1,116,1,121,1,0,0,0,0,0,0,1,0,0
20900,4,668200,1,116,1,121,1,0,0,0,0,0,1,1,0,0
20200,5,610820,1,116,1,177,1,0,0,0,0,0,0,1,0,0
21900,2,52800,1,116,1,101,1,0,0,0,0,0,1,0,0,0
21500,1,100000,1,116,1,333,1,0,0,0,0,0,1,0,1,0
21990,0,100,1,116,1,193,1,0,0,0,0,0,0,1,0,0
21400,3,310250,1,116,1,326,1,0,0,0,0,0,0,0,1,0
21900,2,122070,1,116,1,177,1,0,0,0,0,0,1,1,0,0
21400,2,166160,1,116,1,40,1,0,0,0,0,0,1,0,0,0
21474,1,100,1,116,1,201,1,0,0,0,0,0,1,1,0,0
21500,1,76300,1,116,0,326,1,0,0,0,0,0,1,0,1,0
21500,2,290000,1,116,1,261,1,0,0,0,0,0,1,0,1,0
22000,2,180000,1,116,1,177,1,0,0,0,0,0,1,1,0,0
21900,1,9200,1,116,1,746,1,0,0,0,0,0,1,0,0,1
21500,1,56000,1,116,0,40,1,0,0,0,0,0,1,0,0,0
21490,1,124430,0,116,1,72,1,0,0,0,0,0,1,0,0,0
21890,1,155380,1,116,1,275,1,0,0,0,0,0,1,1,0,0
21500,0,15600,1,116,1,92,1,0,0,0,0,0,1,0,0,0
21950,1,109120,1,116,1,305,1,0,0,0,0,0,1,1,0,0
21890,1,199810,1,116,1,275,1,0,0,0,0,0,1,1,0,0
22000,3,379130,1,116,0,154,1,0,0,0,1,0,0,1,0,0
21490,3,128590,1,116,1,25,1,0,0,0,1,0,0,0,0,0
21450,2,535000,1,116,1,222,1,0,0,0,0,0,1,1,0,0
21890,1,211050,1,116,1,275,1,0,0,0,0,0,1,1,0,0
21500,4,509580,1,116,1,276,1,0,0,0,0,0,0,1,0,0
21890,1,202730,1,116,1,275,1,0,0,0,0,0,1,1,0,0
21600,3,334920,1,116,1,205,1,0,0,0,0,0,0,1,0,0
21900,3,56300,1,116,1,276,1,0,0,0,0,0,1,1,0,0
21900,2,298880,1,116,1,121,1,0,0,0,0,0,1,1,0,0
21900,4,850000,1,116,0,103,1,0,0,0,0,0,1,0,0,0
21500,1,88250,1,116,1,276,1,0,0,0,0,0,1,1,0,0
21900,1,104610,1,116,1,498,1,0,0,0,0,0,1,0,0,1
21500,3,570630,1,116,1,276,1,0,0,0,0,0,0,1,0,0
21900,1,159170,1,116,1,121,1,0,0,0,0,0,0,1,0,0
21900,1,172010,1,116,1,597,1,0,0,0,0,0,1,0,0,1
21900,3,527960,1,116,1,121,1,0,0,0,0,0,0,1,0,0
21900,3,617700,1,116,1,121,1,0,0,0,0,0,1,1,0,0
22450,1,108100,1,116,1,184,1,0,0,0,0,0,1,1,0,0
22990,4,228430,1,116,1,232,1,0,0,0,0,0,1,1,0,0
22890,0,10,1,116,1,500,1,0,0,0,0,0,1,0,0,1
22990,2,100,1,116,1,174,1,0,0,0,0,0,1,0,0,0
22800,1,191100,1,116,1,68,1,0,0,0,0,0,1,0,0,0
22350,2,370000,1,116,1,232,1,0,0,0,0,0,0,1,0,0
22799,4,711760,1,116,1,326,1,0,0,0,0,0,1,0,1,0
23000,2,240000,1,116,0,807,1,0,0,0,1,0,0,0,0,1
22500,2,186800,1,116,1,326,1,0,0,0,1,0,0,0,1,0
22890,2,250000,1,116,1,290,1,0,0,0,0,0,1,0,1,0
22300,2,341720,1,116,1,142,1,0,0,0,0,0,1,0,0,0
22900,2,108000,1,116,0,191,1,0,0,0,0,0,1,1,0,0
22700,0,200,1,116,1,222,1,0,0,0,0,0,0,1,0,0
22500,1,60820,1,116,1,177,1,0,0,0,0,0,1,1,0,0
22899,2,162430,1,116,1,326,1,0,0,0,0,0,1,0,1,0
22650,1,129000,1,116,1,189,1,0,0,0,0,0,1,1,0,0
22899,2,162430,1,116,1,86,1,0,0,0,0,0,1,0,0,0
22899,2,162430,1,116,1,283,1,0,0,0,0,0,1,1,0,0
22500,1,122050,1,116,1,184,1,0,0,0,0,0,1,1,0,0
22899,2,162430,1,116,1,177,1,0,0,0,0,0,1,1,0,0
22899,2,162430,1,116,1,99,1,0,0,0,0,0,1,0,1,0
22500,4,312200,1,116,1,121,1,0,0,0,0,0,1,1,0,0
22899,2,162430,1,116,1,25,1,0,0,0,0,0,1,0,0,0
22500,3,361930,1,116,1,276,1,0,0,0,0,0,0,1,0,0
22899,2,162430,1,116,1,628,1,0,0,0,0,0,1,0,0,1
22500,3,427750,1,116,1,911,1,0,0,0,0,0,0,0,0,1
22900,4,558700,1,116,1,121,1,0,0,0,0,0,1,1,0,0
22500,3,360360,1,116,1,121,1,0,0,0,0,0,1,1,0,0
22900,3,310140,1,116,1,121,1,0,0,0,0,0,1,1,0,0
23200,2,167000,1,116,0,184,1,0,0,0,1,0,0,0,0,0
23990,1,0,1,116,1,25,1,0,0,0,0,0,1,0,0,0
23900,0,100,1,116,1,116,1,0,0,0,0,0,1,0,0,0
23500,2,142000,1,116,0,160,1,0,0,0,1,0,0,1,0,0
23990,1,0,1,116,1,25,1,0,0,0,0,0,1,0,0,0
23900,0,100,1,116,1,23,1,0,0,0,0,0,0,0,0,0
23500,3,630000,1,116,1,261,1,0,0,0,0,0,1,0,1,0
24000,0,100,1,116,1,121,1,0,0,0,0,0,1,1,0,0
23700,1,185000,1,116,0,137,1,0,0,0,0,0,1,0,0,0
23900,1,100,1,116,1,106,1,0,0,0,0,0,1,1,0,0
23900,0,20,1,116,1,276,1,0,0,0,0,0,0,1,0,0
23300,1,100,0,116,1,746,1,0,0,0,0,0,1,0,0,1
23400,1,100,1,116,1,276,1,0,0,0,0,0,1,1,0,0
23990,0,50,1,116,1,190,1,0,0,0,0,0,0,1,0,0
24000,2,210000,1,116,0,854,1,0,0,0,1,0,0,0,0,1
23200,0,10,1,116,1,177,1,0,0,0,0,0,0,1,0,0
23900,1,2000,1,116,1,261,1,0,0,0,0,0,1,0,1,0
23900,3,496840,1,116,1,276,1,0,0,0,1,0,0,1,0,0
23500,3,259810,1,116,1,121,1,0,0,0,0,0,0,1,0,0
23800,1,164760,1,116,1,142,1,0,0,0,0,0,1,0,0,0
23500,0,100,1,116,1,276,1,0,0,0,0,0,1,1,0,0
23950,1,56000,1,116,1,40,1,0,0,0,0,0,1,0,0,0
23400,0,100,1,116,1,276,1,0,0,0,0,0,1,1,0,0
23900,3,517400,1,116,1,165,1,0,0,0,0,0,0,1,0,0
23990,1,91520,1,116,1,25,1,0,0,0,0,0,1,0,0,0
24500,0,100,1,116,1,121,1,0,0,0,0,0,1,1,0,0
24500,0,100,1,116,1,121,1,0,0,0,0,0,1,1,0,0
24450,1,216000,1,116,1,326,1,0,0,0,1,0,0,0,1,0
24500,0,100,1,116,1,121,1,0,0,0,0,0,1,1,0,0
24500,0,100,1,116,1,121,1,0,0,0,0,0,1,1,0,0
24900,1,99860,1,116,1,121,1,0,0,0,1,0,0,1,0,0
24500,0,100,1,116,1,121,1,0,0,0,0,0,1,1,0,0
24450,1,252000,1,116,1,326,1,0,0,0,1,0,0,0,1,0
24900,1,10590,0,116,1,746,1,0,0,0,1,0,0,0,0,1
24500,1,35000,0,116,1,746,1,0,0,0,1,0,0,0,0,1
24200,1,77900,0,116,1,746,1,0,0,0,1,0,0,0,0,1
24490,0,29000,1,116,1,213,1,0,0,0,0,0,0,1,0,0
24500,0,66970,1,116,0,476,1,0,0,0,0,0,1,0,0,1
24500,0,100,1,116,1,121,1,0,0,0,0,0,1,1,0,0
24500,0,100,1,116,1,121,1,0,0,0,0,0,1,1,0,0
24551,0,26900,1,116,1,99,1,0,0,0,0,0,0,0,1,0
24500,1,100000,1,116,1,93,1,0,0,0,0,0,1,0,1,0
24500,2,157190,1,116,1,142,1,0,0,0,0,0,1,0,0,0
24500,0,10,1,116,1,177,1,0,0,0,0,0,1,1,0,0
24990,0,100,1,116,1,189,1,0,0,0,0,0,0,1,0,0
24900,3,439660,1,116,1,121,1,0,0,0,0,0,1,1,0,0
24401,0,50000,1,116,1,200,1,0,0,0,0,0,1,0,1,0
24400,1,100,1,116,1,276,1,0,0,0,0,0,1,1,0,0
24900,3,657070,1,116,1,121,1,0,0,0,0,0,1,1,0,0
24900,1,100,1,116,1,276,1,0,0,0,0,0,1,1,0,0
25400,0,27720,1,116,1,116,1,0,0,0,0,0,1,0,0,0
25900,1,282500,1,116,1,30,1,0,0,0,1,0,0,0,0,0
25900,0,100,1,116,1,102,1,0,0,0,0,0,1,0,0,0
25600,0,0,1,116,1,178,1,0,0,0,0,0,1,1,0,0
25700,1,100490,1,116,1,177,1,0,0,0,1,0,0,1,0,0
25450,1,200000,1,116,1,326,1,0,0,0,1,0,0,0,1,0
25900,0,105000,1,116,1,341,1,0,0,0,1,0,0,0,1,0
25450,1,195000,1,116,1,326,1,0,0,0,1,0,0,0,1,0
25599,1,41690,1,116,1,283,1,0,0,0,1,0,0,1,0,0
25500,2,98000,1,116,1,320,1,0,0,0,0,0,1,0,0,1
25599,1,41690,1,116,1,628,1,0,0,0,1,0,0,0,0,1
25800,0,100,1,116,1,116,1,0,0,0,0,0,1,0,0,0
25599,1,41690,1,116,1,326,1,0,0,0,1,0,0,0,1,0
25599,1,41690,1,116,1,177,1,0,0,0,1,0,0,1,0,0
25599,1,41690,1,116,1,86,1,0,0,0,1,0,0,0,0,0
25599,1,41690,1,116,1,25,1,0,0,0,1,0,0,0,0,0
25500,1,62130,1,116,1,178,1,0,0,0,0,0,1,1,0,0
25500,3,484800,1,116,1,911,1,0,0,0,1,0,0,0,0,1
25599,1,41690,1,116,1,130,1,0,0,0,1,0,0,0,1,0
25900,2,583280,1,116,1,121,1,0,0,0,0,0,0,1,0,0
25599,1,41690,1,116,1,485,1,0,0,0,1,0,0,0,0,1
25450,1,192000,1,116,1,326,1,0,0,0,1,0,0,0,1,0
25380,0,20,1,116,1,223,1,0,0,0,0,0,0,1,0,0
25500,4,291050,1,116,1,121,1,0,0,0,1,0,0,1,0,0
27000,5,980000,0,116,0,152,0,0,0,0,0,1,0,0,0,0
26500,1,148870,1,116,1,276,1,0,0,0,1,0,0,1,0,0
26900,1,51320,1,116,1,178,1,0,0,0,1,0,0,1,0,0
26500,1,131610,1,116,1,276,1,0,0,0,1,0,0,1,0,0
26900,1,34000,1,116,1,261,1,0,0,0,1,0,0,0,1,0
27000,0,900,1,116,1,170,1,0,0,0,0,0,1,1,0,0
26450,1,110000,1,116,1,326,1,0,0,0,1,0,0,0,1,0
26500,3,361250,1,116,1,276,1,0,0,0,1,0,0,1,0,0
26900,1,100,1,116,1,307,0,0,0,0,1,0,0,0,0,1
26900,1,100,1,116,1,307,0,0,0,0,1,0,0,0,0,1
27000,3,173610,1,116,1,326,1,0,0,0,0,0,1,0,1,0
27900,1,49420,1,116,1,142,1,0,0,0,1,0,0,0,0,0
27700,3,137330,1,116,1,326,1,0,0,0,1,0,0,0,1,0
27999,5,840000,0,116,1,189,0,0,0,0,0,1,0,0,0,0
27900,1,13240,1,116,1,142,1,0,0,0,1,0,0,0,0,0
27800,5,1440000,0,116,0,315,0,0,0,0,0,1,0,0,0,1
27950,1,100,1,116,1,40,1,0,0,0,1,0,0,0,0,0
27950,1,89000,1,116,1,40,1,0,0,0,1,0,0,0,0,0
28400,1,97310,1,116,1,190,1,0,0,0,1,0,0,1,0,0
29000,1,20,1,116,1,475,1,0,0,0,1,0,0,0,0,1
29900,5,739000,0,116,1,154,0,0,0,0,0,1,0,1,0,0
29900,5,563000,0,116,1,229,0,0,0,0,0,1,0,1,0,0
29999,1,110000,1,116,0,819,1,0,0,0,0,0,1,0,0,1
13500,5,108000,1,116,1,208,1,0,0,0,0,0,1,1,0,0
19000,4,6204,1,116,1,326,1,0,0,0,0,0,1,0,1,0
18000,5,6384,1,116,1,326,1,0,0,0,0,0,0,0,1,0
17900,4,43000,1,116,1,495,1,0,0,0,0,0,0,0,0,1
15300,5,84000,1,116,1,314,0,0,1,0,0,0,0,0,1,0
17600,5,38070,1,116,1,276,1,0,0,0,0,0,0,1,0,0
17999,5,20000,1,116,1,387,1,0,0,0,0,0,1,0,1,0
15890,3,13500,0,72,1,42,0,0,0,0,0,0,0,0,0,0
19900,4,25000,1,116,1,322,1,0,0,0,0,0,1,0,1,0
18300,5,23887,1,116,1,326,1,0,0,0,0,0,1,0,1,0
15890,3,16000,0,72,1,42,0,0,0,0,0,0,0,0,0,0
19000,5,43770,1,116,1,326,1,0,0,0,0,0,1,0,1,0
14300,4,63900,0,72,1,788,0,0,0,0,0,0,0,0,0,1
19000,5,32436,1,116,1,326,1,0,0,0,0,0,1,0,1,0
14900,3,45400,0,72,1,216,0,0,0,0,0,0,0,1,0,0
18500,5,60000,1,116,1,622,1,0,0,0,0,0,1,0,0,1
18500,5,60000,1,116,1,622,1,0,0,0,0,0,1,0,0,1
20900,5,7075,1,116,1,276,1,0,0,0,0,0,1,1,0,0
21990,3,10000,1,116,1,122,1,0,0,0,0,0,0,0,0,0
20500,5,46280,1,116,1,628,1,0,0,0,0,0,1,0,0,1
18000,3,12,0,72,1,326,0,0,0,0,0,0,0,0,1,0
18000,3,14,0,72,1,326,0,0,0,0,0,0,0,0,1,0
18000,3,5,0,72,1,326,0,0,0,0,0,0,0,0,1,0
23900,3,17100,1,116,1,287,1,0,0,0,1,0,0,0,1,0
16200,4,37100,0,72,1,326,0,0,0,0,0,0,0,0,1,0
17500,4,9150,0,72,1,720,0,0,0,0,0,0,1,0,0,1
22000,5,46612,1,116,1,628,1,0,0,0,0,0,1,0,0,1
17600,4,15920,0,72,1,628,0,0,0,0,0,0,0,0,0,1
5900,5,7000,0,72,1,326,0,0,0,0,0,0,1,0,1,0
8900,0,144000,1,116,1,541,1,0,0,0,1,0,0,0,0,1
10900,3,69150,0,72,1,121,0,0,0,0,0,0,0,0,0,0
12000,3,90654,0,72,1,189,0,0,0,0,0,0,1,1,0,0
12500,4,95320,0,72,1,747,0,0,0,0,0,0,1,0,0,1
12600,3,68097,0,72,1,276,0,0,0,0,0,0,0,1,0,0
12800,4,42352,0,72,1,276,0,0,0,0,0,0,0,1,0,0
12900,4,198111,1,116,1,155,1,0,0,0,0,0,1,0,0,0
12990,5,104720,1,116,1,40,1,0,0,0,0,0,0,0,0,0
12990,5,104720,1,116,1,180,1,0,0,0,0,0,0,1,0,0
13000,4,35000,0,72,1,518,0,0,0,0,0,0,0,0,0,1
13300,5,126000,1,116,1,326,1,0,0,0,0,0,1,0,1,0
13390,3,82000,1,116,1,187,1,0,0,0,0,0,0,1,0,0
13499,5,90000,1,116,1,87,1,0,0,0,0,0,1,0,1,0
13500,3,68257,0,72,1,630,0,0,0,0,0,0,0,0,0,1
13500,3,77000,0,72,1,326,0,0,0,0,0,0,1,0,1,0
13500,5,36000,0,72,1,422,0,0,0,0,0,0,1,0,1,0
13500,3,75496,0,72,1,121,0,0,0,0,0,0,0,1,0,0
13700,3,55000,0,72,1,86,0,0,0,0,0,0,1,0,0,0
13700,4,74965,0,72,1,140,0,0,0,0,0,0,0,0,1,0
13800,4,154040,1,116,1,485,1,0,0,0,0,0,1,0,0,1
13800,5,97739,1,116,1,326,1,0,0,0,0,0,0,0,1,0
13900,3,67618,0,72,1,121,0,0,0,0,0,0,0,1,0,0
13900,4,91000,1,116,1,92,1,0,0,0,0,0,0,0,0,0
13900,5,140000,1,116,1,68,1,0,0,0,0,0,0,0,0,0
13900,4,56277,0,72,1,106,0,0,0,0,0,0,1,0,0,0
13900,4,38417,0,72,1,588,0,0,0,0,0,0,0,0,0,1
13990,3,64647,0,72,1,89,0,0,0,0,0,0,0,0,0,0
13990,4,51300,0,72,1,477,0,0,0,0,0,0,0,0,0,1
13990,5,90411,1,116,1,180,1,0,0,0,0,0,0,1,0,0
13990,5,90411,1,116,1,40,1,0,0,0,0,0,0,0,0,0
13999,5,36000,0,72,1,405,0,0,0,0,0,0,0,0,1,0
13999,4,72000,0,72,1,99,0,0,0,0,0,0,0,0,1,0
13999,5,135229,1,116,1,861,1,0,0,0,0,0,1,0,0,1
13999,5,135229,1,116,1,490,1,0,0,0,0,0,1,0,0,1
13999,5,135229,1,116,1,127,1,0,0,0,0,0,1,0,0,0
13999,5,135229,1,116,1,628,1,0,0,0,0,0,1,0,0,1
13999,5,135229,1,116,1,99,1,0,0,0,0,0,1,0,1,0
13999,5,135229,1,116,1,25,1,0,0,0,0,0,1,0,0,0
13999,5,135229,1,116,1,731,1,0,0,0,0,0,1,0,0,1
13999,5,135229,1,116,1,283,1,0,0,0,0,0,1,1,0,0
13999,5,135229,1,116,1,86,1,0,0,0,0,0,1,0,0,0
13999,5,135229,1,116,1,750,1,0,0,0,0,0,1,0,0,1
13999,5,135229,1,116,1,326,1,0,0,0,0,0,1,0,1,0
14200,5,112000,1,116,1,812,1,0,0,0,0,0,0,0,0,1
14290,3,55937,0,72,1,89,0,0,0,0,0,0,0,0,0,0
14290,4,106908,1,116,1,40,1,0,0,0,0,0,0,0,0,0
14290,4,106908,1,116,1,180,1,0,0,0,0,0,0,1,0,0
14390,5,69000,1,116,1,276,1,0,0,0,0,0,0,1,0,0
14400,4,82438,1,116,1,286,1,0,0,0,0,0,0,1,0,0
14400,4,97615,1,116,1,140,1,0,0,0,0,0,1,0,1,0
14400,4,62435,1,116,1,326,1,0,0,0,0,0,0,0,1,0
14400,4,120061,1,116,1,286,1,0,0,0,0,0,1,1,0,0
14490,3,69119,0,72,1,89,0,0,0,0,0,0,0,0,0,0
14490,3,69000,0,72,1,479,0,0,0,0,0,0,1,0,0,1
14500,3,59100,0,72,1,333,0,0,0,0,0,0,1,0,1,0
14500,4,42456,0,72,1,178,0,0,0,0,0,0,1,1,0,0
14500,4,135000,1,116,1,16,1,0,0,0,0,0,1,0,0,0
14500,3,70981,0,72,1,335,0,0,0,0,0,0,0,0,0,1
14500,5,75000,1,116,1,362,1,0,0,0,0,0,0,0,1,0
14690,5,59120,0,72,1,89,0,0,0,0,0,0,1,0,0,0
14700,3,48713,0,72,1,132,0,0,0,0,0,0,1,0,0,0
14750,5,89170,1,116,1,86,1,0,0,0,0,0,0,0,0,0
14750,5,89170,1,116,1,326,1,0,0,0,0,0,0,0,1,0
14750,5,89170,1,116,1,22,1,0,0,0,0,0,0,0,0,0
14750,5,89170,1,116,1,488,1,0,0,0,0,0,0,0,0,1
14790,3,45259,0,72,1,89,0,0,0,0,0,0,0,0,0,0
14800,5,64000,1,116,1,326,1,0,0,0,0,0,0,0,1,0
14850,4,108081,1,116,1,764,1,0,0,0,0,0,0,0,0,1
14890,4,45000,1,116,1,326,1,0,0,0,0,0,0,0,1,0
14899,4,46486,0,72,1,656,0,0,0,0,0,0,1,0,0,1
14900,5,98965,1,116,1,259,1,0,0,0,0,0,1,1,0,0
14900,5,177397,1,116,1,276,1,0,0,0,0,0,1,1,0,0
14900,5,17500,0,72,1,168,0,0,0,0,0,0,0,1,0,0
14900,5,63000,1,116,1,326,1,0,0,0,0,0,0,0,1,0
14900,5,79000,1,116,1,735,1,0,0,0,0,0,0,0,0,1
14900,4,59233,1,116,1,326,1,0,0,0,0,0,0,0,1,0
14900,4,80000,1,116,1,177,1,0,0,0,0,0,0,1,0,0
14900,4,51482,0,72,1,222,0,0,0,0,0,0,0,1,0,0
14950,4,63000,0,72,1,139,0,0,0,0,0,0,1,0,0,0
14990,5,48900,1,116,1,346,1,0,0,0,0,0,1,0,1,0
14999,5,98089,1,116,1,832,1,0,0,0,0,0,0,0,0,1
14999,5,99999,1,116,1,125,1,0,0,0,0,0,0,0,0,0
15200,5,104249,1,116,1,101,1,0,0,0,0,0,0,0,1,0
15200,3,93591,1,116,1,140,1,0,0,0,0,0,0,0,1,0
15300,5,83000,1,116,1,326,1,0,0,0,0,0,0,0,1,0
15350,4,104000,1,116,1,146,1,0,0,0,0,0,0,0,0,0
15390,3,42919,0,72,1,89,0,0,0,0,0,0,1,0,0,0
15400,3,45000,0,72,1,623,0,0,0,0,0,0,1,0,0,1
15400,4,91290,1,116,1,177,1,0,0,0,0,0,1,1,0,0
15400,5,43639,1,116,1,177,1,0,0,0,0,0,0,1,0,0
15490,5,40000,1,116,1,326,1,0,0,0,0,0,1,0,1,0
15490,4,70655,1,116,1,40,1,0,0,0,0,0,0,0,0,0
15490,4,70655,1,116,1,180,1,0,0,0,0,0,0,1,0,0
15500,4,87000,1,116,1,275,1,0,0,0,0,0,0,1,0,0
15500,3,75000,1,116,1,326,1,0,0,0,0,0,0,0,1,0
15500,3,60430,0,72,1,276,0,0,0,0,0,0,0,1,0,0
15500,3,48122,0,72,1,140,0,0,0,0,0,0,1,0,1,0
15500,4,64005,1,116,1,211,1,0,0,0,0,0,0,0,1,0
15500,3,59264,0,72,1,511,0,0,0,0,0,0,1,0,0,1
15500,2,54000,1,116,1,326,1,0,0,0,0,0,0,0,1,0
15500,3,53000,1,116,1,326,1,0,0,0,0,0,0,0,1,0
15501,4,65000,0,72,1,200,0,0,0,0,0,0,0,0,1,0
15600,5,89900,1,116,1,158,1,0,0,0,0,0,1,1,0,0
15600,4,46800,0,72,1,190,0,0,0,0,0,0,0,1,0,0
15800,5,47500,1,116,1,485,1,0,0,0,0,0,1,0,0,1
15800,5,63000,1,116,1,16,1,0,0,0,0,0,0,0,0,0
15800,3,67369,0,72,1,105,0,0,0,0,0,0,1,0,1,0
15900,3,34000,0,72,1,778,0,0,0,0,0,0,0,0,0,1
15900,4,76000,1,116,1,326,1,0,0,0,0,0,0,0,1,0
15900,4,51000,1,116,1,507,1,0,0,0,0,0,1,0,0,1
15900,4,148881,1,116,1,478,1,0,0,0,0,0,0,0,0,1
15900,4,88057,1,116,1,276,1,0,0,0,0,0,1,1,0,0
15900,5,88066,1,92,1,757,1,0,0,0,0,0,0,0,0,1
15900,4,90857,1,116,1,106,1,0,0,0,0,0,1,0,0,0
15900,5,82591,1,116,1,326,1,0,0,0,0,0,1,0,1,0
15900,5,81986,1,116,1,750,1,0,0,0,0,0,0,0,0,1
15900,4,110000,1,116,1,747,1,0,0,0,0,0,0,0,0,1
15900,4,53210,1,116,1,177,1,0,0,0,0,0,0,1,0,0
15900,5,67020,1,116,1,853,1,0,0,0,0,0,0,0,0,1
15900,4,44444,1,116,1,83,1,0,0,0,0,0,0,0,1,0
15900,4,45376,1,116,1,326,1,0,0,0,0,0,1,0,1,0
15900,4,63685,1,116,1,326,1,0,0,0,0,0,1,0,1,0
15900,4,57932,1,116,1,326,1,0,0,0,0,0,1,0,1,0
15950,5,70501,1,116,1,101,1,0,0,0,0,0,1,0,1,0
15950,4,98400,1,116,1,16,1,0,0,0,0,0,1,0,0,0
15990,4,34800,1,116,1,346,1,0,0,0,0,0,1,0,1,0
15990,5,78900,1,116,1,128,1,0,0,0,0,0,0,0,0,0
15999,3,31000,0,72,1,490,0,0,0,0,0,0,1,0,0,1
16180,4,88243,1,116,1,149,1,0,0,0,0,0,0,1,0,0
16200,3,35610,1,116,1,750,1,0,0,0,0,0,0,0,0,1
16200,5,91273,1,116,1,101,1,0,0,0,0,0,1,0,1,0
16200,5,91266,1,116,1,101,1,0,0,0,0,0,1,0,1,0
16200,5,54018,1,116,1,140,1,0,0,0,0,0,0,0,1,0
16200,3,99400,1,116,1,146,1,0,0,0,0,0,0,0,0,0
16200,3,52843,1,116,1,186,1,0,0,0,0,0,0,1,0,0
16200,5,38000,1,116,1,698,1,0,0,0,0,0,0,0,0,1
16200,4,77000,1,116,1,193,1,0,0,0,0,0,1,1,0,0
16200,3,80000,1,116,1,193,1,0,0,0,0,0,0,1,0,0
16200,4,46662,1,116,1,326,1,0,0,0,0,0,1,0,1,0
16300,4,69742,1,116,1,611,1,0,0,0,0,0,0,0,0,1
16300,2,74744,1,116,1,16,1,0,0,0,0,0,0,0,0,0
16400,5,29000,1,116,1,121,1,0,0,0,0,0,0,1,0,0
16400,5,73922,1,92,1,22,1,0,0,0,0,0,0,0,0,0
16400,5,100983,1,116,1,101,1,0,0,0,0,0,1,0,1,0
16400,5,78000,1,116,1,326,1,0,0,0,0,0,1,0,1,0
16400,4,85983,1,116,1,177,1,0,0,0,0,0,1,1,0,0
16400,5,33000,1,116,1,500,1,0,0,0,0,0,0,0,0,1
16490,5,73000,1,116,1,628,1,0,0,0,0,0,0,0,0,1
16499,5,38000,1,116,1,326,1,0,0,0,0,0,1,0,1,0
16500,4,38000,1,116,1,210,1,0,0,0,0,0,0,0,1,0
16500,5,36000,1,116,1,326,1,0,0,0,0,0,0,0,1,0
16500,4,88248,1,116,1,276,1,0,0,0,0,0,0,1,0,0
16500,5,67550,1,116,1,326,1,0,0,0,0,0,1,0,1,0
16500,4,82000,1,116,1,212,1,0,0,0,0,0,1,1,0,0
16500,3,45000,0,72,1,623,0,0,0,0,0,0,1,0,0,1
16500,4,32500,1,116,1,108,1,0,0,0,0,0,1,0,1,0
16500,4,88000,1,116,1,775,1,0,0,0,0,0,0,0,0,1
16500,5,75000,1,116,1,326,1,0,0,0,0,0,1,0,1,0
16500,5,62800,1,116,1,163,1,0,0,0,0,0,0,0,0,0
16600,4,76171,0,72,1,171,0,0,0,0,0,0,1,1,0,0
16600,3,22000,0,72,1,63,0,0,0,0,0,0,0,0,1,0
16700,4,69380,1,116,1,177,1,0,0,0,0,0,1,1,0,0
16700,3,50251,1,116,1,750,1,0,0,0,0,0,0,0,0,1
16800,4,55529,0,72,1,208,0,0,0,0,0,0,1,1,0,0
16900,5,85000,1,116,1,326,1,0,0,0,0,0,1,0,1,0
16900,4,44718,1,116,1,177,1,0,0,0,0,0,0,1,0,0
16900,4,49523,1,116,1,165,1,0,0,0,0,0,0,1,0,0
16900,5,44000,1,116,1,156,1,0,0,0,0,0,1,0,0,0
16900,4,69300,1,116,1,326,1,0,0,0,0,0,0,0,1,0
16900,5,35035,1,116,1,276,1,0,0,0,0,0,0,1,0,0
16900,5,101000,1,116,1,101,1,0,0,0,0,0,1,0,1,0
16900,4,104235,1,116,1,276,1,0,0,0,0,0,1,1,0,0
16900,4,81263,1,116,1,276,1,0,0,0,0,0,0,1,0,0
16900,4,28647,1,116,1,140,0,0,0,1,0,0,0,0,1,0
16900,4,84454,1,116,1,190,1,0,0,0,0,0,1,1,0,0
16900,5,79701,1,116,1,911,0,0,0,0,0,0,0,0,0,1
16900,4,56991,1,116,1,16,1,0,0,0,0,0,1,0,0,0
16900,5,72000,1,116,1,120,1,0,0,0,0,0,1,1,0,0
16900,4,54000,1,116,1,326,1,0,0,0,0,0,0,0,1,0
16900,4,31522,1,116,1,630,1,0,0,0,0,0,0,0,0,1
16900,3,80348,1,116,1,177,1,0,0,0,0,0,1,1,0,0
16900,2,67543,1,116,1,16,1,0,0,0,0,0,0,0,0,0
16900,5,96769,1,116,1,16,1,0,0,0,0,0,1,0,0,0
16900,5,56635,1,116,1,236,0,0,0,0,0,0,0,0,1,0
16900,3,59661,1,116,1,106,1,0,0,0,0,0,0,0,0,0
16900,4,60000,1,116,1,486,1,0,0,0,0,0,0,0,0,1
16900,3,72403,1,116,1,140,1,0,0,0,0,0,1,0,1,0
16900,3,53500,1,116,1,383,1,0,0,0,0,0,1,0,1,0
16950,5,55000,1,116,1,724,1,0,0,0,0,0,1,0,0,1
16950,3,63000,1,116,1,193,1,0,0,0,0,0,0,1,0,0
16990,5,42985,1,116,1,89,1,0,0,0,0,0,1,0,0,0
16990,4,80000,1,116,1,212,1,0,0,0,0,0,1,1,0,0
16990,4,59000,1,116,1,495,1,0,0,0,0,0,1,0,0,1
16990,4,77000,1,116,1,424,1,0,0,0,0,0,0,0,0,1
16990,3,55500,1,116,1,326,1,0,0,0,0,0,1,0,1,0
16999,4,52300,1,116,1,436,1,0,0,0,0,0,1,0,0,1
17200,4,70500,1,116,1,101,1,0,0,0,0,0,1,0,1,0
17200,4,31000,1,116,1,193,1,0,0,0,0,0,0,1,0,0
17250,5,50644,1,116,1,276,1,0,0,0,0,0,1,1,0,0
17250,5,54769,1,116,1,276,1,0,0,0,0,0,1,1,0,0
17250,5,9379,1,116,1,276,1,0,0,0,0,0,0,1,0,0
17290,3,70198,1,116,1,89,1,0,0,0,0,0,0,0,0,0
17299,5,63784,1,116,1,490,1,0,0,0,0,0,1,0,0,1
17299,5,63784,1,116,1,86,1,0,0,0,0,0,1,0,0,0
17299,5,63784,1,116,1,283,1,0,0,0,0,0,1,1,0,0
17299,5,63784,1,116,1,25,1,0,0,0,0,0,1,0,0,0
17299,5,63784,1,116,1,611,1,0,0,0,0,0,1,0,0,1
17299,5,63784,1,116,1,177,1,0,0,0,0,0,1,1,0,0
17299,5,63784,1,116,1,130,1,0,0,0,0,0,1,0,1,0
17299,5,63784,1,116,1,750,1,0,0,0,0,0,1,0,0,1
17299,5,63784,1,116,1,326,1,0,0,0,0,0,1,0,1,0
17299,5,63784,1,116,1,127,1,0,0,0,0,0,1,0,0,0
17300,4,72927,1,116,1,106,1,0,0,0,0,0,1,0,0,0
17300,4,35781,1,116,1,16,1,0,0,0,0,0,1,0,0,0
17300,2,52624,1,116,1,750,1,0,0,0,0,0,0,0,0,1
17400,4,65000,1,116,1,87,1,0,0,0,0,0,1,0,0,0
17400,4,52592,1,116,1,478,1,0,0,0,0,0,0,0,0,1
17400,3,54553,1,116,1,106,1,0,0,0,0,0,1,0,0,0
17450,5,91000,1,116,1,724,1,0,0,0,0,0,1,0,0,1
17490,4,58000,1,116,1,128,1,0,0,0,0,0,0,0,0,0
17500,4,77000,1,116,1,424,1,0,0,0,0,0,0,0,0,1
17500,4,67000,1,116,1,326,1,0,0,0,0,0,1,0,1,0
17500,4,64511,1,116,1,783,1,0,0,0,0,0,0,0,0,1
17500,4,55560,1,116,1,276,1,0,0,0,0,0,0,1,0,0
17500,4,21400,1,116,1,495,1,0,0,0,0,0,0,0,0,1
17500,3,81720,1,116,1,164,1,0,0,0,0,0,1,0,1,0
17500,3,81720,1,116,1,132,1,0,0,0,0,0,1,0,0,0
17500,5,56000,1,116,1,485,1,0,0,0,0,0,0,0,0,1
17500,5,45000,1,116,1,16,1,0,0,0,0,0,1,0,0,0
17500,2,50735,1,116,1,176,1,0,0,0,0,0,0,0,1,0
17500,4,37900,1,116,1,16,1,0,0,0,0,0,0,0,0,0
17500,3,20700,1,116,1,254,1,0,0,0,0,0,0,1,0,0
17500,4,99915,1,116,1,819,1,0,0,0,0,0,1,0,0,1
17500,1,45000,1,116,1,121,1,0,0,0,0,0,0,0,0,0
17500,4,14197,1,116,1,16,1,0,0,0,0,0,1,0,0,0
17500,1,13000,1,116,1,86,1,0,0,0,0,0,0,0,0,0
17500,4,31590,1,116,1,140,1,0,0,0,0,0,1,0,1,0
17500,3,9876,1,116,1,691,1,0,0,0,0,0,1,0,0,1
17600,5,55378,1,116,1,478,1,0,0,0,0,0,0,0,0,1
17600,2,49113,1,116,1,750,1,0,0,0,0,0,0,0,0,1
17600,3,37000,1,116,1,193,1,0,0,0,0,0,0,1,0,0
17601,4,68300,1,116,1,200,1,0,0,0,0,0,1,0,1,0
17700,4,71738,1,116,1,106,1,0,0,0,0,0,1,0,0,0
17700,4,39514,1,116,1,106,1,0,0,0,0,0,0,0,0,0
17701,4,79000,1,116,1,200,1,0,0,0,0,0,1,0,1,0
17800,4,35500,1,116,1,326,1,0,0,0,0,0,1,0,1,0
17800,2,48283,1,116,1,750,1,0,0,0,0,0,0,0,0,1
17800,5,37000,1,116,1,326,1,0,0,0,0,0,0,0,1,0
17800,2,52991,1,116,1,750,1,0,0,0,0,0,0,0,0,1
17800,2,48713,1,116,1,750,1,0,0,0,0,0,0,0,0,1
17800,2,44182,1,116,1,750,1,0,0,0,0,0,0,0,0,1
17800,4,53800,1,116,1,105,1,0,0,0,0,0,1,0,1,0
17800,4,34304,1,116,1,326,1,0,0,0,0,0,0,0,1,0
17890,1,14800,1,116,1,83,1,0,0,0,0,0,0,0,0,0
17890,1,18151,1,116,1,83,1,0,0,0,0,0,0,0,0,0
17890,1,16200,1,116,1,83,1,0,0,0,0,0,0,0,0,0
17900,4,48671,1,116,1,350,1,0,0,0,0,0,1,0,0,1
17900,4,31087,1,116,1,745,1,0,0,0,0,0,1,0,0,1
17900,4,31087,1,116,1,745,1,0,0,0,0,0,1,0,0,1
17900,4,58160,1,116,1,276,1,0,0,0,0,0,1,1,0,0
17900,4,60100,1,116,1,140,0,0,0,1,0,0,1,0,1,0
17900,5,61679,1,116,1,276,1,0,0,0,0,0,1,1,0,0
17900,3,41000,1,116,1,764,1,0,0,0,0,0,1,0,0,1
17900,3,41000,1,116,1,724,1,0,0,0,0,0,1,0,0,1
17900,4,56847,1,116,1,177,1,0,0,0,0,0,1,1,0,0
17900,2,63482,1,116,1,121,1,0,0,0,0,0,0,1,0,0
17900,4,70550,1,116,1,101,1,0,0,0,0,0,1,0,1,0
17900,4,18000,1,116,1,16,1,0,0,0,0,0,1,0,0,0
17900,4,28285,1,116,1,106,1,0,0,0,0,0,1,0,0,0
17900,4,48000,1,116,1,109,1,0,0,0,0,0,1,0,0,0
17900,4,53200,1,116,1,190,1,0,0,0,0,0,1,1,0,0
17900,2,39000,1,116,1,149,1,0,0,0,0,0,0,1,0,0
17900,4,53637,1,116,1,190,1,0,0,0,0,0,1,1,0,0
17900,5,64220,1,116,1,478,1,0,0,0,0,0,1,0,0,1
17900,4,18000,1,116,1,25,1,0,0,0,0,0,0,0,0,0
17900,4,61306,1,116,1,121,1,0,0,0,0,0,1,1,0,0
17900,5,57399,1,116,1,177,1,0,0,0,0,0,1,1,0,0
17950,5,48066,1,116,1,276,1,0,0,0,0,0,1,1,0,0
17950,4,66434,1,116,1,178,1,0,0,0,0,0,1,1,0,0
17990,1,17171,1,116,1,181,1,0,0,0,0,0,0,1,0,0
17990,1,12782,1,116,1,181,1,0,0,0,0,0,0,1,0,0
17990,5,41460,1,116,1,89,1,0,0,0,0,0,1,0,0,0
17990,4,66113,1,116,1,89,1,0,0,0,0,0,1,0,0,0
17990,4,25916,1,116,1,89,1,0,0,0,0,0,1,0,0,0
17990,3,24277,1,116,1,89,1,0,0,0,0,0,0,0,0,0
17990,5,45102,1,116,1,89,1,0,0,0,0,0,1,0,0,0
17990,4,38600,1,116,1,229,1,0,0,0,0,0,1,1,0,0
18000,5,58732,1,116,1,478,1,0,0,0,0,0,1,0,0,1
18150,4,18800,1,116,1,83,1,0,0,0,0,0,1,0,1,0
18200,4,37500,1,116,1,92,1,0,0,0,0,0,1,0,1,0
18200,5,45296,1,116,1,478,1,0,0,0,0,0,1,0,0,1
18200,4,41500,1,116,1,200,1,0,0,0,0,0,1,0,1,0
18200,2,40000,1,116,1,193,1,0,0,0,0,0,0,1,0,0
18300,4,68000,1,116,1,326,1,0,0,0,0,0,1,0,1,0
18300,1,12500,1,116,1,807,1,0,0,0,0,0,0,0,0,1
18300,3,69520,1,116,1,165,1,0,0,0,0,0,1,1,0,0
18300,4,21251,1,116,1,276,1,0,0,0,0,0,0,1,0,0
18300,4,23121,1,116,1,350,1,0,0,0,0,0,0,0,0,1
18390,1,38559,1,116,1,89,1,0,0,0,0,0,0,0,0,0
18400,4,65496,1,116,1,106,1,0,0,0,0,0,1,0,0,0
18400,4,64066,1,116,1,177,1,0,0,0,0,0,1,1,0,0
18400,5,19519,1,116,1,177,1,0,0,0,0,0,1,1,0,0
18400,4,34890,1,116,1,504,1,0,0,0,0,0,1,0,0,1
18490,3,46530,1,116,1,89,1,0,0,0,0,0,1,0,0,0
18490,4,22139,1,116,1,89,1,0,0,0,0,0,1,0,0,0
18500,5,58840,1,116,1,478,1,0,0,0,0,0,1,0,0,1
18500,4,61451,1,116,1,178,1,0,0,0,0,0,1,1,0,0
18500,3,57403,1,116,1,783,1,0,0,0,0,0,1,0,0,1
18500,5,57141,1,116,1,478,1,0,0,0,0,0,1,0,0,1
18500,4,63082,1,116,1,121,1,0,0,0,0,0,1,1,0,0
18500,3,41000,1,116,1,490,1,0,0,0,0,0,1,0,0,1
18500,5,40000,1,116,1,16,1,0,0,0,0,0,1,0,0,0
18500,3,32700,1,116,1,92,1,0,0,0,0,0,1,0,1,0
18500,2,24000,1,116,1,36,1,0,0,0,0,0,1,0,0,0
18500,3,59069,1,116,1,121,1,0,0,0,0,0,1,1,0,0
18500,3,25000,1,116,1,140,1,0,0,0,0,0,1,0,1,0
18500,4,48345,1,116,1,102,1,0,0,0,0,0,1,0,0,0
18600,3,25900,1,116,1,92,1,0,0,0,0,0,1,0,1,0
18700,4,21378,1,116,1,178,1,0,0,0,0,0,1,1,0,0
18700,1,15274,1,116,1,178,1,0,0,0,0,0,0,1,0,0
18700,1,13032,1,116,1,178,1,0,0,0,0,0,0,1,0,0
18700,1,16202,1,116,1,178,1,0,0,0,0,0,0,1,0,0
18700,4,35218,1,116,1,307,1,0,0,0,0,0,1,0,0,1
18700,4,17224,1,116,1,307,1,0,0,0,0,0,1,0,0,1
18700,3,55000,1,116,1,16,1,0,0,0,0,0,1,0,0,0
18700,4,24000,1,116,1,35,1,0,0,0,0,0,1,0,0,0
18750,1,48000,1,116,1,193,1,0,0,0,0,0,0,1,0,0
18790,3,2565,1,116,1,89,1,0,0,0,0,0,0,0,0,0
18790,1,12015,1,116,1,276,1,0,0,0,0,0,1,1,0,0
18800,1,12160,1,116,1,178,1,0,0,0,0,0,0,1,0,0
18800,1,13171,1,116,1,178,1,0,0,0,0,0,0,1,0,0
18890,1,28248,1,116,1,89,1,0,0,0,0,0,0,0,0,0
18900,1,10000,1,116,1,512,1,0,0,0,0,0,0,0,0,1
18900,1,3629,1,116,1,178,1,0,0,0,0,0,0,1,0,0
18900,2,18196,1,116,1,223,1,0,0,0,0,0,0,0,1,0
18900,3,34549,1,116,1,270,1,0,0,0,0,0,1,1,0,0
18900,4,37439,1,116,1,783,1,0,0,0,0,0,0,0,0,1
18900,3,54290,1,116,1,121,1,0,0,0,0,0,1,1,0,0
18900,2,61702,1,116,1,490,1,0,0,0,0,0,0,0,0,1
18900,3,5621,1,116,1,106,1,0,0,0,0,0,1,0,0,0
18900,4,48363,1,116,1,177,1,0,0,0,0,0,1,1,0,0
18900,2,32667,1,116,1,106,1,0,0,0,0,0,1,0,0,0
18900,1,13000,1,116,1,86,1,0,0,0,0,0,0,0,0,0
18900,4,14800,1,116,1,276,1,0,0,0,0,0,1,1,0,0
18900,5,26500,1,116,1,276,1,0,0,0,0,0,1,1,0,0
18900,1,11820,1,116,1,178,1,0,0,0,0,0,0,1,0,0
18900,1,13908,1,116,1,178,1,0,0,0,0,0,0,1,0,0
18900,5,58770,1,116,1,177,1,0,0,0,0,0,1,1,0,0
18900,5,28131,1,116,1,478,1,0,0,0,0,0,1,0,0,1
18900,3,48728,1,116,1,190,1,0,0,0,0,0,1,1,0,0
18900,2,23121,1,116,1,106,1,0,0,0,0,0,1,0,0,0
18900,4,19390,1,116,1,121,1,0,0,0,0,0,1,1,0,0
18900,3,46000,1,116,1,121,1,0,0,0,0,0,1,1,0,0
18900,3,24500,1,116,1,783,1,0,0,0,0,0,1,0,0,1
18900,2,6000,1,116,1,861,1,0,0,0,0,0,0,0,0,1
18900,3,22200,1,116,1,102,1,0,0,0,0,0,1,0,0,0
18901,3,89000,1,116,1,200,1,0,0,0,1,0,0,0,1,0
18950,3,35982,1,116,1,276,1,0,0,0,0,0,0,1,0,0
18990,3,37329,1,116,1,89,1,0,0,0,0,0,1,0,0,0
18990,3,54551,1,116,1,89,1,0,0,0,0,0,1,0,0,0
18990,3,41949,1,116,1,89,1,0,0,0,0,0,1,0,0,0
18990,4,16161,1,116,1,89,1,0,0,0,0,0,1,0,0,0
18999,3,19000,1,116,1,387,1,0,0,0,0,0,1,0,1,0
19000,1,6,1,116,1,383,1,0,0,0,0,0,0,0,1,0
19200,1,11900,1,116,1,127,1,0,0,0,0,0,0,0,0,0
19300,3,28909,0,116,1,164,0,0,1,0,0,0,1,0,1,0
19300,1,14343,1,116,1,611,1,0,0,0,0,0,0,0,0,1
19300,3,28909,0,116,1,132,0,0,1,0,0,0,1,0,0,0
19400,1,70695,1,116,1,177,1,0,0,0,0,0,1,1,0,0
19500,1,26780,1,116,1,222,1,0,0,0,0,0,0,1,0,0
19500,3,21187,1,116,1,177,1,0,0,0,0,0,1,1,0,0
19500,1,7000,1,116,1,326,1,0,0,0,0,0,1,0,1,0
19500,3,58800,1,116,1,92,1,0,0,0,0,0,1,0,1,0
19500,2,31943,1,116,1,121,1,0,0,0,0,0,1,1,0,0
19699,4,35153,1,116,1,731,1,0,0,0,1,0,0,0,0,1
19699,4,35153,1,116,1,130,1,0,0,0,1,0,0,0,1,0
19699,4,35153,1,116,1,750,1,0,0,0,1,0,0,0,0,1
19699,4,35153,1,116,1,485,1,0,0,0,1,0,0,0,0,1
19699,4,35153,1,116,1,861,1,0,0,0,1,0,0,0,0,1
19699,4,35153,1,116,1,127,1,0,0,0,1,0,0,0,0,0
19699,4,35153,1,116,1,628,1,0,0,0,1,0,0,0,0,1
19700,2,34600,1,116,1,247,1,0,0,0,0,0,1,0,1,0
19700,1,10868,0,116,1,132,0,0,1,0,0,0,0,0,0,0
19700,1,10868,0,116,1,164,0,0,1,0,0,0,0,0,1,0
19750,4,23820,1,116,1,64,1,0,0,0,0,0,1,1,0,0
19790,3,26026,1,116,1,89,1,0,0,0,0,0,1,0,0,0
19800,5,8800,1,116,1,127,1,0,0,0,0,0,1,0,0,0
19890,4,46938,1,116,1,178,1,0,0,0,0,0,0,1,0,0
19900,2,38250,1,116,1,153,1,0,0,0,0,0,0,1,0,0
19900,4,33299,1,116,1,276,1,0,0,0,0,0,1,1,0,0
19900,4,55000,1,116,1,333,1,0,0,0,1,0,0,0,1,0
19900,3,35827,1,116,1,121,1,0,0,0,0,0,1,1,0,0
19900,2,60559,1,116,1,140,1,0,0,0,0,0,1,0,1,0
19900,3,45415,1,116,1,177,1,0,0,0,0,0,1,1,0,0
19900,1,5600,1,116,1,490,1,0,0,0,0,0,1,0,0,1
19900,2,17580,1,116,1,861,0,0,0,0,0,0,1,0,0,1
19900,2,17580,1,116,1,861,1,0,0,0,0,0,1,0,0,1
19900,3,52700,1,116,1,109,1,0,0,0,0,0,1,0,0,0
19900,2,47800,1,116,1,121,1,0,0,0,0,0,1,1,0,0
19990,1,20289,1,116,1,162,1,0,0,0,0,0,0,1,0,0
19990,2,22850,1,116,1,89,1,0,0,0,0,0,1,0,0,0
19990,3,14000,1,116,1,190,1,0,0,0,0,0,1,1,0,0
19999,2,10779,1,116,1,611,1,0,0,0,0,0,0,0,0,1
19999,2,10779,1,116,1,130,1,0,0,0,0,0,0,0,1,0
19999,2,10779,1,116,1,177,1,0,0,0,0,0,0,1,0,0
20000,4,54000,1,116,1,720,1,0,0,0,1,0,0,0,0,1
20200,2,28793,1,116,1,222,1,0,0,0,0,0,0,1,0,0
20200,2,28000,1,116,1,92,1,0,0,0,0,0,1,0,1,0
20200,0,6,1,116,1,698,1,0,0,0,0,0,0,0,0,1
20400,1,23569,1,116,1,101,1,0,0,0,0,0,1,0,1,0
20499,3,29000,1,116,1,326,1,0,0,0,0,0,1,0,1,0
20500,1,12660,1,116,1,140,1,0,0,0,0,0,1,0,1,0
20500,4,54625,1,116,1,783,1,0,0,0,1,0,0,0,0,1
20500,4,55000,1,116,1,326,1,0,0,0,1,0,0,0,1,0
20618,4,79807,1,116,1,783,1,0,0,0,0,0,1,0,0,1
20700,1,21855,1,116,1,79,1,0,0,0,0,0,1,0,0,0
20800,2,53882,1,130,1,177,1,0,0,0,0,0,1,1,0,0
20900,1,15830,1,116,1,86,1,0,0,0,0,0,1,0,0,0
20900,1,15830,1,116,1,326,1,0,0,0,0,0,1,0,1,0
20900,1,6,1,116,1,101,1,0,0,0,0,0,1,0,1,0
20900,0,6,1,116,1,101,1,0,0,0,0,0,0,0,1,0
20900,1,7515,1,116,1,140,1,0,0,0,0,0,1,0,1,0
20900,1,13312,1,116,1,175,1,0,0,0,0,0,0,1,0,0
20900,2,77916,1,116,1,222,1,0,0,0,0,0,1,1,0,0
20900,4,67189,1,116,1,106,1,0,0,0,0,0,1,0,0,0
20900,1,18577,1,116,1,177,1,0,0,0,0,0,1,1,0,0
20900,1,18577,1,116,1,87,1,0,0,0,0,0,1,1,0,0
20900,0,12500,1,116,1,106,1,0,0,0,0,0,1,0,0,0
20900,0,15,1,116,1,785,1,0,0,0,0,0,0,0,0,1
20900,3,41776,1,116,1,177,1,0,0,0,1,0,0,1,0,0
20950,4,48546,1,116,1,276,1,0,0,0,0,0,1,1,0,0
20999,2,14500,1,116,1,793,1,0,0,0,0,0,1,0,0,1
21000,0,6,1,116,1,471,1,0,0,0,0,0,0,0,0,1
21090,1,6,1,116,1,89,1,0,0,0,0,0,0,0,0,0
21450,2,45500,1,130,1,222,1,0,0,0,0,0,1,1,0,0
21490,1,12443,0,116,1,89,1,0,0,0,0,0,1,0,0,0
21500,2,29000,1,130,1,261,1,0,0,0,0,0,1,0,1,0
21900,4,49904,1,116,1,106,1,0,0,0,0,0,1,0,0,0
21900,0,10,1,116,1,106,1,0,0,0,0,0,1,0,0,0
21900,1,15917,1,116,1,121,1,0,0,0,0,0,0,1,0,0
21900,3,35004,1,116,1,164,1,0,0,0,1,0,0,0,1,0
21900,3,35004,1,116,1,132,1,0,0,0,1,0,0,0,0,0
21900,2,25000,1,116,1,914,1,0,0,0,0,0,1,0,0,1
21900,2,12207,1,130,1,177,1,0,0,0,0,0,1,1,0,0
21900,3,5630,1,116,1,276,1,0,0,0,0,0,1,1,0,0
21900,1,16000,1,116,1,618,1,0,0,0,0,0,1,0,0,1
21900,0,10,1,116,1,106,1,0,0,0,0,0,0,0,0,0
21900,2,29888,1,116,1,121,1,0,0,0,0,0,1,1,0,0
22000,2,18000,1,116,1,177,1,0,0,0,0,0,1,1,0,0
22000,1,920,1,116,1,744,1,0,0,0,0,0,1,0,0,1
22500,2,18680,1,130,1,326,1,0,0,0,1,0,0,0,1,0
22500,1,6082,1,130,1,177,1,0,0,0,0,0,1,1,0,0
22500,1,12205,1,116,1,184,1,0,0,0,0,0,1,1,0,0
22650,1,12900,1,116,1,189,1,0,0,0,0,0,1,1,0,0
22899,2,16243,1,116,1,731,1,0,0,0,0,0,1,0,0,1
22899,2,16243,1,116,1,485,1,0,0,0,0,0,1,0,0,1
22899,2,16243,1,116,1,25,1,0,0,0,0,0,1,0,0,0
22899,2,16243,1,116,1,99,1,0,0,0,0,0,1,0,1,0
22899,2,16243,1,116,1,861,1,0,0,0,0,0,1,0,0,1
22899,2,16243,1,116,1,490,1,0,0,0,0,0,1,0,0,1
22899,2,16243,1,116,1,750,1,0,0,0,0,0,1,0,0,1
22899,2,16243,1,116,1,326,1,0,0,0,0,0,1,0,1,0
22899,2,16243,1,116,1,86,1,0,0,0,0,0,1,0,0,0
22899,2,16243,1,116,1,283,1,0,0,0,0,0,1,1,0,0
22899,2,16243,1,116,1,628,1,0,0,0,0,0,1,0,0,1
22899,2,16243,1,116,1,127,1,0,0,0,0,0,1,0,0,0
22900,3,93748,1,116,1,106,1,0,0,0,0,0,1,0,0,0
22900,1,3400,1,116,1,619,1,0,0,0,0,0,1,0,0,1
22900,3,30292,1,116,1,106,1,0,0,0,0,0,1,0,0,0
23200,1,8000,1,130,1,193,1,0,0,0,0,0,1,1,0,0
23200,0,6,1,116,1,177,0,0,1,0,0,0,0,1,0,0
23399,2,16243,1,116,1,130,1,0,0,0,0,0,1,0,1,0
23399,2,16243,1,116,1,611,1,0,0,0,0,0,1,0,0,1
23399,2,16243,1,116,1,177,1,0,0,0,0,0,1,1,0,0
23500,2,10,1,116,1,102,1,0,0,0,0,0,1,0,0,0
23500,3,58000,1,116,1,121,1,0,0,0,0,0,1,1,0,0
23580,1,6105,1,115,1,25,1,0,0,0,0,0,0,0,0,0
23900,1,200,1,116,1,261,1,0,0,0,0,0,1,0,1,0
23900,1,12330,1,116,1,190,1,0,0,0,0,0,1,1,0,0
23900,3,88749,1,116,1,106,1,0,0,0,0,0,1,0,0,0
23900,0,10,1,130,1,106,1,0,0,0,0,0,1,0,0,0
23900,0,10,1,130,1,106,1,0,0,0,0,0,1,0,0,0
23900,0,10,1,130,1,106,1,0,0,0,0,0,1,0,0,0
23900,0,10,1,130,1,106,1,0,0,0,0,0,1,0,0,0
23900,0,10,1,130,1,106,1,0,0,0,0,0,1,0,0,0
23900,2,35378,1,116,1,106,1,0,0,0,0,0,1,0,0,0
23900,0,10,1,130,1,106,1,0,0,0,0,0,1,0,0,0
23990,1,9152,1,130,1,89,1,0,0,0,0,0,1,0,0,0
23990,1,6,1,130,1,89,0,0,1,0,0,0,1,0,0,0
24401,0,5000,1,116,1,200,1,0,0,0,0,0,1,0,1,0
24490,0,2900,1,116,1,213,1,0,0,0,0,0,0,1,0,0
24500,1,6210,1,130,1,326,1,0,0,0,1,0,0,0,1,0
24500,0,6,1,130,1,177,0,0,1,0,0,0,1,1,0,0
24800,0,6,1,72,1,164,0,0,0,0,0,0,1,0,1,0
24800,0,6,1,72,1,132,0,0,0,0,0,0,1,0,0,0
24900,1,9986,1,130,1,121,1,0,0,0,1,0,0,1,0,0
24950,1,21600,1,130,1,326,1,0,0,0,1,0,0,0,1,0
24950,1,25200,1,130,1,326,1,0,0,0,1,0,0,0,1,0
24990,1,6,1,130,1,89,0,0,1,0,0,0,1,0,0,0
24990,2,5820,1,116,1,167,1,0,0,0,0,0,1,1,0,0
25000,0,6,1,130,1,92,0,0,1,0,0,0,1,0,1,0
25000,1,18,1,116,1,588,1,0,0,0,0,0,1,0,0,1
25400,0,2772,1,130,1,106,1,0,0,0,0,0,1,0,0,0
25500,2,9800,1,116,1,320,1,0,0,0,0,0,1,0,0,1
25599,1,4169,1,116,1,611,1,0,0,0,1,0,0,0,0,1
25599,1,4169,1,116,1,127,1,0,0,0,1,0,0,0,0,0
25599,1,4169,1,116,1,86,1,0,0,0,1,0,0,0,0,0
25599,1,4169,1,116,1,490,1,0,0,0,1,0,0,0,0,1
25599,1,4169,1,116,1,283,1,0,0,0,1,0,0,1,0,0
25599,1,4169,1,116,1,99,1,0,0,0,1,0,0,0,1,0
25599,1,4169,1,116,1,485,1,0,0,0,1,0,0,0,0,1
25599,1,4169,1,116,1,326,1,0,0,0,1,0,0,0,1,0
25599,1,4169,1,116,1,628,1,0,0,0,1,0,0,0,0,1
25599,1,4169,1,116,1,177,1,0,0,0,1,0,0,1,0,0
25599,1,4169,1,116,1,25,1,0,0,0,1,0,0,0,0,0
25700,1,10049,1,130,1,177,1,0,0,0,1,0,0,1,0,0
25800,2,5188,1,130,1,750,1,0,0,0,0,0,1,0,0,1
25800,0,10,1,130,1,106,1,0,0,0,0,0,1,0,0,0
25950,1,20000,1,130,1,326,1,0,0,0,1,0,0,0,1,0
25950,1,19500,1,130,1,326,1,0,0,0,1,0,0,0,1,0
25950,1,19200,1,130,1,326,1,0,0,0,1,0,0,0,1,0
26500,1,13161,1,130,1,276,1,0,0,0,1,0,0,1,0,0
26500,1,14887,1,130,1,276,1,0,0,0,1,0,0,1,0,0
26900,1,3400,1,130,1,261,1,0,0,0,1,0,0,0,1,0
26950,1,11000,1,130,1,326,1,0,0,0,1,0,0,0,1,0
26950,1,7800,1,130,1,16,1,0,0,0,1,0,0,0,0,0
28400,1,9731,1,130,1,190,1,0,0,0,1,0,0,1,0,0
29750,0,0,0,116,1,307,0,0,0,0,0,0,1,0,0,1
12600,3,70000,0,72,1,199,0,0,0,0,0,0,1,1,0,0
20900,1,24000,1,116,0,299,1,0,0,0,0,0,1,0,0,1
17600,4,30000,1,116,1,92,0,0,1,0,0,0,1,0,1,0
17600,4,25600,1,116,1,92,0,0,1,0,0,0,1,0,1,0
16500,4,32500,1,116,1,108,1,0,0,0,0,0,1,0,1,0
14900,4,59233,1,116,1,326,1,0,0,0,0,0,0,0,1,0
15500,2,54000,1,116,1,326,0,0,1,0,0,0,0,0,1,0
19900,2,17580,1,116,1,861,0,0,0,0,0,0,1,0,0,1
14900,4,43200,1,116,1,326,1,0,0,0,0,0,0,0,1,0
17390,1,1300,1,116,1,510,1,0,0,0,0,0,1,0,0,1
20999,2,14500,1,116,1,793,1,0,0,0,0,0,1,0,0,1
24490,0,2900,1,116,1,213,1,0,0,0,0,0,0,1,0,0
20500,0,10,1,116,1,541,1,0,0,0,0,0,0,0,0,1
17400,4,52592,1,116,1,505,1,0,0,0,0,0,0,0,0,1
18900,2,61702,1,116,1,490,0,0,1,0,0,0,0,0,0,1
21900,1,17201,1,130,1,568,0,0,1,0,0,0,1,0,0,1
19500,3,16627,1,116,1,307,0,0,1,0,0,0,1,0,0,1
22890,2,25000,1,130,1,290,1,0,0,0,0,0,1,0,1,0
13900,4,50000,0,72,1,199,0,0,0,0,0,0,0,1,0,0
13990,5,17500,0,72,1,168,0,0,0,0,0,0,0,1,0,0
26950,1,7800,1,130,1,61,0,0,1,0,1,0,0,1,0,0
22500,1,12205,1,116,1,184,0,0,1,0,0,0,1,1,0,0
18000,3,36450,1,116,1,177,1,0,0,0,0,0,1,1,0,0
26950,1,7800,1,130,1,61,0,0,1,0,1,0,0,1,0,0
16990,3,92276,1,116,1,25,1,0,0,0,0,0,1,0,0,0
17500,4,72882,1,116,1,222,0,0,1,0,0,0,1,1,0,0
18900,3,48728,1,116,1,190,0,0,1,0,0,0,1,1,0,0
21490,3,12859,1,116,1,25,1,0,0,0,1,0,0,0,0,0
19500,3,53743,1,116,1,222,0,0,1,0,0,0,1,1,0,0
18500,4,17130,1,116,1,276,1,0,0,0,0,0,1,1,0,0
21500,2,29000,1,130,1,261,0,0,1,0,0,0,1,0,1,0
15500,3,39556,0,72,1,276,0,0,0,0,0,0,1,1,0,0
25500,1,6213,1,130,1,178,0,0,1,0,0,0,1,1,0,0
12900,4,49277,0,72,1,234,0,0,0,0,0,0,0,0,0,0
12900,4,49277,0,72,1,233,0,0,0,0,0,0,0,0,0,0
12900,4,49277,0,72,1,186,0,0,0,0,0,0,0,0,0,0
18900,2,6000,1,116,1,861,1,0,0,0,0,0,0,0,0,1
12900,3,69999,0,72,1,424,0,0,0,0,0,0,0,0,0,1
20500,0,10,1,116,1,541,1,0,0,0,0,0,0,0,0,1
13900,5,88700,1,116,1,326,1,0,0,0,0,0,1,0,1,0
22650,1,12900,1,116,1,189,0,0,1,0,0,0,1,1,0,0
18000,5,58732,1,116,1,505,1,0,0,0,0,0,1,0,0,1
23000,2,42833,1,130,0,301,1,0,0,0,0,1,0,0,1,0
16900,4,41923,1,92,1,327,1,0,0,0,0,0,1,1,0,0
21900,1,17201,1,130,1,623,0,0,1,0,0,0,1,0,0,1
20900,1,10,1,116,1,541,1,0,0,0,0,0,0,0,0,1
14500,5,75000,1,116,1,362,1,0,0,0,0,0,0,0,1,0
19900,2,1704,1,116,0,326,1,0,0,0,0,0,0,0,1,0
21900,1,17201,1,130,1,436,0,0,1,0,0,0,1,0,0,1
19500,1,3,1,116,1,488,1,0,0,0,0,0,0,0,0,1
18990,3,38452,1,116,1,341,0,0,1,0,0,0,1,0,1,0
13499,5,90000,1,116,1,87,1,0,0,0,0,0,1,0,1,0
15900,4,110000,1,116,1,747,1,0,0,0,0,0,0,0,0,1
21900,1,17201,1,130,1,485,0,0,1,0,0,0,1,0,0,1
13900,4,61664,0,72,1,177,0,0,0,0,0,0,0,1,0,0
25000,0,0,1,130,1,92,0,0,1,0,0,0,1,0,1,0
17900,5,57399,1,116,1,177,1,0,0,0,0,0,1,1,0,0
10900,3,69150,0,72,1,121,0,0,0,0,0,0,0,0,0,0
19200,4,46190,1,116,1,169,1,0,0,0,0,0,1,0,0,0
20900,1,15000,1,116,1,86,1,0,0,0,0,0,0,0,0,0
14400,4,120061,1,116,1,286,0,0,1,0,0,0,1,1,0,0
21500,1,10000,1,116,1,333,1,0,0,0,0,0,1,0,1,0
16900,3,53500,1,116,1,383,1,0,0,0,0,0,1,0,1,0
20200,2,28000,1,116,1,92,0,0,1,0,0,0,1,0,1,0
16900,5,68199,1,116,1,127,1,0,0,0,0,0,1,0,0,0
16490,5,73000,1,116,1,628,0,0,1,0,0,0,0,0,0,1
18400,4,34890,1,116,1,485,1,0,0,0,0,0,1,0,0,1
18700,4,24000,1,116,1,35,1,0,0,0,0,0,1,0,0,0
23990,1,0,1,130,1,25,0,0,1,0,0,0,1,0,0,0
15800,3,67369,0,72,1,105,0,0,0,0,0,0,1,0,1,0
19900,2,31914,1,116,1,169,1,0,0,0,0,0,1,0,0,0
18900,4,19390,1,116,1,121,0,0,1,0,0,0,1,1,0,0
17950,4,66434,1,116,1,178,1,0,0,0,0,0,1,1,0,0
18790,1,12015,1,116,1,276,1,0,0,0,0,0,1,1,0,0
17500,3,9876,1,116,1,691,1,0,0,0,0,0,1,0,0,1
20499,3,29000,1,116,1,326,1,0,0,0,0,0,1,0,1,0
16500,5,64000,1,116,1,344,1,0,0,0,0,0,0,0,1,0
15500,3,59264,0,72,1,511,0,0,0,0,0,0,1,0,0,1
15800,5,47500,1,116,1,485,1,0,0,0,0,0,1,0,0,1
14900,5,79000,1,116,1,735,1,0,0,0,0,0,0,0,0,1
19900,1,0,1,116,1,488,1,0,0,0,0,0,0,0,0,1
13500,3,77000,0,72,1,326,0,0,0,0,0,0,1,0,1,0
22000,1,4878,1,116,1,177,1,0,0,0,0,0,1,1,0,0
17000,4,15730,1,116,1,177,1,0,0,0,0,0,1,1,0,0
20900,1,10,1,116,1,541,1,0,0,0,0,0,0,0,0,1
20490,1,0,1,116,1,478,0,0,1,0,0,0,0,0,0,1
20490,1,0,1,116,1,478,0,0,1,0,0,0,0,0,0,1
19900,2,17580,1,116,1,861,1,0,0,0,0,0,1,0,0,1
22900,1,3400,1,116,1,619,1,0,0,0,0,0,1,0,0,1
18500,5,57141,1,116,1,505,1,0,0,0,0,0,1,0,0,1
22990,0,0,1,116,1,326,1,0,0,0,0,0,0,0,1,0
17500,4,31590,1,116,1,120,0,0,1,0,0,0,1,0,1,0
17990,4,38600,1,116,1,229,1,0,0,0,0,0,1,1,0,0
13900,4,56277,0,72,1,106,0,0,0,0,0,0,1,0,0,0
18901,3,89000,1,116,1,200,1,0,0,0,0,1,0,0,1,0
16500,4,82000,1,116,1,212,1,0,0,0,0,0,1,1,0,0
17900,4,18000,1,116,1,25,1,0,0,0,0,0,0,0,0,0
14900,4,80000,1,116,1,177,1,0,0,0,0,0,0,1,0,0
16900,5,68199,1,116,1,128,1,0,0,0,0,0,1,0,0,0
16900,5,68199,1,116,1,101,1,0,0,0,0,0,1,0,0,0
16500,4,61726,1,116,1,177,1,0,0,0,0,0,1,1,0,0
13900,5,140000,1,116,1,68,1,0,0,0,0,0,0,0,0,0
16200,5,78870,1,116,1,74,0,0,1,0,0,0,0,0,0,0
19900,4,55000,1,116,1,333,1,0,0,0,1,0,0,0,1,0
18600,3,25900,1,116,1,92,0,0,1,0,0,0,1,0,1,0
21500,3,30000,1,116,0,588,1,0,0,0,1,0,0,0,0,1
16999,4,52300,1,116,1,436,0,0,1,0,0,0,1,0,0,1
23200,0,0,1,116,1,177,0,0,1,0,0,0,0,1,0,0
24500,0,0,1,130,1,177,0,0,1,0,0,0,1,1,0,0
17900,5,64220,1,116,1,560,0,0,1,0,0,0,1,0,0,1
18499,1,56150,1,116,1,911,1,0,0,0,0,0,0,0,0,1
15500,4,85307,1,116,0,264,1,0,0,0,0,0,1,1,0,0
14750,5,89170,1,116,1,488,1,0,0,0,0,0,0,0,0,1
14750,5,89170,1,116,1,99,1,0,0,0,0,0,0,0,1,0
14750,5,89170,1,116,1,22,1,0,0,0,0,0,0,0,0,0
14750,5,89170,1,116,1,86,1,0,0,0,0,0,0,0,0,0
14750,5,89170,1,116,1,326,1,0,0,0,0,0,0,0,1,0
15800,5,63000,1,116,1,16,1,0,0,0,0,0,0,0,0,0
16400,5,100983,1,116,1,101,1,0,0,0,0,0,1,0,1,0
17500,3,20700,1,116,1,254,1,0,0,0,0,0,0,1,0,0
20900,1,10,1,116,1,541,1,0,0,0,0,0,0,0,0,1
13900,5,104249,1,116,1,101,1,0,0,0,0,0,0,0,1,0
16400,5,104841,1,116,1,101,1,0,0,0,0,0,1,0,1,0
13990,4,51300,0,72,1,477,0,0,0,0,0,0,0,0,0,1
21900,0,0,1,116,1,106,0,0,1,0,0,0,0,0,0,0
15600,4,46800,0,72,1,192,0,0,0,0,0,0,0,1,0,0
17200,4,45737,1,116,1,101,1,0,0,0,0,0,1,0,1,0
19900,2,38250,1,116,1,153,1,0,0,0,0,0,0,1,0,0
14900,4,88750,1,116,1,326,1,0,0,0,0,0,0,0,1,0
19500,1,7000,1,116,1,326,1,0,0,0,0,0,1,0,1,0
18200,3,53606,1,116,1,101,1,0,0,0,0,0,1,0,1,0
16900,3,72403,1,116,1,118,0,0,1,0,0,0,1,0,1,0
19900,1,23960,1,116,1,101,1,0,0,0,0,0,1,0,1,0
16400,5,91273,1,116,1,101,1,0,0,0,0,0,1,0,1,0
12900,4,57169,0,72,1,101,0,0,0,0,0,0,1,0,1,0
14890,4,45000,1,116,1,326,0,0,1,0,0,0,0,0,1,0
18450,4,46856,1,116,1,377,1,0,0,0,0,0,0,0,0,1
18900,1,2608,1,116,1,49,0,0,1,0,0,0,0,0,0,0
17500,4,31590,1,116,1,120,0,0,1,0,0,0,1,0,1,0
17900,3,29,1,116,1,65,0,0,1,0,0,0,0,0,0,0
17900,3,20,1,116,1,49,0,0,1,0,0,0,0,0,0,0
15900,4,27694,0,72,1,326,0,0,0,0,0,0,0,0,1,0
14500,4,27694,0,72,1,326,0,0,0,0,0,0,0,0,1,0
22500,1,6082,1,130,1,177,0,0,1,0,0,0,1,1,0,0
18900,5,58770,1,116,1,177,1,0,0,0,0,0,1,1,0,0
20900,3,41776,1,116,1,177,1,0,0,0,1,0,0,1,0,0
15799,3,54460,0,72,1,211,0,0,0,0,0,0,0,0,1,0
15600,5,89900,1,116,1,158,1,0,0,0,0,0,1,1,0,0
16900,4,44000,1,116,0,25,1,0,0,0,0,0,1,0,0,0
17890,1,14800,1,116,1,42,1,0,0,0,0,0,0,0,0,0
16200,5,54018,1,116,1,183,0,0,1,0,0,0,0,0,1,0
23900,0,0,1,130,1,106,0,0,1,0,0,0,1,0,0,0
19500,4,73460,1,116,1,176,1,0,0,0,0,0,0,0,1,0
16900,4,53510,1,116,1,101,1,0,0,0,0,0,1,0,1,0
20500,0,10,1,116,1,541,1,0,0,0,0,0,0,0,0,1
18500,3,32700,1,116,1,92,0,0,1,0,0,0,1,0,1,0
19900,2,60559,1,116,1,120,0,0,1,0,0,0,1,0,1,0
19900,2,47800,1,116,1,121,0,0,1,0,0,0,1,1,0,0
16950,5,64588,1,116,1,276,1,0,0,0,0,0,1,1,0,0
16500,3,63540,1,116,1,276,1,0,0,0,0,0,0,1,0,0
14200,4,22000,0,72,1,750,0,0,0,0,0,0,1,0,0,1
14500,4,37890,0,72,1,911,0,0,0,0,0,0,0,0,0,1
18950,3,62050,1,116,1,276,0,0,1,0,1,0,0,1,0,0
19390,1,18400,1,115,1,220,1,0,0,0,0,0,0,1,0,0
16900,4,70545,1,116,1,101,1,0,0,0,0,0,1,0,1,0
17890,1,18151,1,116,1,42,0,0,1,0,0,0,0,0,0,0
14900,5,63000,1,116,1,326,1,0,0,0,0,0,0,0,1,0
23500,3,58000,1,116,1,121,1,0,0,0,0,0,1,1,0,0
24900,0,10,1,130,1,541,1,0,0,0,0,0,1,0,0,1
17500,2,50735,1,116,1,176,1,0,0,0,0,0,0,0,1,0
16400,5,91266,1,116,1,101,1,0,0,0,0,0,1,0,1,0
13800,4,154040,1,116,1,485,1,0,0,0,0,0,1,0,0,1
24300,1,0,1,130,1,65,0,0,1,0,0,0,1,0,0,0
12300,5,120817,1,116,1,326,1,0,0,0,0,0,1,0,1,0
18300,4,23121,1,116,1,326,0,0,1,0,0,0,0,0,1,0
18700,3,55000,1,116,1,25,0,0,1,0,0,0,1,0,0,0
18700,3,55000,1,116,1,25,0,0,1,0,0,0,1,0,0,0
15400,5,43639,1,116,1,177,1,0,0,0,0,0,0,1,0,0
18300,4,23121,1,116,1,350,0,0,1,0,0,0,0,0,0,1
12000,3,90654,0,72,1,189,0,0,0,0,0,0,1,1,0,0
25500,1,7120,1,130,0,750,1,0,0,0,0,1,0,0,0,1
16990,3,55500,1,116,1,326,1,0,0,0,0,0,1,0,1,0
19400,3,31000,1,116,0,276,1,0,0,0,0,0,1,1,0,0
20500,0,10,1,116,1,541,1,0,0,0,0,0,0,0,0,1
20500,0,10,1,116,1,541,1,0,0,0,0,0,0,0,0,1
17890,1,16200,1,116,1,42,0,0,1,0,0,0,0,0,0,0
15490,5,40000,1,116,1,326,0,0,1,0,0,0,1,0,1,0
24450,0,0,1,130,1,190,1,0,0,0,0,0,1,1,0,0
22245,0,0,1,116,1,190,1,0,0,0,0,0,0,1,0,0
24400,0,0,1,130,1,190,1,0,0,0,0,0,1,1,0,0
18000,3,68000,1,116,0,101,1,0,0,0,0,0,1,0,0,0
15980,3,43000,1,116,1,326,1,0,0,0,0,0,0,0,1,0
22000,0,20,1,116,1,541,1,0,0,0,0,0,1,0,0,1
19500,3,58800,1,116,1,92,0,0,1,0,0,0,1,0,1,0
15500,3,53000,1,116,1,326,1,0,0,0,0,0,0,0,1,0
20400,1,23542,1,116,1,101,1,0,0,0,0,0,1,0,1,0
15900,5,81986,1,116,1,750,1,0,0,0,0,0,0,0,0,1
14850,4,108081,1,116,1,764,1,0,0,0,0,0,0,0,0,1
16500,5,75000,1,116,1,326,1,0,0,0,0,0,1,0,1,0
16500,4,88000,1,116,1,775,1,0,0,0,0,0,0,0,0,1
14950,4,63000,0,72,1,139,0,0,0,0,0,0,1,0,0,0
14390,5,69000,1,116,1,276,1,0,0,0,0,0,0,1,0,0
24950,0,0,1,130,1,40,0,0,1,0,0,0,1,0,0,0
16990,4,77000,1,116,1,424,1,0,0,0,0,0,0,0,0,1
21900,3,5630,1,116,1,276,1,0,0,0,0,0,1,1,0,0
16900,4,48999,1,116,1,348,1,0,0,0,0,0,0,0,1,0
19300,1,14343,1,116,1,611,1,0,0,0,0,0,0,0,0,1
16500,5,62800,1,116,1,135,1,0,0,0,0,0,0,0,0,0
17290,3,70198,1,116,1,25,1,0,0,0,0,0,0,0,0,0
21900,1,5400,1,116,1,196,1,0,0,0,0,0,1,1,0,0
24800,0,0,1,116,1,40,0,0,1,0,0,0,0,0,0,0
22750,0,0,1,116,1,40,0,0,1,0,0,0,0,0,0,0
19800,5,8800,1,116,1,127,1,0,0,0,0,0,1,0,0,0
15900,4,63685,1,116,1,326,1,0,0,0,0,0,1,0,1,0
15900,4,148881,1,116,1,505,1,0,0,0,0,0,0,0,0,1
13899,5,129000,1,116,1,485,1,0,0,0,0,0,1,0,0,1
14999,5,99999,1,116,1,125,1,0,0,0,0,0,0,0,0,0
19200,1,11900,1,116,1,127,1,0,0,0,0,0,0,0,0,0
24950,0,0,1,130,1,49,0,0,1,0,0,0,1,0,0,0
21490,1,12443,1,116,1,25,1,0,0,0,0,0,1,0,0,0
23550,0,0,1,116,1,121,0,0,1,0,0,0,0,1,0,0
24950,0,0,1,130,1,121,0,0,1,0,0,0,1,1,0,0
22750,0,0,1,116,1,121,0,0,1,0,0,0,0,1,0,0
17900,4,61306,1,116,1,121,0,0,1,0,0,0,1,1,0,0
24950,0,0,1,130,1,121,0,0,1,0,0,0,1,1,0,0
23550,0,0,1,116,1,121,0,0,1,0,0,0,0,1,0,0
24950,0,0,1,130,1,121,0,0,1,0,0,0,1,1,0,0
24950,0,0,1,130,1,121,0,0,1,0,0,0,1,1,0,0
21900,2,29888,1,116,1,121,0,0,1,0,0,0,1,1,0,0
24950,0,0,1,130,1,121,0,0,1,0,0,0,1,1,0,0
24950,0,0,1,130,1,121,0,0,1,0,0,0,1,1,0,0
24950,0,0,1,130,1,121,0,0,1,0,0,0,1,1,0,0
24950,0,0,1,130,1,121,0,0,1,0,0,0,1,1,0,0
27900,0,0,1,130,1,121,0,0,1,0,1,0,0,1,0,0
17450,5,91000,1,116,1,731,1,0,0,0,0,0,1,0,0,1
24500,0,6697,1,116,0,476,1,0,0,0,0,0,1,0,0,1
14000,4,130000,1,116,1,205,1,0,0,0,0,0,1,1,0,0
17900,2,39000,1,116,1,149,1,0,0,0,0,0,0,1,0,0
15990,4,34800,1,116,1,346,1,0,0,0,0,0,1,0,1,0
24950,0,0,1,130,1,49,0,0,1,0,0,0,1,0,0,0
24950,0,0,1,130,1,40,0,0,1,0,0,0,1,0,0,0
24950,0,0,1,130,1,49,0,0,1,0,0,0,1,0,0,0
21400,2,16616,1,130,1,40,0,0,1,0,0,0,1,0,0,0
24950,0,0,1,130,1,49,0,0,1,0,0,0,1,0,0,0
5900,5,7000,0,72,1,326,0,0,0,0,0,0,1,0,1,0
21000,1,27000,1,116,0,505,1,0,0,0,0,0,1,0,0,1
17701,4,79000,1,116,1,200,1,0,0,0,0,0,1,0,1,0
16800,4,55529,0,72,1,208,0,0,0,0,0,0,1,1,0,0
14899,4,46486,0,72,1,656,0,0,0,0,0,0,1,0,0,1
20900,2,20478,1,116,1,177,1,0,0,0,0,0,1,1,0,0
23800,1,6021,1,116,1,65,1,0,0,0,0,0,1,0,0,0
23900,1,29500,1,130,1,819,0,0,1,0,0,0,1,0,0,1
18500,2,24000,1,116,1,36,1,0,0,0,0,0,1,0,0,0
24500,0,0,1,130,1,121,0,0,1,0,0,0,1,1,0,0
24500,0,0,1,130,1,121,0,0,1,0,0,0,1,1,0,0
24500,0,0,1,130,1,121,0,0,1,0,0,0,1,1,0,0
24500,0,0,1,130,1,121,0,0,1,0,0,0,1,1,0,0
24500,0,0,1,130,1,121,0,0,1,0,0,0,1,1,0,0
24500,0,0,1,130,1,121,0,0,1,0,0,0,1,1,0,0
22750,0,0,1,116,1,121,0,0,1,0,0,0,0,1,0,0
21900,2,12207,1,130,1,177,1,0,0,0,0,0,1,1,0,0
24500,0,0,1,130,1,121,0,0,1,0,0,0,1,1,0,0
18900,1,23700,1,116,1,911,1,0,0,0,0,0,0,0,0,1
15900,4,53210,1,116,1,177,1,0,0,0,0,0,0,1,0,0
15490,4,70655,1,116,1,180,1,0,0,0,0,0,0,1,0,0
15490,4,70655,1,116,1,40,1,0,0,0,0,0,0,0,0,0
17000,4,34653,1,116,1,177,1,0,0,0,0,0,1,1,0,0
13300,5,126000,1,116,1,326,1,0,0,0,0,0,1,0,1,0
26000,4,31017,0,261,1,753,0,0,0,0,0,1,0,0,0,1
17500,4,21400,1,116,1,495,1,0,0,0,0,0,0,0,0,1
14490,4,66300,1,116,1,326,1,0,0,0,0,0,0,0,1,0
18900,4,14800,1,116,1,276,1,0,0,0,0,0,1,1,0,0
18300,4,21251,1,116,1,276,1,0,0,0,0,0,0,1,0,0
12800,5,129704,1,92,1,326,0,0,0,0,0,0,0,0,1,0
16990,4,59000,1,116,1,495,1,0,0,0,0,0,1,0,0,1
14490,3,69000,0,72,1,479,0,0,0,0,0,0,1,0,0,1
21000,2,15997,1,116,0,341,1,0,0,0,0,0,1,0,1,0
18900,4,48363,1,116,1,177,1,0,0,0,0,0,1,1,0,0
18900,5,26500,1,116,1,276,0,0,1,0,0,0,1,1,0,0
18900,1,37000,1,116,1,911,1,0,0,0,0,0,0,0,0,1
18900,4,26400,1,116,0,326,1,0,0,0,0,0,1,0,1,0
14490,3,69119,0,72,1,25,0,0,0,0,0,0,0,0,0,0
14690,5,59120,0,72,1,25,0,0,0,0,0,0,1,0,0,0
14999,5,98089,1,116,1,832,1,0,0,0,0,0,0,0,0,1
15390,3,42919,0,72,1,25,0,0,0,0,0,0,1,0,0,0
21000,0,0,1,116,1,471,1,0,0,0,0,0,0,0,0,1
16500,3,45000,0,72,1,623,0,0,0,0,0,0,1,0,0,1
18700,4,17224,1,116,1,307,0,0,1,0,0,0,1,0,0,1
18490,4,22139,1,116,1,25,1,0,0,0,0,0,1,0,0,0
17990,3,24277,1,116,1,25,1,0,0,0,0,0,0,0,0,0
17300,4,35781,1,116,1,16,0,0,1,0,0,0,1,0,0,0
16300,2,74744,1,116,1,16,0,0,1,0,0,0,0,0,0,0
17500,4,14197,1,116,1,16,0,0,1,0,0,0,1,0,0,0
17300,4,35781,1,116,1,16,0,0,1,0,0,0,1,0,0,0
17500,4,14197,1,116,1,16,0,0,1,0,0,0,1,0,0,0
16300,2,74744,1,116,1,16,0,0,1,0,0,0,0,0,0,0
18790,3,2565,1,116,1,25,1,0,0,0,0,0,0,0,0,0
17990,4,25916,1,116,1,25,1,0,0,0,0,0,1,0,0,0
18490,3,46530,1,116,1,25,1,0,0,0,0,0,1,0,0,0
18400,4,64066,1,116,1,177,1,0,0,0,0,0,1,1,0,0
21450,2,45500,1,130,1,222,0,0,1,0,0,0,1,1,0,0
16900,4,62930,1,116,1,911,1,0,0,0,0,0,0,0,0,1
17900,3,30018,1,116,1,611,1,0,0,0,0,0,1,0,0,1
14290,3,55937,0,72,1,25,0,0,0,0,0,0,0,0,0,0
13990,3,64647,0,72,1,25,0,0,0,0,0,0,0,0,0,0
14500,3,70981,0,72,1,335,0,0,0,0,0,0,0,0,0,1
18900,2,32667,1,116,1,106,0,0,1,0,0,0,1,0,0,0
17900,4,53200,1,116,1,202,0,0,1,0,0,0,1,1,0,0
16600,4,76171,0,72,1,171,0,0,0,0,0,0,1,1,0,0
18500,5,40000,1,116,1,25,0,0,1,0,0,0,1,0,0,0
18990,3,41949,1,116,1,25,1,0,0,0,0,0,1,0,0,0
23990,1,9152,1,130,1,25,1,0,0,0,0,0,1,0,0,0
19990,2,22850,1,116,1,25,1,0,0,0,0,0,1,0,0,0
14790,3,45259,0,72,1,25,0,0,0,0,0,0,0,0,0,0
14400,4,109000,1,116,1,177,1,0,0,0,0,0,0,1,0,0
18890,1,28248,1,116,1,25,1,0,0,0,0,0,0,0,0,0
17990,5,45102,1,116,1,25,1,0,0,0,0,0,1,0,0,0
18390,1,38559,1,116,1,25,1,0,0,0,0,0,0,0,0,0
18990,3,37329,1,116,1,25,1,0,0,0,0,0,1,0,0,0
18990,3,54551,1,116,1,25,1,0,0,0,0,0,1,0,0,0
18999,3,19000,1,116,1,387,1,0,0,0,0,0,1,0,1,0
17990,4,66113,1,116,1,25,1,0,0,0,0,0,1,0,0,0
16900,4,54000,1,116,1,326,1,0,0,0,0,0,0,0,1,0
14200,5,112000,1,116,1,812,1,0,0,0,0,0,0,0,0,1
21900,2,25000,1,116,1,914,1,0,0,0,0,0,1,0,0,1
15999,3,31000,0,72,1,490,0,0,0,0,0,0,1,0,0,1
19990,3,14000,1,116,1,190,1,0,0,0,0,0,1,1,0,0
18200,5,45296,1,116,1,505,1,0,0,0,0,0,1,0,0,1
15500,4,100273,1,116,0,139,1,0,0,0,0,0,0,0,0,0
16200,3,99400,1,116,1,146,0,0,1,0,0,0,0,0,0,0
15350,4,104000,1,116,1,146,0,0,1,0,0,0,0,0,0,0
19890,4,46938,1,116,1,178,0,0,1,0,0,0,0,1,0,0
17500,3,60907,1,116,1,611,0,0,0,0,0,0,0,0,0,1
24000,2,21000,1,130,0,853,1,0,0,0,1,0,0,0,0,1
20500,4,55000,1,116,1,326,1,0,0,0,1,0,0,0,1,0
17800,5,37000,1,116,1,326,1,0,0,0,0,0,0,0,1,0
18900,5,28131,1,116,1,505,1,0,0,0,0,0,1,0,0,1
17900,4,18000,1,116,1,30,1,0,0,0,0,0,1,0,0,0
17900,4,18000,1,116,1,30,1,0,0,0,0,0,1,0,0,0
15800,5,50966,1,116,1,178,0,0,1,0,0,0,0,1,0,0
20900,3,49348,1,116,1,276,0,0,1,0,1,0,0,1,0,0
14750,4,29158,0,72,1,276,0,0,0,0,0,0,0,1,0,0
15000,5,69000,1,116,0,326,1,0,0,0,0,0,0,0,1,0
16900,5,96769,1,116,1,23,1,0,0,0,0,0,1,0,0,0
16900,5,96769,1,116,1,23,1,0,0,0,0,0,1,0,0,0
13900,4,38417,0,72,1,588,0,0,0,0,0,0,0,0,0,1
21000,3,33600,1,116,0,193,1,0,0,0,0,0,1,1,0,0
18900,5,8500,1,116,1,30,1,0,0,0,0,0,1,0,0,0
18900,5,8500,1,116,1,30,1,0,0,0,0,0,1,0,0,0
16200,4,46662,1,116,1,326,1,0,0,0,0,0,1,0,1,0
15900,4,57932,1,116,1,326,1,0,0,0,0,0,1,0,1,0
17800,4,34304,1,116,1,326,1,0,0,0,0,0,0,0,1,0
16000,5,55852,1,116,0,326,1,0,0,0,0,0,1,0,1,0
23500,0,8,1,116,0,183,1,0,0,0,0,0,0,1,0,0
13990,5,90411,1,116,1,40,1,0,0,0,0,0,0,0,0,0
13990,5,90411,1,116,1,180,1,0,0,0,0,0,0,1,0,0
25800,0,10,1,130,1,127,0,0,1,0,0,0,1,0,0,0
8900,0,144000,1,116,1,541,1,0,0,0,1,0,0,0,0,1
20000,3,18100,1,116,0,326,1,0,0,0,0,0,1,0,1,0
14400,4,62435,1,116,1,326,1,0,0,0,0,0,0,0,1,0
26900,1,3400,1,130,1,261,0,0,1,0,1,0,0,0,1,0
24950,0,0,1,130,1,121,0,0,1,0,0,0,1,1,0,0
18900,3,54290,1,116,1,121,0,0,1,0,0,0,1,1,0,0
16500,4,88248,1,116,1,276,1,0,0,0,0,0,0,1,0,0
24000,0,0,1,130,1,121,0,0,1,0,0,0,1,1,0,0
19500,2,31943,1,116,1,121,0,0,1,0,0,0,1,1,0,0
19950,4,70408,1,116,1,276,1,0,0,0,0,0,0,1,0,0
16900,4,81263,1,116,1,276,1,0,0,0,0,0,0,1,0,0
20500,4,54625,1,116,1,783,0,0,1,0,1,0,0,0,0,1
18900,3,24500,1,116,1,783,1,0,0,0,0,0,1,0,0,1
26900,1,0,1,130,1,178,0,0,1,0,1,0,0,1,0,0
18900,4,37439,1,116,1,783,1,0,0,0,0,0,0,0,0,1
18900,3,46000,1,116,1,121,0,0,1,0,0,0,1,1,0,0
25950,1,19500,1,130,1,326,0,0,1,0,1,0,0,0,1,0
18900,1,13908,1,116,1,178,1,0,0,0,0,0,0,1,0,0
14500,4,42456,0,72,1,178,0,0,0,0,0,0,1,1,0,0
17900,5,61679,1,116,1,276,1,0,0,0,0,0,1,1,0,0
25950,1,19200,1,130,1,326,0,0,1,0,1,0,0,0,1,0
21900,1,15917,1,116,1,121,0,0,1,0,0,0,0,1,0,0
18950,3,39757,1,116,1,276,1,0,0,0,0,0,1,1,0,0
20900,0,1,1,116,1,911,1,0,0,0,0,0,0,0,0,1
19900,3,35827,1,116,1,121,0,0,1,0,0,0,1,1,0,0
18500,4,63082,1,116,1,121,0,0,1,0,0,0,1,1,0,0
17950,3,51997,1,116,1,276,1,0,0,0,0,0,1,1,0,0
18500,3,59069,1,116,1,121,0,0,1,0,0,0,1,1,0,0
23550,0,0,1,116,1,121,0,0,1,0,0,0,0,1,0,0
25950,1,20000,1,130,1,326,0,0,1,0,1,0,0,0,1,0
24950,1,21600,1,130,1,326,0,0,1,0,1,0,0,0,1,0
23550,0,0,1,116,1,121,0,0,1,0,0,0,0,1,0,0
25600,0,0,1,130,1,178,0,0,1,0,0,0,1,1,0,0
18500,3,57403,1,116,1,783,1,0,0,0,0,0,1,0,0,1
17500,4,55560,1,116,1,276,1,0,0,0,0,0,0,1,0,0
13900,3,67618,0,72,1,121,0,0,0,0,0,0,0,1,0,0
12600,3,68097,0,72,1,276,0,0,0,0,0,0,0,1,0,0
15500,3,60430,0,72,1,276,0,0,0,0,0,0,0,1,0,0
15900,4,45376,1,116,1,326,1,0,0,0,0,0,1,0,1,0
18150,4,18800,1,116,1,83,1,0,0,0,0,0,1,0,1,0
18900,4,37561,1,116,1,783,1,0,0,0,0,0,1,0,0,1
20950,4,48546,1,116,1,276,0,0,1,0,0,0,1,1,0,0
18900,1,11820,1,116,1,178,1,0,0,0,0,0,0,1,0,0
13800,5,97739,1,116,1,326,1,0,0,0,0,0,0,0,1,0
14900,5,177397,1,116,1,276,0,0,1,0,0,0,1,1,0,0
18800,1,13171,1,116,1,178,1,0,0,0,0,0,0,1,0,0
16900,4,104235,1,116,1,276,1,0,0,0,0,0,1,1,0,0
13500,3,75496,0,72,1,121,0,0,0,0,0,0,0,1,0,0
24950,1,25200,1,130,1,326,0,0,1,0,1,0,0,0,1,0
18500,4,62259,1,116,1,276,1,0,0,0,0,0,0,1,0,0
26500,1,13161,1,130,1,276,0,0,1,0,1,0,0,1,0,0
23900,1,200,1,116,1,261,1,0,0,0,0,0,1,0,1,0
26500,1,14887,1,130,1,276,0,0,1,0,1,0,0,1,0,0
17600,5,38070,1,116,1,276,1,0,0,0,0,0,0,1,0,0
24900,1,9986,1,130,1,121,0,0,1,0,1,0,0,1,0,0
24950,0,0,1,130,1,121,0,0,1,0,0,0,1,1,0,0
15500,4,87000,1,116,1,275,1,0,0,0,0,0,0,1,0,0
18500,4,61451,1,116,1,178,0,0,1,0,0,0,1,1,0,0
16282,5,63423,1,116,1,99,1,0,0,0,0,0,1,0,1,0
15900,5,82591,1,116,1,326,1,0,0,0,0,0,1,0,1,0
14750,5,34464,0,72,1,276,0,0,0,0,0,0,0,1,0,0
17900,4,58160,1,116,1,276,1,0,0,0,0,0,1,1,0,0
17990,2,32574,1,116,1,214,1,0,0,0,0,0,0,1,0,0
16000,5,83357,1,116,0,177,1,0,0,0,0,0,1,1,0,0
18000,3,45000,1,116,0,326,1,0,0,0,0,0,0,0,1,0
17900,4,64407,1,116,1,49,0,0,1,0,0,0,1,0,0,0
19700,1,10868,1,116,1,132,0,0,1,0,0,0,0,0,0,0
20500,0,10,1,116,1,541,1,0,0,0,0,0,0,0,0,1
20900,1,10,1,116,1,541,1,0,0,0,0,0,0,0,0,1
20500,0,10,1,116,1,541,1,0,0,0,0,0,0,0,0,1
20500,0,10,1,116,1,541,1,0,0,0,0,0,0,0,0,1
20900,1,10,1,116,1,541,1,0,0,0,0,0,0,0,0,1
19700,1,10868,1,116,1,132,0,0,1,0,0,0,0,0,0,0
20500,0,10,1,116,1,541,1,0,0,0,0,0,0,0,0,1
19700,1,10868,1,116,1,132,0,0,1,0,0,0,0,0,0,0
20500,0,10,1,116,1,541,1,0,0,0,0,0,0,0,0,1
20900,1,10,1,116,1,541,1,0,0,0,0,0,0,0,0,1
13999,4,72000,0,72,1,99,0,0,0,0,0,0,0,0,1,0
16900,4,70000,1,92,1,469,1,0,0,0,0,0,1,0,0,1
18900,3,42976,1,116,1,49,0,0,1,0,0,0,1,0,0,0
15950,4,98400,1,116,1,87,1,0,0,0,0,0,1,0,0,0
16500,4,74800,1,116,1,162,0,0,1,0,0,0,0,0,0,0
15950,4,98400,1,116,1,87,1,0,0,0,0,0,1,0,0,0
14800,4,45000,0,72,0,140,0,0,0,0,0,0,1,0,1,0
17200,4,32000,1,116,1,225,1,0,0,0,0,0,0,1,0,0
18400,4,65496,1,116,1,106,0,0,1,0,0,0,1,0,0,0
17500,1,45000,1,116,1,121,1,0,0,0,0,0,0,0,0,0
17601,4,68300,1,116,1,200,1,0,0,0,0,0,1,0,1,0
19900,1,5600,1,116,1,490,1,0,0,0,0,0,1,0,0,1
18500,3,41000,1,116,1,490,1,0,0,0,0,0,1,0,0,1
16600,3,22000,0,72,1,63,0,0,0,0,0,0,0,0,1,0
17600,3,37000,1,116,1,225,1,0,0,0,0,0,0,1,0,0
14290,4,106908,1,116,1,40,1,0,0,0,0,0,0,0,0,0
14290,4,106908,1,116,1,180,1,0,0,0,0,0,0,1,0,0
21900,3,35004,1,116,1,132,0,0,1,0,1,0,0,0,0,0
21900,3,35004,1,116,1,132,0,0,1,0,1,0,0,0,0,0
21900,3,35004,1,116,1,132,0,0,1,0,1,0,0,0,0,0
25700,1,10049,1,130,1,177,1,0,0,0,1,0,0,1,0,0
16200,4,78000,1,116,1,225,1,0,0,0,0,0,1,1,0,0
19900,3,45415,1,116,1,177,1,0,0,0,0,0,1,1,0,0
19750,4,23820,1,116,1,64,1,0,0,0,0,0,1,1,0,0
16900,2,67543,1,116,1,23,1,0,0,0,0,0,0,0,0,0
16900,2,67543,1,116,1,23,1,0,0,0,0,0,0,0,0,0
17000,4,45000,0,72,0,177,0,0,0,0,0,0,0,1,0,0
24950,0,0,1,130,1,40,0,0,1,0,0,0,1,0,0,0
26900,0,0,1,130,1,65,0,0,1,0,0,0,1,0,0,0
24950,0,0,1,130,1,65,0,0,1,0,0,0,1,0,0,0
24900,0,0,1,130,1,49,0,0,1,0,0,0,1,0,0,0
24900,0,0,1,130,1,40,0,0,1,0,0,0,1,0,0,0
17900,4,70550,1,116,1,101,1,0,0,0,0,0,1,0,1,0
20000,4,54000,1,116,1,720,1,0,0,0,1,0,0,0,0,1
14950,4,106000,1,116,0,326,1,0,0,0,0,0,1,0,1,0
19990,1,20289,1,116,1,162,1,0,0,0,0,0,0,1,0,0
13900,4,91000,1,116,1,92,1,0,0,0,0,0,0,0,0,0
16950,5,55000,1,116,1,724,1,0,0,0,0,0,1,0,0,1
13999,5,36000,0,72,1,405,0,0,0,0,0,0,0,0,1,0
23000,2,43000,1,130,0,355,0,0,0,0,0,0,1,0,0,1
16400,5,33000,1,116,1,500,1,0,0,0,0,0,0,0,0,1
17800,4,47000,1,116,0,186,1,0,0,0,0,0,1,0,0,0
14700,3,48713,0,72,1,132,0,0,0,0,0,0,1,0,0,0
19900,2,8700,1,116,1,750,1,0,0,0,0,0,0,0,0,1
19900,2,60559,1,116,1,120,0,0,1,0,0,0,1,0,1,0
16900,3,80348,1,116,1,177,1,0,0,0,0,0,1,1,0,0
17500,5,45000,1,116,1,57,1,0,0,0,0,0,1,0,0,0
16900,4,56991,1,116,1,23,1,0,0,0,0,0,1,0,0,0
14500,4,135000,1,116,1,30,1,0,0,0,0,0,1,0,0,0
22400,0,0,1,116,1,40,1,0,0,0,0,0,1,0,0,0
17700,4,39514,1,116,1,117,1,0,0,0,0,0,0,0,0,0
23200,1,8000,1,116,1,225,1,0,0,0,0,0,1,1,0,0
17500,4,37900,1,116,1,30,1,0,0,0,0,0,0,0,0,0
17500,4,37900,1,116,1,30,1,0,0,0,0,0,0,0,0,0
19900,4,54906,1,116,1,40,0,0,1,0,0,0,1,0,0,0
17800,5,25000,1,116,1,326,1,0,0,0,0,0,0,0,1,0
16900,5,56635,1,116,1,236,0,0,0,0,0,0,0,0,1,0
19400,3,31811,1,116,1,40,0,0,1,0,0,0,1,0,0,0
17800,2,48283,1,116,1,750,0,0,1,0,0,0,0,0,0,1
25800,2,5188,1,130,1,750,0,0,1,0,0,0,1,0,0,1
17400,4,60787,1,116,1,65,0,0,1,0,0,0,1,0,0,0
17300,2,52624,1,116,1,750,0,0,1,0,0,0,0,0,0,1
17800,2,52991,1,116,1,750,0,0,1,0,0,0,0,0,0,1
13900,3,81226,0,72,1,65,0,0,0,0,0,0,0,0,0,0
17800,2,48713,1,116,1,750,0,0,1,0,0,0,0,0,0,1
17600,2,49113,1,116,1,750,0,0,1,0,0,0,0,0,0,1
18900,1,29538,1,116,1,65,0,0,1,0,0,0,0,0,0,0
17900,5,53063,1,116,1,65,0,0,1,0,0,0,1,0,0,0
17900,4,40255,1,116,1,40,0,0,1,0,0,0,1,0,0,0
16400,5,78000,1,116,1,326,1,0,0,0,0,0,1,0,1,0
28400,1,9731,1,130,1,192,1,0,0,0,1,0,0,1,0,0
18700,2,24600,1,115,0,101,1,0,0,0,0,0,0,0,0,0
16700,4,69380,1,116,1,177,1,0,0,0,0,0,1,1,0,0
22400,0,0,1,116,1,40,1,0,0,0,0,0,1,0,0,0
17500,3,81720,1,116,1,223,0,0,1,0,0,0,1,0,1,0
17500,3,81720,1,116,1,223,0,0,1,0,0,0,1,0,1,0
17500,3,81720,1,116,1,223,0,0,1,0,0,0,1,0,1,0
16499,5,38000,1,116,1,326,1,0,0,0,0,0,1,0,1,0
15900,5,50889,1,116,0,326,1,0,0,0,0,0,0,0,1,0
16900,4,56991,1,116,1,23,1,0,0,0,0,0,1,0,0,0
14990,5,48900,1,116,1,346,1,0,0,0,0,0,1,0,1,0
17500,5,56000,1,116,1,485,1,0,0,0,0,0,0,0,0,1
20900,4,67189,1,116,1,117,1,0,0,0,0,0,1,0,0,0
23500,2,16700,1,116,0,184,1,0,0,0,1,0,0,0,0,0
16900,3,72403,1,116,1,118,0,0,1,0,0,0,1,0,1,0
23900,1,12330,1,116,1,177,1,0,0,0,0,0,1,1,0,0
17900,4,53637,1,116,1,177,1,0,0,0,0,0,1,1,0,0
16900,4,84454,1,116,1,190,1,0,0,0,0,0,1,1,0,0
15500,5,82500,1,116,0,405,1,0,0,0,0,0,1,0,0,1
18000,5,55000,1,116,0,104,1,0,0,0,0,0,1,0,1,0
16800,4,49010,1,116,0,239,1,0,0,0,0,0,1,1,0,0
19500,2,27700,1,130,0,177,1,0,0,0,0,0,1,1,0,0
19000,3,25000,1,116,0,99,1,0,0,0,0,0,1,0,1,0
17900,5,35000,1,116,0,594,1,0,0,0,0,0,1,0,0,1
17500,5,68000,1,116,0,326,1,0,0,0,0,0,1,0,1,0
15501,4,65000,0,72,1,131,0,0,0,0,0,0,0,0,1,0
13900,4,115000,1,116,1,222,1,0,0,0,0,0,0,1,0,0
20000,3,36600,1,116,0,579,1,0,0,0,1,0,0,0,0,1
19500,2,30000,1,116,0,65,1,0,0,0,0,0,0,0,0,0
22250,0,0,1,116,1,177,1,0,0,0,0,0,0,1,0,0
17990,2,41410,1,116,1,214,1,0,0,0,0,0,0,1,0,0
20900,2,77916,1,116,1,222,1,0,0,0,0,0,1,1,0,0
24990,2,5820,1,116,1,167,1,0,0,0,0,0,1,1,0,0
16400,4,85983,1,116,1,177,1,0,0,0,0,0,1,1,0,0
17500,5,45000,1,116,1,57,1,0,0,0,0,0,1,0,0,0
17900,4,56847,1,116,1,177,1,0,0,0,0,0,1,1,0,0
27800,1,0,1,130,1,65,0,0,1,0,1,0,0,0,0,0
18200,2,43400,1,116,1,225,1,0,0,0,0,0,0,1,0,0
16900,4,18000,1,116,1,326,1,0,0,0,0,0,1,0,1,0
24200,1,0,0,130,1,750,0,0,1,0,1,0,0,0,0,1
22000,2,18000,1,116,1,177,1,0,0,0,0,0,1,1,0,0
20900,1,16500,1,116,1,103,1,0,0,0,0,0,1,0,0,0
19400,1,70695,1,116,1,177,1,0,0,0,0,0,1,1,0,0
18900,1,13000,1,116,1,86,1,0,0,0,0,0,0,0,0,0
14500,4,135000,1,116,1,30,1,0,0,0,0,0,1,0,0,0
17800,4,35500,1,116,1,326,1,0,0,0,0,0,1,0,1,0
23750,0,0,1,116,1,487,1,0,0,0,0,0,0,0,0,1
14800,5,170000,1,116,1,193,1,0,0,0,0,0,1,1,0,0
19700,2,34600,1,116,1,247,1,0,0,0,0,0,1,0,1,0
14000,4,28000,0,72,0,519,0,0,0,0,0,0,0,0,0,1
15990,5,78900,1,116,1,128,0,0,1,0,0,0,0,0,0,0
17000,4,32000,1,116,0,329,1,0,0,0,0,0,1,0,1,0
13390,3,82000,1,116,1,177,0,0,1,0,0,0,0,1,0,0
17900,2,63482,1,116,1,121,1,0,0,0,0,0,0,1,0,0
16180,4,88243,1,116,1,149,1,0,0,0,0,0,0,1,0,0
17500,4,67000,1,116,1,326,1,0,0,0,0,0,1,0,1,0
27900,1,1324,1,130,1,142,1,0,0,0,1,0,0,0,0,0
27900,1,4942,1,130,1,142,1,0,0,0,1,0,0,0,0,0
15900,5,67020,1,116,1,853,0,0,1,0,0,0,0,0,0,1
24500,1,6210,1,130,1,326,1,0,0,0,1,0,0,0,1,0
22500,2,18680,1,130,1,326,1,0,0,0,1,0,0,0,1,0
20800,2,53882,1,130,1,177,1,0,0,0,0,0,1,1,0,0
20900,0,15,1,116,1,785,0,0,1,0,0,0,0,0,0,1
15400,4,91290,1,116,1,177,1,0,0,0,0,0,1,1,0,0
14800,5,64000,1,116,1,326,1,0,0,0,0,0,0,0,1,0
18400,5,19519,1,116,1,177,1,0,0,0,0,0,1,1,0,0
20200,2,28793,1,116,1,222,1,0,0,0,0,0,0,1,0,0
14200,4,94000,1,116,1,177,1,0,0,0,0,0,0,1,0,0
20900,0,0,1,116,1,101,1,0,0,0,0,0,0,0,1,0
16900,5,101000,1,116,1,101,1,0,0,0,0,0,1,0,1,0
27800,1,8900,1,130,1,65,0,0,1,0,1,0,0,0,0,0
14900,4,51482,0,72,1,222,0,0,0,0,0,0,0,1,0,0
20900,1,0,1,116,1,101,1,0,0,0,0,0,1,0,1,0
20500,1,34500,1,116,1,103,1,0,0,0,0,0,1,0,0,0
6500,0,500,1,116,1,179,1,0,0,0,0,0,1,0,0,0
18700,4,31706,1,116,1,798,1,0,0,0,0,0,1,0,0,1
18500,4,29000,1,116,0,178,1,0,0,0,0,0,1,1,0,0
24500,1,13595,1,130,0,750,1,0,0,0,1,0,0,0,0,1
22500,3,27000,1,115,0,114,1,0,0,0,0,1,0,0,1,0
23800,1,16476,1,116,1,141,1,0,0,0,0,0,1,0,0,0
17300,4,72927,1,116,1,97,1,0,0,0,0,0,1,0,0,0
25400,0,2772,1,130,1,106,0,0,1,0,0,0,1,0,0,0
19600,3,50516,1,116,1,798,1,0,0,0,0,0,1,0,0,1
16200,3,80000,1,116,1,225,1,0,0,0,0,0,0,1,0,0
16900,5,94000,1,116,1,622,1,0,0,0,0,0,1,0,0,1
16500,5,67550,1,116,1,326,1,0,0,0,0,0,1,0,1,0
17500,4,99915,1,116,1,819,1,0,0,0,0,0,1,0,0,1
17200,5,57354,1,116,1,798,1,0,0,0,0,0,1,0,0,1
15900,4,76000,1,116,1,326,1,0,0,0,0,0,0,0,1,0
19300,3,28909,1,116,1,223,0,0,1,0,0,0,1,0,1,0
19300,3,28909,1,116,1,223,0,0,1,0,0,0,1,0,1,0
17900,2,26000,1,116,1,92,1,0,0,0,0,0,0,0,0,0
25500,2,9800,1,116,1,320,1,0,0,0,0,0,1,0,0,1
21900,1,920,1,116,1,750,1,0,0,0,0,0,1,0,0,1
21000,3,35500,1,116,0,110,1,0,0,0,1,0,0,0,0,0
17490,4,58000,1,116,1,128,0,0,1,0,0,0,0,0,0,0
25000,1,18,1,116,1,588,1,0,0,0,0,0,1,0,0,1
18300,1,12500,1,116,1,810,1,0,0,0,0,0,0,0,0,1
24900,0,10,1,130,1,541,1,0,0,0,0,0,1,0,0,1
24500,1,0,0,130,1,750,0,0,1,0,1,0,0,0,0,1
18400,4,32720,1,116,1,798,1,0,0,0,0,0,0,0,0,1
18900,3,35917,1,116,1,798,1,0,0,0,0,0,1,0,0,1
18300,4,68000,1,116,1,326,1,0,0,0,0,0,1,0,1,0
15300,5,83000,1,116,1,326,1,0,0,0,0,0,0,0,1,0
24900,1,0,0,130,1,750,0,0,1,0,1,0,0,0,0,1
23300,1,0,0,130,1,750,0,0,1,0,0,0,1,0,0,1
25000,1,13799,1,130,1,475,1,0,0,0,1,0,0,0,0,1
29000,1,2,1,130,1,475,1,0,0,0,1,0,0,0,0,1
21000,2,21500,1,116,0,140,1,0,0,0,0,0,1,0,1,0
21900,2,21900,1,116,0,106,1,0,0,0,0,0,1,0,0,0
16900,4,60000,1,116,1,486,1,0,0,0,0,0,0,0,0,1
17500,1,13000,1,116,1,86,1,0,0,0,0,0,0,0,0,0
24800,0,0,1,130,1,40,0,0,1,0,0,0,1,0,0,0
24800,0,0,1,72,1,164,0,0,0,0,0,0,1,0,1,0
24800,0,0,1,72,1,164,0,0,0,0,0,0,1,0,1,0
18000,3,5,0,72,1,475,0,0,0,0,0,0,0,0,0,1
22250,1,0,1,116,1,819,1,0,0,0,0,0,1,0,0,1
22900,2,0,1,116,1,819,1,0,0,0,0,0,1,0,0,1
18000,3,12,0,72,1,475,0,0,0,0,0,0,0,0,0,1
19000,4,6204,1,116,1,475,1,0,0,0,0,0,1,0,0,1
16900,4,69300,1,116,1,326,1,0,0,0,0,0,0,0,1,0
17900,4,66294,1,116,1,120,0,0,1,0,0,0,1,0,1,0
18000,5,6384,1,116,1,475,1,0,0,0,0,0,0,0,0,1
17900,4,68500,1,116,1,326,1,0,0,0,0,0,1,0,1,0
18000,3,14,0,72,1,475,0,0,0,0,0,0,0,0,0,1
15900,5,91000,1,116,0,25,1,0,0,0,0,0,1,0,0,0
18000,3,26146,1,116,0,495,0,0,0,0,0,0,1,0,0,1
29999,1,8000,1,116,0,819,1,0,0,0,0,0,1,0,0,1
20900,1,13312,1,116,1,175,1,0,0,0,0,0,0,1,0,0
25000,2,8000,1,116,0,479,1,0,0,0,1,0,0,0,0,1
17500,4,35000,1,116,0,112,0,0,0,0,0,0,0,0,0,0
20300,1,1300,1,116,1,326,1,0,0,0,0,0,0,0,1,0
21000,5,45000,1,116,0,495,1,0,0,0,0,0,1,0,0,1
