Prezzo,Anni,Chilometraggio,Cambio,CV,Venditore,Distanza,is_Diesel vs Benzina,is_Ibrido vs Benzina,is_GPL vs Benzina,is_Elettrico vs Benzina,is_sport vs base,is_performance vs base,is_middle vs base,is NO vs NE,is Centro vs NE,is Sud_Isole vs NE
6999,4,2410000,1,131,1,99,1,0,0,0,0,0,1,0,0,0
8990,4,810000,1,131,1,176,0,0,0,0,0,0,1,1,0,0
9490,4,1642410,0,131,1,276,1,0,0,0,0,0,1,1,0,0
10900,4,1440000,1,131,1,143,1,0,0,0,0,0,1,0,0,0
10290,4,1271770,1,131,1,180,1,0,0,0,0,0,1,1,0,0
10900,4,768140,0,131,1,348,0,0,0,0,0,0,0,0,1,0
10950,3,901000,0,131,1,125,0,0,0,0,0,0,0,1,0,0
10290,4,1271770,1,131,1,98,1,0,0,0,0,0,1,0,0,0
10290,4,1271770,1,131,1,40,1,0,0,0,0,0,1,0,0,0
10290,4,1271770,1,131,1,27,1,0,0,0,0,0,1,0,0,0
11990,3,913100,0,131,1,40,0,0,0,0,0,0,1,0,0,0
11990,3,913100,0,131,1,27,0,0,0,0,0,0,1,0,0,0
11800,3,1324900,1,131,1,20,1,0,0,0,0,0,1,0,0,0
11990,3,913100,0,131,1,180,0,0,0,0,0,0,1,1,0,0
11500,4,1700000,1,131,1,578,1,0,0,0,0,0,1,0,0,1
11400,4,1910000,1,131,0,402,1,0,0,0,0,0,1,0,1,0
12999,3,670000,0,131,1,180,0,0,0,0,0,0,1,1,0,0
12990,4,1824940,1,131,1,232,1,0,0,0,1,0,0,1,0,0
12999,3,970000,1,131,1,83,1,0,0,0,0,0,1,0,1,0
13000,4,720000,0,131,0,128,0,0,0,0,0,0,1,0,0,0
12490,2,700000,0,131,1,326,0,0,0,0,0,0,1,0,1,0
12990,4,999550,0,131,1,232,1,0,0,0,0,0,1,1,0,0
12800,4,999990,0,131,1,121,0,0,0,0,0,0,1,0,0,0
12900,4,1240000,0,131,1,106,1,0,0,0,0,0,1,0,0,0
12900,4,1610000,1,131,1,498,1,0,0,0,0,0,1,0,0,1
12800,4,1480000,1,131,1,683,1,0,0,0,0,0,1,0,0,1
12500,4,1590000,1,131,1,226,1,0,0,0,0,0,1,0,0,0
12700,4,1610000,0,131,1,257,1,0,0,0,0,0,1,0,1,0
12500,4,1940000,1,131,1,194,1,0,0,0,0,0,1,1,0,0
12700,4,1700000,0,131,1,490,1,0,0,0,0,0,1,0,0,1
12990,2,190000,1,131,1,176,0,0,0,0,1,0,0,1,0,0
13450,2,321870,0,131,1,202,0,0,0,0,0,0,1,1,0,0
13190,3,198870,0,131,1,40,0,0,0,0,0,0,0,0,0,0
13680,4,980000,1,131,1,298,1,0,0,0,0,0,1,0,0,1
13900,3,1250000,1,131,1,164,1,0,0,0,0,0,1,0,1,0
13900,2,832770,0,131,1,175,0,0,0,0,0,0,1,1,0,0
13900,3,620000,1,131,0,152,1,0,0,0,0,0,1,1,0,0
13950,2,160700,0,131,1,239,0,0,0,0,0,0,1,1,0,0
13800,4,890000,1,131,0,121,0,0,0,0,0,0,1,1,0,0
13500,4,556000,0,131,1,187,0,0,0,0,0,0,1,1,0,0
13450,2,321870,0,131,1,326,0,0,0,0,0,0,1,0,1,0
13200,4,1200000,1,131,0,262,1,0,0,0,0,0,1,1,0,0
13190,3,198870,0,131,1,180,0,0,0,0,0,0,0,1,0,0
14000,3,890000,0,131,0,89,0,0,0,0,0,0,1,0,0,0
13450,2,321870,0,131,1,326,0,0,0,0,0,0,1,0,1,0
13900,4,670000,1,131,1,74,1,0,0,0,0,0,1,0,0,0
13900,3,890000,0,131,1,495,1,0,0,0,0,0,0,0,0,1
13900,3,572120,0,131,1,86,0,0,0,0,0,0,0,0,0,0
13490,4,927270,1,131,1,279,0,0,0,0,0,0,1,1,0,0
13190,3,198870,0,131,1,27,0,0,0,0,0,0,0,0,0,0
13900,4,520650,0,131,1,178,0,0,0,0,0,0,1,1,0,0
13900,2,845000,0,131,1,326,0,0,0,0,0,0,1,0,1,0
14000,4,1008000,0,131,1,97,1,0,0,0,0,0,1,1,0,0
13450,2,321870,0,131,1,383,0,0,0,0,0,0,1,0,1,0
13500,4,1250000,0,131,0,86,0,0,0,0,0,0,1,0,0,0
13990,4,952500,0,131,1,276,1,0,0,0,0,0,1,1,0,0
13990,4,1686350,1,131,1,276,1,0,0,0,1,0,0,1,0,0
13500,3,1490000,1,131,0,276,1,0,0,0,0,0,1,1,0,0
13600,4,1370000,1,131,1,215,1,0,0,0,0,0,1,0,0,0
13500,4,1400000,1,131,1,578,1,0,0,0,0,0,1,0,0,1
13500,4,1145290,1,131,1,140,0,0,0,0,0,0,1,0,1,0
13990,4,1600000,0,131,1,463,1,0,0,0,0,0,0,0,0,1
13950,2,160700,0,131,1,276,0,0,0,0,0,0,1,1,0,0
14490,2,777670,0,131,1,310,0,0,0,0,0,0,1,0,1,0
14690,2,158610,0,131,1,180,0,0,0,0,0,0,1,1,0,0
14486,4,1041140,1,131,1,196,1,0,0,0,0,0,1,1,0,0
14500,4,1116480,1,131,1,101,1,0,0,0,0,0,1,0,0,0
14500,4,1160000,1,131,1,171,0,1,0,0,1,0,0,1,0,0
14800,4,1176390,0,131,1,525,1,0,0,0,0,0,1,0,0,1
14290,2,309330,0,131,1,180,0,0,0,0,0,0,1,1,0,0
14800,4,994210,0,131,1,525,1,0,0,0,0,0,1,0,0,1
14690,2,158610,0,131,1,40,0,0,0,0,0,0,1,0,0,0
14850,4,564330,0,131,1,177,0,0,0,0,0,0,0,1,0,0
14490,4,569360,0,131,1,177,0,0,0,0,0,0,0,1,0,0
14500,4,590530,0,131,1,326,0,0,0,0,0,0,0,0,1,0
14999,4,1080000,0,131,1,525,1,0,0,0,0,0,1,0,0,1
14690,2,146580,0,131,1,180,0,0,0,0,0,0,1,1,0,0
14690,2,146580,0,131,1,40,0,0,0,0,0,0,1,0,0,0
14290,4,1116080,0,131,1,131,1,0,0,0,0,0,1,0,0,0
14999,4,1100000,1,131,1,525,1,0,0,0,0,0,1,0,0,1
14290,2,312690,0,131,1,40,0,0,0,0,0,0,1,0,0,0
14290,2,312690,0,131,1,180,0,0,0,0,0,0,1,1,0,0
14290,2,309330,0,131,1,40,0,0,0,0,0,0,1,0,0,0
14700,4,590000,1,131,0,119,1,0,0,0,0,0,1,0,0,0
14950,2,126830,0,131,1,276,0,0,0,0,0,0,1,1,0,0
14950,2,51700,0,131,1,276,0,0,0,0,0,0,0,1,0,0
14950,3,370000,0,131,1,124,0,0,0,0,0,0,1,0,0,0
14200,4,845000,1,131,0,377,1,0,0,0,0,0,1,0,1,0
14200,3,1000000,1,131,1,126,1,0,0,0,0,0,1,1,0,0
14990,3,967620,1,131,1,276,1,0,0,0,0,0,1,1,0,0
15000,3,610000,0,131,0,180,0,0,0,0,0,0,1,1,0,0
14500,4,1470000,1,131,0,276,1,0,0,0,1,0,0,1,0,0
14500,4,1400000,1,131,0,178,1,0,0,0,1,0,0,1,0,0
14900,3,999000,1,131,1,83,1,0,0,0,0,0,1,0,1,0
14900,4,936750,1,131,1,233,1,0,0,0,1,0,0,1,0,0
14990,2,177440,0,131,1,184,0,0,0,0,0,0,0,1,0,0
14986,4,359320,0,131,1,196,0,0,0,0,0,0,0,1,0,0
14900,4,820000,0,131,1,189,1,0,0,0,0,0,1,1,0,0
14990,2,177440,0,131,1,511,0,0,0,0,0,0,0,0,0,1
14900,2,1490000,1,131,1,288,1,0,0,0,0,0,1,1,0,0
14890,4,517540,0,131,1,183,0,0,0,0,0,0,0,1,0,0
14300,4,1546150,1,131,1,36,1,0,0,0,0,0,1,0,0,0
14290,2,309330,0,131,1,27,0,0,0,0,0,0,1,0,0,0
14700,4,1200000,1,131,1,495,1,0,0,0,0,0,1,0,0,1
14900,3,1120000,1,131,1,276,1,0,0,0,0,0,1,1,0,0
14900,4,1260000,1,131,1,215,0,1,0,0,0,0,1,0,0,0
14500,4,590530,0,131,1,326,0,0,0,0,0,0,0,0,1,0
14900,4,225320,0,131,1,114,0,0,0,0,0,0,0,1,0,0
14690,2,146580,0,131,1,27,0,0,0,0,0,0,1,0,0,0
14400,4,604740,0,131,1,496,0,0,0,0,0,0,0,0,0,1
14890,2,562570,0,131,1,424,0,0,0,0,0,0,0,0,0,1
14900,4,1000000,1,131,1,215,1,0,0,0,0,0,1,0,0,0
14950,4,506800,0,131,1,326,0,0,0,0,0,0,0,0,1,0
14490,4,911000,1,131,1,552,1,0,0,0,0,0,1,0,0,1
14900,4,636630,0,131,1,222,0,0,0,0,0,0,1,1,0,0
14490,4,630820,0,131,1,174,0,0,0,0,0,0,0,1,0,0
14850,4,564330,0,131,1,174,0,0,0,0,0,0,0,1,0,0
14900,4,543100,0,131,1,276,0,0,0,0,0,0,0,1,0,0
14290,2,312690,0,131,1,27,0,0,0,0,0,0,1,0,0,0
14850,4,603610,0,131,1,326,0,0,0,0,0,0,0,0,1,0
14950,4,535420,0,131,1,326,0,0,0,0,0,0,0,0,1,0
14999,4,932950,0,131,1,598,1,0,0,0,0,0,1,0,0,1
14900,4,225320,0,131,1,114,0,0,0,0,0,0,0,1,0,0
14990,4,1070000,1,131,1,322,1,0,0,0,0,0,1,0,1,0
15000,4,720000,0,131,0,159,0,0,0,0,0,0,0,1,0,0
14990,4,1390000,1,131,1,713,1,0,0,0,0,0,1,0,0,1
14450,4,1100000,1,131,1,578,1,0,0,0,0,0,1,0,0,1
14500,3,1220000,1,131,1,552,1,0,0,0,0,0,1,0,0,1
14900,4,590080,0,131,1,276,0,0,0,0,0,0,0,1,0,0
14900,4,545230,0,131,1,276,0,0,0,0,0,0,0,1,0,0
14850,4,516950,0,131,1,174,0,0,0,0,0,0,0,1,0,0
14490,4,672370,0,131,1,177,0,0,0,0,0,0,0,1,0,0
14850,4,516950,0,131,1,177,0,0,0,0,0,0,0,1,0,0
14490,4,637230,0,131,1,174,0,0,0,0,0,0,0,1,0,0
14950,4,535420,0,131,1,326,0,0,0,0,0,0,0,0,1,0
14400,4,535910,0,131,1,495,0,0,0,0,0,0,0,0,0,1
14490,4,630820,0,131,1,177,0,0,0,0,0,0,0,1,0,0
14400,4,567870,0,131,1,495,0,0,0,0,0,0,0,0,0,1
14400,4,604740,0,131,1,495,0,0,0,0,0,0,0,0,0,1
14450,4,605490,0,131,1,496,0,0,0,0,0,0,0,0,0,1
14400,4,634940,0,131,1,495,0,0,0,0,0,0,0,0,0,1
14900,4,578800,0,131,1,276,0,0,0,0,0,0,0,1,0,0
14900,4,601910,0,131,1,276,0,0,0,0,0,0,0,1,0,0
14800,4,1103000,1,131,1,552,1,0,0,0,0,0,1,0,0,1
14900,4,662710,0,131,1,276,0,0,0,0,0,0,0,1,0,0
14900,4,716510,0,131,1,276,0,0,0,0,0,0,0,1,0,0
15950,2,54790,0,131,1,239,0,0,0,0,0,0,0,1,0,0
15890,2,147530,0,131,1,180,0,0,0,0,0,0,1,1,0,0
15500,3,130270,0,131,1,121,0,0,0,0,0,0,0,1,0,0
15500,3,804310,1,131,1,234,1,0,0,0,1,0,0,1,0,0
15999,4,654610,1,131,1,99,1,0,0,0,0,0,1,0,1,0
15890,2,141570,0,131,1,178,0,0,0,0,0,0,1,1,0,0
15500,4,515700,0,131,1,276,0,0,0,0,0,0,1,1,0,0
15750,3,459450,1,131,1,326,1,0,0,0,0,0,1,0,1,0
15900,4,990000,1,131,1,542,1,0,0,0,0,0,1,0,0,1
15500,3,804310,1,131,1,276,1,0,0,0,1,0,0,1,0,0
15990,4,700000,1,131,1,127,1,0,0,0,0,0,1,1,0,0
15690,2,346830,1,131,1,180,0,0,0,0,0,0,1,1,0,0
15690,2,346830,1,131,1,40,0,0,0,0,0,0,1,0,0,0
15900,4,1035000,1,131,1,40,1,0,0,0,0,0,1,0,0,0
15900,3,551580,1,131,1,127,0,0,0,0,1,0,0,0,0,0
15750,3,495460,1,131,1,202,1,0,0,0,0,0,1,1,0,0
15999,3,740000,1,131,0,141,1,0,0,0,0,0,1,0,0,0
15750,3,495460,1,131,1,326,1,0,0,0,0,0,1,0,1,0
16000,3,1250000,1,131,0,65,1,0,0,0,1,0,0,0,0,0
15600,3,844040,1,131,1,64,1,0,0,0,0,0,1,1,0,0
15950,4,689000,1,131,1,198,1,0,0,0,1,0,0,1,0,0
15900,4,390000,0,131,0,25,0,0,0,0,0,0,1,0,0,0
15950,4,678870,1,131,1,83,0,0,0,0,0,0,1,0,1,0
15990,4,495710,1,131,1,276,0,0,0,0,0,0,1,1,0,0
15900,4,544550,1,131,1,178,1,0,0,0,0,0,1,1,0,0
15677,2,999520,1,131,1,16,0,0,0,0,1,0,0,0,0,0
15990,4,445290,1,131,1,276,0,0,0,0,0,0,1,1,0,0
15490,3,399970,0,131,1,177,0,0,0,0,0,0,1,1,0,0
15750,3,459450,1,131,1,202,1,0,0,0,0,0,1,1,0,0
15490,3,1067250,1,131,1,552,1,0,0,0,0,0,1,0,0,1
15499,4,1060000,1,131,0,487,1,0,0,0,0,0,1,0,0,1
15300,3,1020000,1,131,1,177,0,1,0,0,0,0,1,1,0,0
15700,2,280000,0,131,1,165,0,0,0,0,0,0,0,1,0,0
15500,2,610000,0,131,1,177,0,0,0,0,0,0,1,1,0,0
15499,3,915000,1,131,1,74,1,0,0,0,0,0,1,0,0,0
15950,4,724590,1,131,1,239,1,0,0,0,0,0,1,0,0,0
15690,2,801250,0,131,1,310,0,0,0,0,0,0,1,0,1,0
15750,3,495460,1,131,1,383,1,0,0,0,0,0,1,0,1,0
15950,4,830000,1,131,1,34,1,0,0,0,0,0,1,0,0,0
15900,4,1167090,0,131,1,16,1,0,0,0,0,0,1,0,0,0
15980,3,730000,1,131,1,184,1,0,0,0,0,0,1,1,0,0
15560,2,154010,0,131,1,129,0,0,0,0,0,0,1,0,0,0
15400,3,1099800,1,131,1,81,1,0,0,0,0,0,1,0,0,0
15800,4,700000,1,131,1,215,1,0,0,0,0,0,1,0,0,0
15500,2,250000,0,131,1,165,0,0,0,0,0,0,1,1,0,0
16000,4,1280000,1,131,0,542,1,0,0,0,1,0,0,0,0,1
16000,2,400000,0,131,1,61,0,0,0,0,0,0,1,1,0,0
15890,4,600000,1,131,1,286,1,0,0,0,0,0,1,1,0,0
15999,3,1000000,1,131,1,490,1,0,0,0,0,0,1,0,0,1
15990,4,208960,1,131,1,232,0,0,0,0,0,0,1,1,0,0
15600,4,600000,1,131,1,163,0,0,0,0,0,0,1,1,0,0
15750,3,459450,1,131,1,383,1,0,0,0,0,0,1,0,1,0
15990,3,1330000,1,131,1,713,1,0,0,0,0,0,1,0,0,1
16000,2,870000,0,131,1,326,0,0,0,0,0,0,1,0,1,0
15900,4,1070000,0,131,0,769,1,0,0,0,0,0,1,0,0,1
15700,4,1040000,1,131,1,215,1,0,0,0,0,0,1,0,0,0
15490,3,1012850,1,131,1,177,0,0,0,0,0,0,1,1,0,0
15700,4,819900,0,131,1,121,1,0,0,0,0,0,1,0,0,0
15990,3,1057670,1,131,1,232,1,0,0,0,1,0,0,1,0,0
15500,3,992450,0,131,1,464,1,0,0,0,0,0,0,0,0,1
15790,4,1032540,0,131,1,568,1,0,0,0,0,0,1,0,0,1
15690,2,346830,1,131,1,27,0,0,0,0,0,0,1,0,0,0
15300,4,1300000,1,131,1,552,1,0,0,0,0,0,1,0,0,1
15990,3,328920,0,131,1,276,0,0,0,0,0,0,0,1,0,0
15800,4,1250000,1,131,0,200,1,0,0,0,0,0,1,0,1,0
15900,4,1085940,1,131,1,878,1,0,0,0,0,0,1,0,0,1
15900,3,1087300,1,131,1,448,1,0,0,0,0,0,1,0,0,1
15999,4,1300000,1,131,1,121,1,0,0,0,1,0,0,1,0,0
16000,4,1025000,1,131,1,68,1,0,0,0,0,0,1,0,0,0
15900,4,1100000,1,131,1,120,1,0,0,0,0,0,1,0,0,0
15400,4,1172000,1,131,1,611,1,0,0,0,0,0,1,0,0,1
15599,4,970000,0,131,1,195,1,0,0,0,0,0,0,1,0,0
15990,3,992450,0,131,1,488,1,0,0,0,0,0,0,0,0,1
15900,4,389380,0,131,1,276,0,0,0,0,0,0,0,1,0,0
15500,3,1184040,1,131,1,385,1,0,0,0,0,0,1,0,1,0
15900,2,1040000,0,131,1,215,0,0,0,0,0,0,1,0,0,0
15990,3,970940,0,131,1,488,1,0,0,0,0,0,0,0,0,1
15500,4,1093350,1,131,1,530,1,0,0,0,0,0,1,0,0,1
15500,4,1204800,0,131,1,750,1,0,0,0,0,0,1,0,0,1
16000,4,1540000,1,131,1,146,1,0,0,0,0,0,1,1,0,0
15500,4,1546430,1,131,1,601,1,0,0,0,0,0,1,0,0,1
15499,3,1394610,1,131,1,598,1,0,0,0,1,0,0,0,0,1
15950,4,1367980,1,131,1,163,1,0,0,0,0,0,1,0,0,0
15490,3,1012850,1,131,1,174,0,0,0,0,0,0,1,1,0,0
15400,3,1370000,1,131,1,498,1,0,0,0,0,0,1,0,0,1
15500,4,1650000,1,131,1,487,1,0,0,0,0,0,1,0,0,1
15990,3,619100,0,131,1,276,0,0,0,0,0,0,1,1,0,0
15950,4,1367980,1,131,1,201,1,0,0,0,0,0,1,0,0,0
16690,2,390000,0,131,1,326,0,0,0,0,0,0,1,0,1,0
16990,3,740000,1,131,1,67,1,0,0,0,0,0,1,1,0,0
16890,2,120540,0,131,1,178,0,0,0,0,0,0,1,1,0,0
16500,4,860330,1,131,1,40,0,1,0,0,0,0,1,0,0,0
16400,3,648220,1,131,1,20,1,0,0,0,0,0,1,0,0,0
16900,3,614100,1,131,1,178,1,0,0,0,0,0,1,1,0,0
16300,3,710000,1,131,1,177,1,0,0,0,0,0,1,1,0,0
16990,2,149900,0,131,1,488,0,0,0,0,0,0,1,0,0,1
16890,2,146350,0,131,1,174,0,0,0,0,0,0,1,1,0,0
16890,2,122940,0,131,1,180,0,0,0,0,0,0,1,1,0,0
16400,2,247280,1,131,1,193,1,0,0,0,0,0,0,1,0,0
16900,3,727710,1,131,1,178,1,0,0,0,1,0,0,1,0,0
16400,4,521450,1,131,1,20,0,1,0,0,0,0,1,0,0,0
16950,1,330000,1,131,1,106,0,1,0,0,1,0,0,0,0,0
17000,4,540000,1,131,0,326,1,0,0,0,0,0,1,0,1,0
16500,4,762810,1,131,1,495,1,0,0,0,1,0,0,0,0,1
16600,4,601390,1,131,1,326,1,0,0,0,0,0,1,0,1,0
16400,3,383010,1,131,1,716,1,0,0,0,0,0,1,0,0,1
16990,4,602210,1,131,1,232,1,0,0,0,0,0,1,1,0,0
16800,2,147780,0,131,1,326,0,1,0,0,0,0,1,0,1,0
16890,2,130000,0,131,1,288,0,0,0,0,0,0,1,1,0,0
16400,4,840000,1,131,0,415,0,0,0,0,0,0,1,0,1,0
16900,4,540000,1,131,1,191,1,0,0,0,0,0,1,1,0,0
16490,4,619000,1,131,1,552,0,1,0,0,0,0,1,0,0,1
16800,2,137350,0,131,1,326,0,1,0,0,0,0,1,0,1,0
16900,4,669440,1,131,1,31,0,0,0,0,1,0,0,0,0,0
16400,2,714290,1,131,1,65,1,0,0,0,0,0,1,0,0,0
16990,2,598770,1,131,1,155,1,0,0,0,1,0,0,0,0,0
16200,2,720000,1,131,1,463,1,0,0,0,0,0,1,0,0,1
16200,4,601220,0,131,1,326,0,0,0,0,0,0,1,0,1,0
17000,4,920000,1,131,0,746,1,0,0,0,1,0,0,0,0,1
16900,3,803220,1,131,1,178,1,0,0,0,0,0,1,1,0,0
17000,4,920000,1,131,0,674,1,0,0,0,1,0,0,0,0,1
16900,3,532790,1,131,1,490,0,0,0,0,0,0,1,0,0,1
16900,3,900000,1,131,1,177,1,0,0,0,1,0,0,1,0,0
16990,3,550000,1,131,0,498,0,0,0,0,0,0,1,0,0,1
16500,4,690000,1,131,1,210,1,0,0,0,1,0,0,1,0,0
16900,3,399000,1,131,1,764,0,0,0,0,0,0,1,0,0,1
16990,2,339630,1,131,1,91,0,0,0,0,0,0,1,1,0,0
16900,4,256800,0,131,1,85,0,0,0,0,0,0,1,0,1,0
16900,4,678550,1,131,1,386,1,0,0,0,0,0,1,0,1,0
16900,4,825000,1,131,1,270,1,0,0,0,0,0,1,1,0,0
16599,4,826890,1,131,1,628,1,0,0,0,1,0,0,0,0,1
16999,3,470000,1,131,1,283,0,0,0,0,0,0,1,1,0,0
16990,2,321000,0,131,1,272,0,0,0,0,0,0,1,0,1,0
17000,3,1500000,1,131,0,249,1,0,0,0,0,0,1,1,0,0
16900,3,611100,1,131,1,178,1,0,0,0,0,0,1,1,0,0
16490,3,810000,1,131,1,187,1,0,0,0,0,0,1,1,0,0
16990,2,123000,0,131,1,488,0,0,0,0,0,0,1,0,0,1
16990,2,169000,0,131,1,488,0,0,0,0,0,0,1,0,0,1
16990,2,321000,0,131,1,377,0,0,0,0,0,0,1,0,0,1
16999,3,900000,1,131,1,499,1,0,0,0,0,0,1,0,0,1
16990,4,970000,1,131,1,127,1,0,0,0,0,0,1,0,0,0
16600,2,415960,1,131,1,16,0,0,0,0,0,0,1,0,0,0
16990,3,1080700,1,131,1,174,1,0,0,0,0,0,1,0,0,0
16990,4,440600,1,131,1,232,0,0,0,0,1,0,0,1,0,0
16900,3,1200000,1,131,0,191,1,0,0,0,1,0,0,1,0,0
16300,2,856000,0,131,1,611,0,0,0,0,0,0,1,0,0,1
16500,3,893000,1,131,1,223,0,0,0,0,0,0,1,0,1,0
16599,4,826890,1,131,1,86,1,0,0,0,1,0,0,0,0,0
16990,2,241250,0,131,1,560,0,0,0,0,0,0,1,0,0,1
16999,4,1100000,1,131,1,525,1,0,0,0,0,0,1,0,0,1
17000,4,780000,1,131,0,191,1,0,0,0,0,0,1,1,0,0
16900,3,1030000,1,131,1,525,1,0,0,0,0,0,1,0,0,1
16490,4,582600,0,131,1,232,1,0,0,0,0,0,1,1,0,0
16800,4,1304190,0,131,1,745,1,0,0,0,0,0,1,0,0,1
16200,4,830170,1,131,1,443,0,0,0,0,0,0,1,0,0,1
16599,4,826890,1,131,1,99,1,0,0,0,1,0,0,0,1,0
16490,4,999950,1,131,1,560,1,0,0,0,0,0,1,0,0,1
16899,4,539030,1,131,1,202,1,0,0,0,0,0,1,1,0,0
16800,2,138290,0,131,1,326,0,0,0,0,0,0,1,0,1,0
16900,3,804310,1,131,1,276,1,0,0,0,1,0,0,1,0,0
16200,4,601220,0,131,1,389,0,0,0,0,0,0,1,0,0,1
16800,4,890000,1,131,1,698,1,0,0,0,0,0,1,0,0,1
16990,3,125550,0,131,1,276,0,0,0,0,0,0,1,1,0,0
16980,2,398500,0,131,1,372,0,0,0,0,0,0,1,0,1,0
16499,4,690000,1,131,1,532,1,0,0,0,0,0,1,0,0,1
16200,4,1050000,1,131,0,855,1,0,0,0,0,0,1,0,0,1
16900,4,646900,0,131,1,40,0,0,0,0,0,0,0,0,0,0
16999,4,719590,1,131,1,25,0,0,0,0,1,0,0,0,0,0
16599,4,826890,1,131,1,25,1,0,0,0,1,0,0,0,0,0
16599,4,826890,1,131,1,326,1,0,0,0,1,0,0,0,1,0
16599,4,826890,1,131,1,283,1,0,0,0,1,0,0,1,0,0
16990,2,321000,0,131,1,412,0,0,0,0,0,0,1,0,0,1
16599,4,826890,1,131,1,177,1,0,0,0,1,0,0,1,0,0
16970,4,723560,1,131,1,196,0,0,0,0,1,0,0,1,0,0
16950,3,1100560,1,131,1,261,1,0,0,0,0,0,1,0,1,0
16100,4,897630,1,131,1,276,1,0,0,0,0,0,1,1,0,0
16400,4,940000,1,131,1,215,1,0,0,0,0,0,1,0,0,0
16100,3,1080610,1,131,1,276,1,0,0,0,0,0,1,1,0,0
16600,4,612000,0,131,1,217,0,0,0,0,0,0,0,0,0,0
16500,4,980000,1,131,1,463,1,0,0,0,0,0,1,0,0,1
16599,4,826890,1,131,1,485,1,0,0,0,1,0,0,0,0,1
16800,4,1390000,1,131,1,695,1,0,0,0,0,0,1,0,0,1
16500,4,1256820,1,131,1,530,1,0,0,0,0,0,1,0,0,1
16350,4,682000,1,131,1,16,1,0,0,0,0,0,1,0,0,0
17600,4,480000,1,131,1,132,1,0,0,0,0,0,1,0,0,0
17482,3,499270,1,131,1,190,0,0,0,0,0,0,1,1,0,0
17500,4,570000,1,131,1,232,0,0,0,0,1,0,0,1,0,0
17900,2,1090000,1,131,1,525,1,0,0,0,0,0,1,0,0,1
17900,3,741160,1,131,1,279,1,0,0,0,0,0,1,1,0,0
17999,4,590000,1,131,1,65,1,0,0,0,1,0,0,0,0,0
17552,4,293070,1,131,1,190,0,0,0,0,0,0,1,1,0,0
17700,3,600000,0,131,0,132,0,0,0,0,0,0,1,0,0,0
17200,4,523000,1,131,0,83,1,0,0,0,0,0,1,0,1,0
17500,3,410000,1,131,0,87,0,0,0,0,1,0,0,0,1,0
18000,4,505000,1,131,0,192,1,0,0,0,1,0,0,1,0,0
17900,3,631010,1,131,1,178,0,1,0,0,0,0,1,1,0,0
17500,3,435000,1,131,0,114,0,0,0,0,0,0,1,0,1,0
17390,4,760980,1,131,1,81,0,1,0,0,0,0,1,0,0,0
17500,4,500000,1,131,0,287,0,0,0,0,1,0,0,1,0,0
17199,4,730520,1,131,1,130,1,0,0,0,0,0,1,0,1,0
17499,3,297000,1,131,1,215,1,0,0,0,0,0,1,1,0,0
17900,3,714210,1,131,1,178,1,0,0,0,1,0,0,1,0,0
17290,4,680000,1,131,0,377,0,1,0,0,0,0,1,0,0,1
17990,2,570000,1,131,1,203,1,0,0,0,0,0,1,1,0,0
17990,2,280000,0,131,1,488,0,0,1,0,0,0,1,0,0,1
17950,4,530000,1,131,1,200,1,0,0,0,1,0,0,0,1,0
17999,3,890000,1,131,1,283,0,0,0,0,1,0,0,1,0,0
18000,4,665430,1,131,0,345,1,0,0,0,0,0,1,0,1,0
17900,3,270250,1,131,1,326,0,0,0,0,0,0,1,0,1,0
17450,2,376410,1,131,1,129,0,0,0,0,0,0,1,0,0,0
17300,2,331970,1,131,1,65,0,0,0,0,0,0,1,0,0,0
17999,4,550000,1,131,1,55,1,0,0,0,0,0,1,0,0,0
17980,4,510000,1,131,1,675,1,0,0,0,0,0,1,0,0,1
17990,4,768320,1,131,1,276,1,0,0,0,1,0,0,1,0,0
17799,4,483360,1,131,1,25,1,0,0,0,0,0,1,0,0,0
17800,3,440000,1,131,1,299,1,0,0,0,0,0,1,1,0,0
18000,4,870000,1,131,0,463,1,0,0,0,1,0,0,0,0,1
18000,4,1120000,1,131,0,65,0,1,0,0,1,0,0,0,0,0
17500,3,900000,1,131,0,147,0,1,0,0,0,0,1,1,0,0
17799,4,483360,1,131,1,99,1,0,0,0,0,0,1,0,1,0
17900,2,330000,1,131,1,194,0,0,0,0,0,0,1,0,1,0
17990,2,207150,0,131,1,272,0,0,0,0,0,0,1,0,1,0
17090,2,341590,1,131,1,129,0,0,0,0,0,0,1,0,0,0
17990,3,600140,1,131,1,276,1,0,0,0,0,0,1,1,0,0
17990,2,117000,0,131,1,377,0,0,0,0,0,0,1,0,0,1
17200,4,1090000,1,131,1,228,1,0,0,0,1,0,0,0,1,0
17900,3,823740,1,131,1,65,1,0,0,0,0,0,1,0,0,0
17500,4,983450,1,131,1,228,1,0,0,0,1,0,0,0,1,0
17990,2,207150,0,131,1,377,0,0,0,0,0,0,1,0,0,1
18000,4,795000,1,131,0,369,1,0,0,0,0,0,1,0,0,1
18000,4,756300,1,131,1,89,1,0,0,0,0,0,1,0,0,0
17500,4,855400,1,131,1,163,1,0,0,0,0,0,1,0,0,0
17990,4,800000,1,131,1,480,1,0,0,0,1,0,0,0,0,1
17900,3,795240,1,131,1,146,1,0,0,0,0,0,1,0,1,0
17090,2,417740,1,131,1,129,0,0,0,0,0,0,1,0,0,0
17100,2,330000,0,131,1,869,0,0,0,0,0,0,1,0,0,1
17490,2,128690,0,131,1,478,0,0,0,0,0,0,1,0,0,1
17552,4,293070,1,131,1,116,0,0,0,0,0,0,1,0,0,0
17990,2,207150,0,131,1,412,0,0,0,0,0,0,1,0,0,1
17300,4,789600,1,131,1,177,1,0,0,0,0,0,1,1,0,0
18000,4,681270,1,131,0,490,1,0,0,0,0,0,1,0,0,1
18000,3,800000,1,131,0,328,1,0,0,0,0,0,1,1,0,0
17900,3,531580,0,131,1,214,0,0,0,0,0,0,1,1,0,0
17600,4,550670,1,131,1,31,0,0,0,0,1,0,0,0,0,0
17799,4,483360,1,131,1,283,1,0,0,0,0,0,1,1,0,0
17482,3,499270,1,131,1,116,0,0,0,0,0,0,1,0,0,0
18000,3,450000,1,131,0,475,0,0,0,0,1,0,0,0,0,1
17490,2,215000,0,131,1,488,0,0,0,0,0,0,1,0,0,1
17499,4,850000,1,131,1,55,1,0,0,0,0,0,1,0,0,0
17500,4,950000,1,131,0,663,1,0,0,0,0,0,1,0,0,1
17990,3,970000,1,131,1,56,1,0,0,0,0,0,1,1,0,0
17300,3,1038850,1,131,1,490,1,0,0,0,1,0,0,0,0,1
17900,3,495190,1,131,1,204,0,0,0,0,0,0,1,1,0,0
17700,2,540000,0,131,1,310,0,0,0,0,0,0,1,0,1,0
17500,4,486000,1,131,1,192,0,0,0,0,0,0,1,1,0,0
17990,2,117000,0,131,1,272,0,0,0,0,0,0,1,0,1,0
17799,4,483360,1,131,1,628,1,0,0,0,0,0,1,0,0,1
17900,2,420000,0,131,1,344,0,0,0,0,0,0,1,0,1,0
17500,4,1250000,1,131,0,16,1,0,0,0,1,0,0,0,0,0
17500,3,645440,1,131,1,178,1,0,0,0,0,0,1,1,0,0
17300,2,371840,1,131,1,65,0,0,0,0,0,0,1,0,0,0
17900,4,818300,1,131,1,121,1,0,0,0,0,0,1,0,0,0
17950,4,894000,1,131,1,358,1,0,0,0,0,0,1,0,1,0
17900,3,431450,0,131,1,326,0,0,0,0,0,0,1,0,1,0
17799,4,483360,1,131,1,86,1,0,0,0,0,0,1,0,0,0
17500,4,890000,1,131,1,65,1,0,0,0,1,0,0,0,0,0
17999,4,765200,1,131,1,81,1,0,0,0,0,0,1,0,0,0
17900,3,823740,1,131,1,177,1,0,0,0,0,0,1,1,0,0
17900,4,249000,0,131,1,883,0,0,0,0,0,0,1,0,0,1
17799,4,483360,1,131,1,326,1,0,0,0,0,0,1,0,1,0
17990,4,764610,0,131,1,468,1,0,0,0,0,0,1,0,0,1
17900,4,800000,1,131,1,56,1,0,0,0,0,0,1,1,0,0
17552,4,293070,1,131,1,177,0,0,0,0,0,0,1,1,0,0
17400,4,592450,0,131,1,65,0,0,0,0,0,0,0,0,0,0
17800,4,795170,1,131,1,107,1,0,0,0,0,0,1,0,0,0
17390,4,730590,1,131,1,276,1,0,0,0,0,0,1,1,0,0
17500,4,1200000,1,131,0,756,1,0,0,0,0,0,1,0,0,1
17990,4,800000,1,131,1,56,1,0,0,0,0,0,1,1,0,0
17552,4,293070,1,131,1,187,0,0,0,0,0,0,1,1,0,0
17990,4,1150000,1,131,1,695,1,0,0,0,1,0,0,0,0,1
17990,2,309360,0,131,1,495,0,0,0,0,0,0,1,0,0,1
17990,2,117000,0,131,1,412,0,0,0,0,0,0,1,0,0,1
17490,2,128690,0,131,1,495,0,0,0,0,0,0,1,0,0,1
17500,4,820000,1,131,1,132,1,0,0,0,1,0,0,0,0,0
17900,3,431450,0,131,1,389,0,0,0,0,0,0,1,0,0,1
17500,3,1190000,1,131,1,141,1,0,0,0,0,0,1,0,0,0
17482,3,499270,1,131,1,187,0,0,0,0,0,0,1,1,0,0
17990,4,890000,1,131,1,588,1,0,0,0,0,0,1,0,0,1
17799,4,483360,1,131,1,485,1,0,0,0,0,0,1,0,0,1
17900,3,530000,0,131,1,213,0,0,0,0,0,0,1,1,0,0
17850,4,657500,1,131,1,177,1,0,0,0,0,0,1,1,0,0
17900,4,790000,0,131,1,65,0,0,0,0,0,0,1,0,0,0
17890,4,1310000,1,131,1,174,1,0,0,0,1,0,0,1,0,0
17890,3,981000,1,131,1,588,1,0,0,0,0,0,1,0,0,1
17499,4,733900,1,131,1,492,1,0,0,0,0,0,1,0,0,1
17590,2,850000,0,131,1,333,0,0,0,0,0,0,1,0,1,0
18000,4,1210000,1,131,1,592,1,0,0,0,0,0,1,0,0,1
18950,3,199800,1,131,1,42,0,0,0,0,1,0,0,0,0,0
18400,3,600000,1,131,1,101,1,0,0,0,0,0,1,0,0,0
18600,3,362080,1,131,1,86,0,0,0,0,0,0,1,0,0,0
18990,2,39310,0,131,1,272,0,0,0,0,0,0,0,0,1,0
18490,4,524660,1,131,1,326,1,0,0,0,0,0,1,0,1,0
18900,4,757080,1,131,1,40,1,0,0,0,1,0,0,0,0,0
18770,3,434250,1,131,1,202,1,0,0,0,1,0,0,1,0,0
19000,1,680000,1,131,0,854,1,0,0,0,1,0,0,0,0,1
19000,3,280000,1,131,0,261,1,0,0,0,0,0,1,0,1,0
18500,3,280000,1,131,0,554,1,0,0,0,0,0,1,0,0,1
18400,2,247280,1,131,1,193,1,0,0,0,0,0,0,1,0,0
19000,3,670000,1,131,0,326,0,1,0,0,0,0,1,0,1,0
18900,1,250000,1,131,1,165,0,1,0,0,0,0,1,1,0,0
18500,2,540000,1,131,1,326,1,0,0,0,0,0,0,0,1,0
18800,3,200000,1,131,1,190,0,0,0,0,1,0,0,1,0,0
18200,4,592940,1,131,1,169,1,0,0,0,0,0,1,0,0,0
18600,4,330000,1,131,0,91,0,0,0,0,1,0,0,0,1,0
18990,2,448330,1,131,1,155,1,0,0,0,1,0,0,0,0,0
18950,2,313270,1,131,1,109,1,0,0,0,0,0,1,1,0,0
18700,3,254800,1,131,1,383,0,0,0,0,1,0,0,0,1,0
18900,4,327170,1,131,1,20,0,1,0,0,1,0,0,0,0,0
18900,4,150000,1,131,1,177,0,0,0,0,1,0,0,1,0,0
18500,3,880000,1,131,1,412,1,0,0,0,1,0,0,0,0,1
19000,3,295000,1,131,0,23,0,0,0,0,0,0,1,0,0,0
18990,2,328050,1,131,1,276,1,0,0,0,0,0,1,1,0,0
18500,4,806080,1,131,0,478,1,0,0,0,1,0,0,0,0,1
18900,3,443690,1,131,1,178,1,0,0,0,1,0,0,1,0,0
18999,4,460000,1,131,0,502,0,0,0,0,0,0,1,0,0,1
18300,3,605870,1,131,1,178,1,0,0,0,1,0,0,1,0,0
18900,3,698920,1,131,1,16,1,0,0,0,0,0,1,0,0,0
18400,1,10,0,131,1,478,0,0,0,0,0,0,1,0,0,1
18500,4,624000,1,131,1,177,1,0,0,0,1,0,0,1,0,0
18990,2,336270,1,131,1,276,1,0,0,0,0,0,1,1,0,0
18100,3,640000,0,131,0,372,0,0,1,0,0,0,0,0,1,0
18900,2,135020,0,131,1,131,0,0,0,0,0,0,1,0,0,0
19000,4,686000,1,131,0,221,1,0,0,0,0,0,1,0,1,0
18500,4,890000,1,131,0,463,1,0,0,0,1,0,0,0,0,1
18490,3,540560,1,131,1,276,1,0,0,0,0,0,1,1,0,0
18400,2,255000,0,131,0,131,0,0,0,0,0,0,0,0,0,0
18500,4,546880,1,131,1,205,0,0,0,0,1,0,0,1,0,0
18990,2,39310,0,131,1,377,0,0,0,0,0,0,0,0,0,1
18800,4,449000,1,131,1,101,1,0,0,0,0,0,1,1,0,0
18900,4,830000,1,131,1,128,1,0,0,0,1,0,0,0,0,0
18200,4,570000,1,131,1,157,1,0,0,0,1,0,0,0,0,0
18900,3,510000,1,131,1,150,1,0,0,0,1,0,0,0,1,0
19000,4,789000,0,131,0,176,1,0,0,0,0,0,1,0,1,0
18100,3,920000,1,131,0,264,1,0,0,0,0,0,1,1,0,0
18490,3,583670,1,131,1,383,1,0,0,0,0,0,1,0,1,0
18400,4,383900,0,131,1,186,0,0,0,0,0,0,1,0,0,0
18990,2,447040,1,131,1,177,0,0,0,0,1,0,0,1,0,0
19000,4,330000,1,131,0,162,0,0,0,0,0,0,1,1,0,0
18500,4,568280,1,131,1,108,1,0,0,0,0,0,1,0,0,0
18900,3,280000,1,131,1,270,1,0,0,0,0,0,1,0,1,0
19000,4,850000,1,131,0,185,1,0,0,0,1,0,0,1,0,0
18900,3,892040,1,131,1,276,1,0,0,0,0,0,1,1,0,0
18900,2,530000,0,131,0,89,0,0,0,0,0,0,1,0,1,0
18900,4,520000,1,131,1,107,1,0,0,0,0,0,1,0,0,0
18200,4,665140,1,131,1,169,1,0,0,0,0,0,1,0,0,0
18490,3,672120,1,131,1,383,1,0,0,0,0,0,1,0,1,0
18900,4,259000,0,131,1,283,1,0,0,0,0,0,1,1,0,0
18900,3,435190,1,131,1,178,0,0,0,0,1,0,0,1,0,0
18500,3,824440,1,131,1,22,1,0,0,0,0,0,1,0,0,0
18500,3,501100,1,131,1,288,0,0,0,0,0,0,1,1,0,0
18900,2,630000,1,131,1,415,1,0,0,0,0,0,1,0,1,0
18950,3,289600,1,131,1,326,0,0,0,0,0,0,1,0,1,0
18900,3,926610,1,131,1,630,1,0,0,0,0,0,1,0,0,1
18500,3,484050,0,131,1,132,0,0,0,0,0,0,1,0,0,0
18300,2,137350,0,131,1,326,0,0,1,0,0,0,1,0,1,0
18300,2,138290,0,131,1,326,0,0,1,0,0,0,1,0,1,0
18300,2,147780,0,131,1,326,0,0,1,0,0,0,1,0,1,0
18990,2,39310,0,131,1,412,0,0,0,0,0,0,0,0,0,1
18990,2,245000,0,131,1,186,0,0,0,0,0,0,1,1,0,0
18500,4,845300,1,131,1,326,1,0,0,0,1,0,0,0,1,0
18900,4,329420,0,131,1,330,0,0,0,0,0,0,1,0,1,0
18800,3,893630,1,131,1,101,1,0,0,0,1,0,0,0,0,0
18500,4,1023420,1,131,1,40,1,0,0,0,1,0,0,0,0,0
18500,4,845300,1,131,1,389,1,0,0,0,1,0,0,0,0,1
18500,4,515000,0,131,0,106,0,0,0,0,0,0,1,1,0,0
18500,4,793500,1,131,1,498,1,0,0,0,0,0,1,0,0,1
18500,3,841220,1,131,1,177,1,0,0,0,0,0,1,1,0,0
18500,3,900000,1,131,1,537,1,0,0,0,1,0,0,0,0,1
18900,3,749460,1,131,1,276,1,0,0,0,0,0,1,1,0,0
18986,3,352560,0,131,1,196,0,0,0,0,0,0,1,1,0,0
18500,4,850000,1,131,1,667,1,0,0,0,0,0,1,0,0,1
18900,3,851300,1,131,1,286,1,0,0,0,0,0,1,1,0,0
18900,3,670750,1,131,1,86,1,0,0,0,0,0,1,0,0,0
18500,3,557860,0,131,1,40,0,0,0,0,0,0,1,0,0,0
18400,3,551580,1,131,1,127,0,0,0,0,1,0,0,0,0,0
18990,4,260000,0,131,1,82,0,0,0,0,0,0,1,0,1,0
19000,4,788000,0,131,0,176,1,0,0,0,0,0,1,0,1,0
18400,3,855000,1,131,1,123,1,0,0,0,0,0,1,0,0,0
18990,3,1090000,1,131,1,713,1,0,0,0,0,0,1,0,0,1
18200,4,650000,1,131,1,169,1,0,0,0,0,0,1,0,0,0
18950,3,289600,1,131,1,326,0,0,0,0,0,0,1,0,1,0
18400,4,675000,1,131,1,276,1,0,0,0,0,0,1,1,0,0
18490,4,869310,1,131,1,619,1,0,0,0,0,0,1,0,0,1
18400,3,855000,1,131,1,101,1,0,0,0,0,0,1,0,0,0
18900,4,680000,1,131,1,568,1,0,0,0,0,0,1,0,0,1
18490,4,524660,1,131,1,463,1,0,0,0,0,0,1,0,0,1
18400,4,840120,1,131,1,25,1,0,0,0,1,0,0,0,0,0
18900,4,1100000,1,131,1,628,1,0,0,0,0,0,1,0,0,1
18990,4,735770,1,131,1,560,1,0,0,0,0,0,1,0,0,1
18990,3,860000,1,131,1,186,1,0,0,0,0,0,1,1,0,0
18900,4,753000,1,131,1,99,1,0,0,0,0,0,1,0,0,0
18499,4,1230000,1,131,1,708,1,0,0,0,0,0,1,0,0,1
19799,3,520000,1,131,1,503,1,0,0,0,1,0,0,0,0,1
19990,1,167660,1,131,1,326,0,1,0,0,1,0,0,0,1,0
19800,2,189550,1,131,1,20,1,0,0,0,1,0,0,0,0,0
19900,2,245000,1,131,1,177,1,0,0,0,0,0,1,1,0,0
19300,3,330680,1,131,1,222,1,0,0,0,0,0,1,1,0,0
19990,2,512400,1,131,1,177,0,1,0,0,1,0,0,1,0,0
19690,1,346510,1,131,1,40,1,0,0,0,1,0,0,0,0,0
19690,1,346510,1,131,1,180,1,0,0,0,1,0,0,1,0,0
19500,1,220000,1,131,1,165,0,1,0,0,0,0,1,1,0,0
19900,1,257000,1,131,1,112,0,1,0,0,1,0,0,0,0,0
19999,4,350000,1,131,1,326,0,1,0,0,1,0,0,0,1,0
19500,2,400000,1,131,0,327,1,0,0,0,0,0,1,0,1,0
19500,3,270000,1,131,1,233,1,0,0,0,1,0,0,1,0,0
19900,4,455000,1,131,0,326,0,1,0,0,0,0,1,0,1,0
19900,1,195000,1,131,1,107,0,1,0,0,1,0,0,0,0,0
19990,4,471930,1,131,1,72,1,0,0,0,1,0,0,0,0,0
19500,2,196300,1,131,1,120,0,0,0,0,0,0,1,0,1,0
19837,1,161890,1,131,1,177,0,1,0,0,1,0,0,1,0,0
19990,3,180000,1,131,1,757,0,1,0,0,1,0,0,0,0,1
20000,3,150000,1,131,0,746,0,0,0,0,0,0,1,0,0,1
19990,3,510000,1,131,0,261,1,0,0,0,0,0,1,0,1,0
20000,3,450000,1,131,0,807,1,0,0,0,0,0,1,0,0,1
20000,4,374240,1,131,0,43,1,0,0,0,1,0,0,0,0,0
19950,2,418630,1,131,1,500,1,0,0,0,1,0,0,0,0,1
19500,3,490000,1,131,1,310,0,0,0,0,1,0,0,0,1,0
19450,3,378290,1,131,1,160,1,0,0,0,0,0,1,1,0,0
19900,2,330280,1,131,1,83,1,0,0,0,0,0,1,0,1,0
19990,2,430000,1,131,1,578,1,0,0,0,0,0,1,0,0,1
20000,3,430000,1,131,0,841,0,0,0,0,1,0,0,0,0,1
19837,1,161890,1,131,1,190,0,1,0,0,1,0,0,1,0,0
20000,2,501590,1,131,0,196,0,0,0,0,1,0,0,0,1,0
19900,3,620000,1,131,1,284,1,0,0,0,0,0,1,1,0,0
19500,3,500000,1,131,0,296,0,0,0,0,0,0,1,0,1,0
19890,4,725000,1,131,1,339,0,1,0,0,1,0,0,0,1,0
19470,2,269270,1,131,1,177,0,0,0,0,0,0,1,1,0,0
20000,3,330000,1,131,0,206,0,0,0,0,0,0,1,1,0,0
19990,2,512400,1,131,1,190,0,1,0,0,1,0,0,1,0,0
19990,3,360240,1,131,1,276,0,0,0,0,1,0,0,1,0,0
19200,4,235180,1,131,1,389,0,0,0,0,0,0,1,0,0,1
20000,4,490000,1,131,0,36,1,0,0,0,0,0,1,0,0,0
19250,4,638610,0,131,1,377,1,0,0,0,0,0,1,0,0,1
19400,2,487260,1,131,1,180,0,0,0,0,1,0,0,1,0,0
19800,2,700000,0,131,1,352,0,0,0,0,0,0,1,0,1,0
19200,2,841600,1,131,1,101,1,0,0,0,0,0,1,0,0,0
19500,4,900000,1,131,0,798,1,0,0,0,1,0,0,0,0,1
19800,3,511420,1,131,1,177,0,0,0,0,0,0,1,1,0,0
19990,2,651000,1,131,1,163,1,0,0,0,0,0,1,0,0,0
19500,4,504000,1,131,0,572,0,0,0,0,0,0,1,0,0,1
19990,4,235180,1,131,1,468,1,0,0,0,0,0,1,0,0,1
19800,3,923200,1,131,0,653,1,0,0,0,1,0,0,0,0,1
19900,2,582820,1,131,1,228,1,0,0,0,0,0,1,0,1,0
19900,3,502620,1,131,1,185,1,0,0,0,0,0,1,1,0,0
19900,4,759520,0,131,1,201,1,0,0,0,0,0,1,1,0,0
19150,3,575010,1,131,1,174,1,0,0,0,0,0,1,1,0,0
19900,2,559000,1,131,1,265,1,0,0,0,0,0,1,1,0,0
19800,3,310000,1,131,1,177,0,0,0,0,0,0,1,1,0,0
19500,4,615050,1,131,1,72,0,1,0,0,0,0,1,0,0,0
19378,4,491210,1,131,1,519,1,0,0,0,0,0,1,0,0,1
19200,4,660000,1,131,1,177,0,0,0,0,0,0,1,1,0,0
19946,3,737320,0,131,1,245,1,0,0,0,0,0,0,1,0,0
19500,4,650000,1,131,1,56,1,0,0,0,0,0,1,1,0,0
19800,3,528300,0,131,1,177,0,0,0,0,0,0,1,1,0,0
19200,3,900000,1,131,1,495,1,0,0,0,0,0,1,0,0,1
19899,3,590000,1,131,1,163,1,0,0,0,0,0,1,0,0,0
19900,4,830000,1,131,1,65,1,0,0,0,1,0,0,0,0,0
19150,3,575010,1,131,1,177,1,0,0,0,0,0,1,1,0,0
20000,3,600000,1,131,0,56,1,0,0,0,0,0,1,0,0,0
19200,4,235180,1,131,1,326,0,0,0,0,0,0,1,0,1,0
19700,3,600000,1,131,1,178,1,0,0,0,0,0,1,1,0,0
19900,3,764000,1,131,1,131,1,0,0,0,0,0,1,0,0,0
19850,4,1083940,1,131,1,22,1,0,0,0,1,0,0,0,0,0
19990,3,789000,1,131,1,128,1,0,0,0,0,0,1,0,0,0
19500,3,782700,1,131,1,383,1,0,0,0,0,0,1,0,1,0
20890,1,195900,1,131,1,171,0,1,0,0,1,0,0,1,0,0
20950,1,138000,1,131,1,134,0,0,0,0,1,0,0,1,0,0
20750,1,169780,1,131,1,142,0,1,0,0,1,0,0,1,0,0
20900,1,170000,1,131,1,124,0,1,0,0,1,0,0,0,0,0
20750,1,296120,1,131,1,142,0,1,0,0,1,0,0,1,0,0
20990,2,242850,1,131,1,286,1,0,0,0,1,0,0,1,0,0
20700,4,842340,1,131,1,764,1,0,0,0,1,0,0,0,0,1
20750,1,217380,1,131,1,142,0,1,0,0,1,0,0,1,0,0
20990,1,150000,1,131,1,276,1,0,0,0,1,0,0,1,0,0
20900,2,308710,1,131,1,121,1,0,0,0,0,0,1,0,0,0
20795,4,815000,1,131,0,121,0,1,0,0,1,0,0,1,0,0
20900,1,215000,1,131,1,124,0,1,0,0,1,0,0,0,0,0
20900,1,190000,1,131,1,165,1,0,0,0,0,0,1,1,0,0
20900,1,295000,1,131,1,107,1,0,0,0,1,0,0,0,0,0
20900,3,335000,1,131,1,181,0,1,0,0,0,0,1,1,0,0
20890,1,128150,1,131,1,171,0,1,0,0,1,0,0,1,0,0
20601,1,241120,1,131,1,116,0,1,0,0,1,0,0,0,0,0
21000,3,450000,1,131,0,120,1,0,0,0,1,0,0,0,0,0
20601,1,241120,1,131,1,187,0,1,0,0,1,0,0,1,0,0
20450,3,124110,1,131,1,326,0,1,0,0,0,0,1,0,1,0
20900,4,455000,1,131,1,14,1,0,0,0,0,0,1,0,0,0
20990,2,469000,1,131,0,242,1,0,0,0,1,0,0,1,0,0
20900,4,329080,1,131,1,276,1,0,0,0,1,0,0,1,0,0
20900,2,234000,1,131,1,184,1,0,0,0,0,0,1,1,0,0
21000,2,507420,1,131,1,377,0,1,0,0,1,0,0,0,0,1
20800,3,312810,1,131,1,177,0,0,0,0,0,0,1,1,0,0
20900,3,299060,1,131,1,326,0,0,0,0,1,0,0,0,1,0
20946,4,310440,0,131,1,245,1,0,0,0,0,0,1,1,0,0
20690,4,590700,1,131,1,279,0,1,0,0,1,0,0,1,0,0
20500,3,590000,1,131,1,759,1,0,0,0,1,0,0,0,0,1
20900,3,485000,1,131,1,281,1,0,0,0,0,0,1,1,0,0
20150,3,524230,1,131,1,326,0,1,0,0,0,0,1,0,1,0
20900,3,437370,1,131,1,261,1,0,0,0,0,0,1,0,1,0
20700,3,562000,1,131,1,217,1,0,0,0,1,0,0,0,0,0
20990,2,320,0,131,1,272,0,0,0,0,0,0,0,0,1,0
20800,3,157900,0,131,1,177,0,0,0,0,0,0,1,1,0,0
20900,3,200000,1,131,1,310,0,0,0,0,1,0,0,1,0,0
20900,4,370980,1,131,1,40,0,0,0,0,1,0,0,0,0,0
20500,2,585000,1,131,1,495,1,0,0,0,0,0,1,0,0,1
20490,3,58350,1,131,1,72,0,0,0,0,1,0,0,0,0,0
20990,2,320,0,131,1,377,0,0,0,0,0,0,0,0,0,1
21000,4,672340,1,131,0,495,1,0,0,0,1,0,0,0,0,1
21000,3,930000,1,131,0,513,1,0,0,0,1,0,0,0,0,1
20900,2,222000,0,131,1,383,0,0,0,0,0,0,1,0,1,0
20990,2,320,0,131,1,412,0,0,0,0,0,0,0,0,0,1
20200,3,390090,0,131,1,177,0,0,0,0,0,0,1,1,0,0
20446,4,656740,1,131,1,245,1,0,0,0,0,0,1,1,0,0
20900,3,299060,1,131,1,389,0,0,0,0,1,0,0,0,0,1
20900,3,460000,1,131,1,212,1,0,0,0,1,0,0,0,0,0
20900,3,644850,1,131,1,659,1,0,0,0,0,0,1,0,0,1
20800,3,363080,0,131,1,177,0,0,0,0,0,0,1,1,0,0
20500,3,485000,1,131,0,77,1,0,0,0,0,0,1,0,0,0
20450,1,262760,1,131,1,142,0,1,0,0,1,0,0,1,0,0
20500,4,1028790,1,131,1,285,1,0,0,0,1,0,0,1,0,0
20900,4,492750,1,131,1,288,1,0,0,0,0,0,1,0,1,0
20900,4,899000,1,131,1,628,1,0,0,0,0,0,1,0,0,1
20900,4,726000,1,131,1,793,1,0,0,0,0,0,1,0,0,1
21000,2,290000,1,131,1,89,0,0,0,0,1,0,0,0,0,0
20490,4,641570,1,131,1,502,1,0,0,0,0,0,1,0,0,1
21500,1,73690,1,131,1,201,0,1,0,0,1,0,0,1,0,0
21990,1,243530,1,131,1,275,0,1,0,0,1,0,0,1,0,0
21500,1,93500,1,131,1,201,0,1,0,0,1,0,0,1,0,0
21400,1,192000,1,131,1,119,0,1,0,0,0,0,1,0,0,0
21800,4,422000,1,131,1,181,0,1,0,0,1,0,0,1,0,0
21800,2,412110,1,131,1,177,1,0,0,0,1,0,0,1,0,0
21990,1,130,1,131,1,276,0,1,0,0,0,0,1,1,0,0
21990,1,50,1,131,1,276,1,0,0,0,0,0,1,1,0,0
21500,2,330000,1,131,0,105,0,1,0,0,1,0,0,0,1,0
22000,3,330000,1,131,0,903,0,1,0,0,1,0,0,0,0,1
21800,1,263090,1,131,1,177,0,1,0,0,1,0,0,1,0,0
21900,3,187000,1,131,0,204,0,0,0,0,1,0,0,0,0,0
21900,1,177500,1,131,1,127,0,1,0,0,0,0,1,0,0,0
21950,1,290000,1,131,1,100,0,1,0,0,1,0,0,1,0,0
21400,2,304600,1,131,1,180,1,0,0,0,1,0,0,1,0,0
22000,2,350000,1,131,0,487,0,0,0,0,1,0,0,0,0,1
21500,1,212800,1,131,1,91,0,1,0,0,0,0,1,1,0,0
21500,3,404800,1,131,1,92,1,0,0,0,1,0,0,0,1,0
21990,1,284200,1,131,1,129,0,1,0,0,0,0,1,0,0,0
21500,1,233350,1,131,1,40,0,1,0,0,0,0,1,0,0,0
21900,4,880000,1,131,0,276,1,0,0,0,1,0,0,1,0,0
21500,3,69620,1,131,1,177,1,0,0,0,0,0,1,1,0,0
21900,1,191630,1,131,1,495,1,0,0,0,1,0,0,0,0,1
21400,1,205330,1,131,1,119,0,1,0,0,0,0,1,0,0,0
21500,4,520000,1,131,0,673,1,0,0,0,1,0,0,0,0,1
21900,1,192140,1,131,1,127,0,1,0,0,1,0,0,0,0,0
21500,4,694710,1,131,1,40,0,0,1,0,1,0,0,0,0,0
21986,1,114020,1,131,1,196,0,1,0,0,1,0,0,1,0,0
21800,3,540000,1,131,0,276,1,0,0,0,0,0,1,1,0,0
21900,1,250000,1,131,1,178,1,0,0,0,0,0,1,1,0,0
22000,2,450000,1,131,0,278,1,0,0,0,0,0,1,1,0,0
21990,1,256500,1,131,1,129,0,1,0,0,0,0,1,0,0,0
21410,1,204950,1,131,1,129,0,1,0,0,0,0,1,0,0,0
22000,4,310000,1,131,0,99,0,1,0,0,1,0,0,0,1,0
21900,2,308140,1,131,1,119,1,0,0,0,0,0,1,0,0,0
21950,2,35000,1,131,1,276,0,0,0,0,1,0,0,1,0,0
21900,2,795740,1,131,1,326,1,0,0,0,1,0,0,0,1,0
21500,2,431290,1,131,1,174,1,0,0,0,1,0,0,1,0,0
21500,3,630000,1,131,0,182,1,0,0,0,1,0,0,0,1,0
21900,2,114000,1,131,1,232,0,0,0,0,0,0,1,1,0,0
21500,2,431290,1,131,1,177,1,0,0,0,1,0,0,1,0,0
21500,2,431290,1,131,1,177,1,0,0,0,1,0,0,1,0,0
21956,1,228910,1,131,1,190,0,1,0,0,1,0,0,1,0,0
21490,2,266210,1,131,1,276,0,0,0,0,1,0,0,1,0,0
21490,4,890000,1,131,1,162,0,1,0,0,1,0,0,1,0,0
21900,4,250000,1,131,0,128,0,0,0,0,0,0,1,0,0,0
22000,3,427670,0,131,0,250,0,0,0,0,0,0,1,0,1,0
21956,1,228910,1,131,1,116,0,1,0,0,1,0,0,0,0,0
21956,1,228910,1,131,1,187,0,1,0,0,1,0,0,1,0,0
21900,3,863870,1,131,1,86,1,0,0,0,1,0,0,0,0,0
22490,1,216490,1,131,1,276,0,1,0,0,0,0,1,1,0,0
22300,1,191410,1,131,1,186,0,1,0,0,1,0,0,0,0,0
22900,1,290000,1,131,1,202,0,1,0,0,1,0,0,1,0,0
22900,2,209390,1,131,1,170,0,0,0,0,1,0,0,1,0,0
22900,1,192780,1,131,1,162,0,1,0,0,1,0,0,1,0,0
22900,1,190260,1,131,1,162,0,1,0,0,1,0,0,1,0,0
22990,1,10,1,131,1,276,0,1,0,0,0,0,1,1,0,0
22900,2,100,1,131,1,177,1,0,0,0,1,0,0,1,0,0
22900,1,241230,1,131,1,276,0,0,0,0,1,0,0,1,0,0
23000,1,260000,1,131,1,495,0,1,0,0,1,0,0,0,0,1
22390,1,400000,1,131,0,301,0,1,0,0,1,0,0,1,0,0
22400,1,10,1,131,1,478,1,0,0,0,0,0,1,0,0,1
22800,1,240000,1,131,1,474,1,0,0,0,1,0,0,0,0,1
23000,2,300000,1,131,0,111,1,0,0,0,1,0,0,1,0,0
22500,4,370000,1,131,0,287,0,1,0,0,1,0,0,1,0,0
22750,1,74860,1,131,1,326,0,0,0,0,1,0,0,0,1,0
22900,1,300000,1,131,1,181,0,1,0,0,0,0,1,1,0,0
22950,2,329000,1,131,1,134,1,0,0,0,1,0,0,1,0,0
23000,2,605180,1,131,0,137,0,1,0,0,1,0,0,0,0,0
22900,4,357500,1,131,1,131,1,0,0,0,1,0,0,0,0,0
22550,1,128470,1,131,1,326,0,0,0,0,1,0,0,0,1,0
23000,3,350000,1,131,0,62,1,0,0,0,0,0,1,0,0,0
22900,1,217000,1,131,1,127,0,1,0,0,1,0,0,0,0,0
22900,3,100,1,131,1,25,0,1,0,0,0,0,1,0,0,0
22990,1,195520,1,131,1,193,0,1,0,0,1,0,0,1,0,0
22040,1,179720,1,131,1,129,0,1,0,0,0,0,1,0,0,0
22900,2,460000,1,131,1,122,1,0,0,0,1,0,0,0,0,0
23000,3,345000,1,131,0,259,1,0,0,0,0,0,1,1,0,0
22500,2,111300,1,131,1,154,0,0,0,0,1,0,0,1,0,0
22900,1,289000,1,131,1,239,0,1,0,0,1,0,0,0,0,0
22490,4,370000,1,131,1,283,1,0,0,0,1,0,0,1,0,0
22500,2,161610,1,131,1,259,0,0,0,0,1,0,0,1,0,0
22900,2,209390,1,131,1,180,0,0,0,0,1,0,0,1,0,0
22500,4,354250,1,131,1,330,0,1,0,0,0,0,1,0,1,0
22950,3,251030,1,131,1,87,1,0,0,0,0,0,1,0,1,0
22800,2,290000,1,131,1,226,1,0,0,0,0,0,1,0,0,0
22600,3,799070,1,131,1,89,1,0,0,0,0,0,1,0,0,0
22500,3,555570,1,131,1,286,1,0,0,0,0,0,1,1,0,0
22200,3,273580,1,131,1,116,1,0,0,0,1,0,0,0,0,0
22990,1,144330,1,131,1,177,0,1,0,0,1,0,0,1,0,0
22446,4,681410,1,131,1,245,1,0,0,0,1,0,0,1,0,0
22900,3,185000,1,131,1,181,0,0,0,0,1,0,0,0,0,0
22800,4,700000,1,131,0,326,1,0,0,0,1,0,0,0,1,0
22900,3,241260,1,131,1,326,1,0,0,0,1,0,0,0,1,0
22900,1,203610,1,131,1,162,0,1,0,0,1,0,0,1,0,0
22900,3,363000,1,131,1,262,1,0,0,0,0,0,1,1,0,0
22200,3,430000,1,131,1,14,1,0,0,0,0,0,1,0,0,0
22900,3,241260,1,131,1,389,1,0,0,0,1,0,0,0,0,1
23000,1,720000,1,131,0,495,1,0,0,0,1,0,0,0,0,1
22900,2,100,0,131,1,288,0,0,0,0,0,0,1,0,1,0
22466,2,295200,1,131,1,177,1,0,0,0,1,0,0,1,0,0
23000,3,237000,1,131,0,202,0,0,0,0,1,0,0,1,0,0
22900,2,336000,1,131,1,217,1,0,0,0,1,0,0,0,0,0
22990,2,57790,1,131,1,377,0,0,0,0,1,0,0,0,0,1
22800,1,291710,1,131,1,882,1,0,0,0,0,0,1,0,0,1
22900,2,357280,1,131,1,201,0,0,0,0,1,0,0,1,0,0
22500,3,790000,1,131,0,495,1,0,0,0,1,0,0,0,0,1
22466,2,295200,1,131,1,177,1,0,0,0,1,0,0,1,0,0
22490,2,518000,1,131,1,272,1,0,0,0,0,0,1,0,1,0
22490,2,518000,1,131,1,377,1,0,0,0,0,0,1,0,0,1
22490,2,518000,1,131,1,412,1,0,0,0,0,0,1,0,0,1
22990,2,57790,1,131,1,272,0,0,0,0,1,0,0,0,1,0
22466,2,295200,1,131,1,190,1,0,0,0,1,0,0,1,0,0
22990,2,57790,1,131,1,412,0,0,0,0,1,0,0,0,0,1
23900,2,35700,1,131,1,496,0,1,0,0,1,0,0,0,0,1
23900,1,279000,1,131,1,239,1,0,0,0,1,0,0,0,0,0
23800,4,563170,1,131,1,326,0,1,0,0,1,0,0,0,1,0
23999,2,269970,1,131,1,99,0,1,0,0,1,0,0,0,1,0
23400,0,10,1,131,1,20,0,1,0,0,0,0,1,0,0,0
23990,1,20,1,131,1,232,0,1,0,0,1,0,0,1,0,0
23400,4,332720,1,131,1,276,0,1,0,0,1,0,0,1,0,0
23400,1,274720,1,131,1,180,0,1,0,0,1,0,0,1,0,0
23900,2,35700,1,131,1,495,0,1,0,0,1,0,0,0,0,1
23900,2,100,1,131,1,288,0,0,0,0,1,0,0,0,1,0
24000,2,230000,1,131,0,647,1,0,0,0,1,0,0,0,0,1
23900,1,104030,1,131,1,185,0,0,0,0,1,0,0,1,0,0
23900,3,401400,1,131,1,276,1,0,0,0,1,0,0,1,0,0
23990,1,30120,1,131,1,177,0,1,0,0,1,0,0,1,0,0
23450,1,254000,1,131,1,205,0,1,0,0,1,0,0,1,0,0
23900,1,195000,1,131,1,217,0,1,0,0,1,0,0,0,0,0
23072,1,85970,1,131,1,116,1,0,0,0,1,0,0,0,0,0
23900,3,990000,1,131,1,483,1,0,0,0,1,0,0,0,0,1
23072,1,85970,1,131,1,187,1,0,0,0,1,0,0,1,0,0
23800,1,206840,1,131,1,182,1,0,0,0,0,0,1,0,0,0
23900,1,221000,1,131,1,217,0,1,0,0,1,0,0,0,0,0
23900,2,256000,1,131,1,101,1,0,0,0,1,0,0,0,0,0
23999,4,850000,1,131,0,103,1,0,0,0,1,0,0,0,0,0
23500,2,100,0,131,1,216,0,0,0,0,0,0,1,1,0,0
23490,2,153580,1,131,1,496,0,0,0,0,1,0,0,0,0,1
23500,2,299000,1,131,1,201,1,0,0,0,1,0,0,1,0,0
23900,1,210000,1,131,1,174,0,1,0,0,1,0,0,0,0,0
23900,2,540000,1,131,1,228,1,0,0,0,1,0,0,0,1,0
23890,1,71000,1,131,1,196,0,1,0,0,0,0,1,1,0,0
23999,2,269970,1,131,1,177,0,1,0,0,1,0,0,1,0,0
23999,2,269970,1,131,1,86,0,1,0,0,1,0,0,0,0,0
23999,2,269970,1,131,1,283,0,1,0,0,1,0,0,1,0,0
23850,1,312140,1,131,1,105,1,0,0,0,0,0,1,0,1,0
23900,1,200000,1,131,1,174,0,1,0,0,1,0,0,0,0,0
23999,2,269970,1,131,1,25,0,1,0,0,1,0,0,0,0,0
23850,1,105310,1,131,1,205,0,1,0,0,1,0,0,1,0,0
23900,2,284610,1,131,1,186,1,0,0,0,0,0,1,0,0,0
23999,2,269970,1,131,1,628,0,1,0,0,1,0,0,0,0,1
23800,2,315000,1,131,1,101,1,0,0,0,0,0,1,1,0,0
23990,1,145000,1,131,1,177,0,1,0,0,1,0,0,1,0,0
23490,2,341770,1,131,1,412,1,0,0,0,0,0,1,0,0,1
23999,2,269970,1,131,1,326,0,1,0,0,1,0,0,0,1,0
23900,2,423500,1,131,1,101,0,0,0,0,1,0,0,0,0,0
23490,2,417050,1,131,1,272,1,0,0,0,0,0,1,0,1,0
23500,1,215000,1,131,1,174,0,1,0,0,1,0,0,0,0,0
23900,2,305710,1,131,1,72,1,0,0,0,1,0,0,0,0,0
23490,2,341770,1,131,1,272,1,0,0,0,0,0,1,0,1,0
23490,2,341770,1,131,1,377,1,0,0,0,0,0,1,0,0,1
23500,1,230000,1,131,1,174,0,1,0,0,1,0,0,0,0,0
23490,2,417050,1,131,1,412,1,0,0,0,0,0,1,0,0,1
23490,2,441960,1,131,1,272,1,0,0,0,0,0,1,0,1,0
23490,2,441960,1,131,1,412,1,0,0,0,0,0,1,0,0,1
23490,2,441960,1,131,1,377,1,0,0,0,0,0,1,0,0,1
23950,3,100,1,131,1,724,0,0,0,0,0,0,1,0,0,1
23900,1,195000,1,131,1,217,0,1,0,0,1,0,0,0,0,0
23490,2,417050,1,131,1,377,1,0,0,0,0,0,1,0,0,1
24990,1,50,1,131,1,276,1,0,0,0,1,0,0,1,0,0
24500,0,10,1,131,1,134,0,1,0,0,0,0,1,1,0,0
24990,1,30,1,131,1,232,0,1,0,0,1,0,0,1,0,0
24700,0,100,1,131,1,276,0,1,0,0,0,0,1,1,0,0
24900,3,154600,1,131,1,103,0,0,0,1,1,0,0,0,0,0
24989,2,103280,1,131,1,285,0,0,0,1,0,0,1,1,0,0
24900,1,150000,1,131,1,231,1,0,0,0,1,0,0,1,0,0
24900,3,680000,1,131,0,176,0,1,0,0,1,0,0,1,0,0
24850,2,2050,1,131,1,22,1,0,0,0,1,0,0,0,0,0
25000,1,110000,1,131,0,181,0,1,0,0,1,0,0,1,0,0
24500,2,250000,1,131,0,750,0,1,0,0,0,0,1,0,0,1
25000,4,145000,1,131,0,117,1,0,0,0,1,0,0,0,0,0
24900,1,323870,1,131,1,72,1,0,0,0,1,0,0,0,0,0
24990,1,117820,1,131,1,276,0,1,0,0,1,0,0,1,0,0
24900,3,100,1,131,1,163,1,0,0,0,0,0,1,1,0,0
24900,1,96650,1,131,1,326,0,1,0,0,0,0,1,0,1,0
24500,1,50,1,131,1,198,0,1,0,0,0,0,1,1,0,0
24900,2,230000,1,131,1,132,1,0,0,0,1,0,0,0,0,0
24900,1,292000,1,131,1,79,1,0,0,0,1,0,0,0,0,0
24500,4,247000,1,131,1,177,0,1,0,0,1,0,0,1,0,0
24300,2,180000,1,131,0,193,1,0,0,0,0,0,1,1,0,0
24900,1,316760,1,131,1,500,0,1,0,0,1,0,0,0,0,1
24800,1,182590,1,131,1,191,0,1,0,0,1,0,0,1,0,0
24500,4,410000,1,131,0,178,0,1,0,0,1,0,0,0,0,0
24500,1,150000,1,131,1,89,0,1,0,0,0,0,1,0,0,0
24900,4,450000,1,131,0,206,0,1,0,0,1,0,0,1,0,0
25000,2,230000,1,131,0,647,1,0,0,0,1,0,0,0,0,1
24900,2,327600,1,131,1,196,1,0,0,0,0,0,1,1,0,0
24900,2,155930,1,131,1,607,1,0,0,0,1,0,0,0,0,1
24900,2,155930,1,131,1,848,1,0,0,0,1,0,0,0,0,1
24900,1,96650,1,131,1,389,0,1,0,0,0,0,1,0,0,1
24800,1,261900,1,131,1,173,0,1,0,0,1,0,0,1,0,0
24470,2,170000,1,131,1,326,0,0,0,0,1,0,0,0,1,0
24900,1,192140,1,131,1,127,0,1,0,0,1,0,0,0,0,0
25999,0,1200,1,131,1,81,1,0,0,0,0,0,1,0,0,0
25900,0,100,1,131,1,179,1,0,0,0,0,0,1,1,0,0
25900,1,50,1,131,1,120,1,0,0,0,0,0,1,0,1,0
25500,1,216870,1,131,1,67,0,1,0,0,1,0,0,0,0,0
26000,2,350000,1,131,0,177,0,1,0,0,1,0,0,1,0,0
25600,2,340000,1,131,0,326,1,0,0,0,1,0,0,0,1,0
26000,2,290000,1,131,0,287,1,0,0,0,1,0,0,0,1,0
25500,1,100,1,131,1,25,0,1,0,0,0,0,1,0,0,0
25500,3,87000,1,131,0,147,1,0,0,0,1,0,0,1,0,0
25900,1,170000,1,131,1,146,0,1,0,0,1,0,0,1,0,0
25900,1,217000,1,131,1,127,0,1,0,0,1,0,0,0,0,0
25900,2,185060,1,131,1,185,0,1,0,0,0,0,1,1,0,0
25900,3,545000,1,131,0,261,0,1,0,0,1,0,0,0,1,0
25900,1,10,0,131,1,310,0,0,0,0,0,0,1,0,1,0
26000,1,400000,1,131,1,105,0,0,0,0,1,0,0,0,1,0
25770,1,177360,1,131,1,201,0,1,0,0,1,0,0,1,0,0
25500,1,50,1,131,1,216,0,0,0,0,0,0,1,1,0,0
25900,1,155000,1,131,1,147,0,1,0,0,1,0,0,1,0,0
25400,2,257400,1,131,1,152,1,0,0,0,1,0,0,0,0,0
26990,0,69700,1,131,1,276,0,1,0,0,1,0,0,1,0,0
26500,0,100,1,131,1,259,1,0,0,0,0,0,1,1,0,0
26500,1,640,1,131,1,550,1,0,0,0,0,0,1,0,0,1
26490,1,100,1,131,1,488,1,0,0,0,1,0,0,0,0,1
26900,4,4570,1,131,1,276,0,1,0,0,1,0,0,1,0,0
26500,3,1500,0,131,1,196,0,0,0,1,1,0,0,1,0,0
27000,3,438430,1,131,0,519,1,0,0,0,1,0,0,0,0,1
26829,1,430,1,131,1,116,1,0,0,0,0,0,1,0,0,0
26900,3,9180,1,131,1,276,0,1,0,0,1,0,0,1,0,0
26450,2,3000,1,131,1,198,1,0,0,0,0,0,1,1,0,0
26900,1,2160,1,131,1,93,1,0,0,0,0,0,1,0,1,0
26829,1,430,1,131,1,187,1,0,0,0,0,0,1,1,0,0
27000,1,253140,1,131,0,101,1,0,0,0,1,0,0,0,0,0
26500,1,105210,1,131,1,87,0,1,0,0,1,0,0,0,1,0
26500,1,250,1,131,1,550,0,1,0,0,0,0,1,0,0,1
26100,0,100,1,131,1,177,0,1,0,0,0,0,0,1,0,0
27000,2,300000,1,131,0,653,0,0,0,0,1,0,0,0,0,1
26300,4,48760,1,131,1,919,0,1,0,0,1,0,0,0,0,1
26900,2,60000,1,131,1,72,1,0,0,0,0,0,1,0,0,0
27400,1,100,1,131,1,222,1,0,0,0,0,0,1,1,0,0
27800,0,1090,1,131,1,550,0,1,0,0,0,0,1,0,0,1
27990,1,60,1,131,1,232,0,1,0,0,1,0,0,1,0,0
27990,0,0,1,131,1,193,1,0,0,0,0,0,0,1,0,0
27700,0,10,1,131,1,165,1,0,0,0,0,0,1,1,0,0
27250,0,20,1,131,1,651,1,0,0,0,0,0,0,0,0,1
27900,0,10,1,131,1,683,1,0,0,0,0,0,1,0,0,1
27950,2,203610,1,131,1,186,1,0,0,0,1,0,0,0,0,0
27990,1,10,1,131,1,499,1,0,0,0,1,0,0,0,0,1
27990,1,100,1,131,1,198,0,1,0,0,1,0,0,1,0,0
27900,0,100,1,131,1,184,1,0,0,0,0,0,1,0,0,0
27950,2,50,1,131,1,216,1,0,0,0,0,0,1,1,0,0
27500,1,280000,1,131,1,151,1,0,0,0,1,0,0,0,1,0
27900,0,100,1,131,1,103,1,0,0,0,0,0,1,0,0,0
27900,1,10,0,131,1,310,0,0,0,0,0,0,1,0,1,0
27900,4,414090,1,131,1,490,0,1,0,0,1,0,0,0,0,1
28400,0,46030,1,131,0,288,0,1,0,0,0,0,1,1,0,0
28150,1,10,1,131,1,223,1,0,0,0,1,0,0,0,1,0
28500,1,50,1,131,1,101,1,0,0,0,0,0,1,1,0,0
28990,1,211440,1,131,1,193,1,0,0,0,1,0,0,1,0,0
28500,2,240000,1,131,0,77,0,1,0,0,1,0,0,0,0,0
28400,1,100,1,131,1,146,1,0,0,0,0,0,1,0,0,0
29000,1,100,1,131,1,55,1,0,0,0,0,0,1,0,0,0
28450,0,10,1,131,1,261,1,0,0,0,0,0,1,0,1,0
28150,0,10,1,131,1,223,1,0,0,0,1,0,0,0,1,0
28900,1,100,1,131,1,132,0,1,0,0,0,0,1,0,0,0
28990,0,39270,1,131,1,103,1,0,0,0,1,0,0,0,0,0
28900,1,100,1,131,1,93,1,0,0,0,0,0,1,0,1,0
29000,3,286000,1,131,0,377,0,0,0,0,1,0,0,0,1,0
29000,2,390000,1,131,0,301,0,1,0,0,1,0,0,1,0,0
29990,0,0,1,131,1,193,0,1,0,0,1,0,0,1,0,0
29900,0,100,1,131,1,179,1,0,0,0,0,0,1,1,0,0
29900,1,100,1,131,1,178,1,0,0,0,0,0,1,1,0,0
29900,0,680,1,131,1,315,0,1,0,0,0,0,1,0,0,1
29750,0,100,1,131,1,750,1,0,0,0,1,0,0,0,0,1
29900,1,14580,1,131,1,103,1,0,0,0,1,0,0,0,0,0
29800,1,570,1,131,1,550,1,0,0,0,1,0,0,0,0,1
29900,2,10,1,131,1,201,0,0,0,0,1,0,0,1,0,0
29800,0,100,1,131,1,263,0,1,0,0,0,0,1,0,1,0
29400,2,125000,1,131,1,101,1,0,0,0,1,0,0,1,0,0
18900,3,27500,1,130,1,107,0,0,0,0,0,0,1,0,0,0
22900,2,16000,1,130,1,107,0,0,0,0,1,0,0,0,0,0
24000,3,15000,1,130,1,134,0,0,0,0,0,0,1,1,0,0
15900,4,150026,0,130,1,708,1,0,0,0,0,0,0,0,0,1
25900,2,19000,1,130,1,200,1,0,0,0,0,0,1,0,1,0
21490,2,35000,0,130,1,326,0,0,0,0,0,0,1,0,1,0
28900,3,7456,1,130,1,326,1,0,0,0,0,0,1,0,1,0
7900,1,157000,1,130,1,794,1,0,0,0,0,0,1,0,0,1
23900,4,74800,1,130,1,150,1,0,0,0,0,0,1,0,1,0
9900,4,85661,0,130,1,288,1,0,0,0,0,0,1,1,0,0
10290,4,127177,1,131,1,180,1,0,0,0,0,0,1,1,0,0
10290,4,127177,1,131,1,40,1,0,0,0,0,0,1,0,0,0
10900,4,144000,1,130,1,132,1,0,0,0,0,0,1,0,0,0
11000,0,90000,0,130,1,610,1,0,0,0,0,0,0,0,0,1
11500,4,171000,1,130,1,566,1,0,0,0,0,0,1,0,0,1
11900,4,124985,0,130,1,495,1,0,0,0,0,0,1,0,0,1
11900,3,95771,0,130,1,463,0,0,0,0,0,0,0,0,0,1
11990,3,91310,0,131,1,180,0,0,0,0,0,0,1,1,0,0
11990,3,91310,0,131,1,40,0,0,0,0,0,0,1,0,0,0
12500,4,159000,1,130,1,226,1,0,0,0,0,0,1,0,0,0
12500,4,106000,1,130,1,512,1,0,0,0,0,0,1,0,0,1
12700,4,170000,1,130,1,490,1,0,0,0,0,0,1,0,0,1
12900,4,161000,1,130,1,512,1,0,0,0,0,0,1,0,0,1
12999,3,97000,1,130,1,83,1,0,0,0,0,0,1,0,1,0
13190,3,19887,0,131,1,180,0,0,0,0,0,0,0,1,0,0
13190,3,19887,0,131,1,40,0,0,0,0,0,0,0,0,0,0
13450,2,32187,0,130,1,202,0,0,0,0,0,0,1,1,0,0
13450,2,32187,0,130,1,202,0,0,0,0,0,0,1,1,0,0
13500,4,142000,1,130,1,566,1,0,0,0,0,0,1,0,0,1
13600,4,137000,1,130,1,215,1,0,0,0,0,0,1,0,0,0
13800,4,89000,1,130,1,122,0,0,0,0,0,0,1,1,0,0
13900,3,89000,0,130,1,495,1,0,0,0,0,0,1,0,0,1
13900,4,67000,1,130,1,74,1,0,0,0,0,0,1,0,0,0
13950,2,16070,0,130,1,276,0,0,0,0,0,0,1,1,0,0
13990,4,160000,0,130,1,477,1,0,0,0,0,0,0,0,0,1
13990,4,179990,1,130,1,858,1,0,0,0,0,0,1,0,0,1
13999,3,88000,0,130,1,495,1,0,0,0,0,0,1,0,0,1
14000,4,100800,0,130,1,86,1,0,0,0,0,0,1,1,0,0
14290,4,111608,0,130,1,102,1,0,0,0,0,0,1,0,0,0
14290,2,31269,0,131,1,180,0,0,0,0,0,0,1,1,0,0
14290,2,30933,0,131,1,180,0,0,0,0,0,0,1,1,0,0
14290,2,31269,0,131,1,40,0,0,0,0,0,0,1,0,0,0
14290,2,30933,0,131,1,40,0,0,0,0,0,0,1,0,0,0
14486,4,104114,1,130,1,198,1,0,0,0,0,0,1,1,0,0
14490,4,91100,1,130,1,552,1,0,0,0,0,0,1,0,0,1
14500,4,116000,1,180,1,171,0,1,0,0,1,0,0,1,0,0
14590,2,70000,0,130,1,326,0,0,0,0,0,0,1,0,1,0
14690,2,14658,0,131,1,40,0,0,0,0,0,0,1,0,0,0
14690,2,15861,0,131,1,40,0,0,0,0,0,0,1,0,0,0
14690,2,14658,0,131,1,180,0,0,0,0,0,0,1,1,0,0
14690,2,15861,0,131,1,180,0,0,0,0,0,0,1,1,0,0
14800,4,99421,0,130,1,525,1,0,0,0,0,0,1,0,0,1
14800,4,117639,0,130,1,525,1,0,0,0,0,0,1,0,0,1
14800,4,112500,1,130,1,775,1,0,0,0,0,0,1,0,0,1
14890,2,56257,0,130,1,424,0,0,0,0,0,0,0,0,0,1
14890,4,51754,0,130,1,183,0,0,0,0,0,0,0,1,0,0
14900,4,120033,0,130,1,345,1,0,0,0,0,0,1,0,0,1
14900,3,153300,1,130,1,833,1,0,0,0,0,0,1,0,0,1
14900,4,90000,1,130,1,276,0,0,0,0,0,0,1,1,0,0
14900,4,126000,1,180,1,215,0,1,0,0,0,0,1,0,0,0
14900,4,100000,1,130,1,215,1,0,0,0,0,0,1,0,0,0
14900,4,153600,1,130,1,505,1,0,0,0,0,0,1,0,0,1
14900,3,110000,1,131,1,276,1,0,0,0,0,0,1,1,0,0
14900,4,145000,0,130,1,620,1,0,0,0,0,0,1,0,0,1
14900,4,22532,0,130,1,114,0,0,0,0,0,0,0,1,0,0
14900,4,22532,0,130,1,114,0,0,0,0,0,0,0,1,0,0
14900,2,149000,1,130,1,288,1,0,0,0,0,0,1,1,0,0
14900,3,99900,1,130,1,83,1,0,0,0,0,0,1,0,1,0
14900,4,59700,1,130,1,131,0,0,0,0,0,0,0,0,0,0
14950,3,37000,0,131,1,124,0,0,0,0,0,0,1,0,0,0
14950,2,12683,0,130,1,276,0,0,0,0,0,0,1,1,0,0
14950,2,5170,0,130,1,276,0,0,0,0,0,0,0,1,0,0
14986,4,35932,0,130,1,198,0,0,0,0,0,0,0,1,0,0
14989,4,164000,1,130,1,843,1,0,0,0,0,0,1,0,0,1
14990,4,107400,1,130,1,486,1,0,0,0,0,0,1,0,0,1
14990,4,107000,1,130,1,322,1,0,0,0,0,0,1,0,1,0
14999,4,108000,0,130,1,525,1,0,0,0,0,0,1,0,0,1
14999,4,110000,1,130,1,525,1,0,0,0,0,0,1,0,0,1
14999,2,24160,0,130,1,490,0,0,0,0,0,0,1,0,0,1
14999,2,24160,0,130,1,861,0,0,0,0,0,0,1,0,0,1
14999,2,24160,0,130,1,86,0,0,0,0,0,0,1,0,0,0
14999,2,24160,0,130,1,99,0,0,0,0,0,0,1,0,1,0
14999,2,24160,0,130,1,731,0,0,0,0,0,0,1,0,0,1
14999,2,24160,0,130,1,25,0,0,0,0,0,0,1,0,0,0
14999,2,24160,0,130,1,326,0,0,0,0,0,0,1,0,1,0
14999,2,24160,0,130,1,628,0,0,0,0,0,0,1,0,0,1
14999,2,24160,0,130,1,485,0,0,0,0,0,0,1,0,0,1
14999,2,24160,0,130,1,127,0,0,0,0,0,0,1,0,0,0
14999,2,24160,0,130,1,750,0,0,0,0,0,0,1,0,0,1
15300,3,139900,1,130,1,184,1,0,0,0,0,0,1,1,0,0
15400,4,117200,1,130,1,611,1,0,0,0,0,0,1,0,0,1
15400,3,137000,1,130,1,499,1,0,0,0,0,0,1,0,0,1
15490,3,96710,1,130,1,878,1,0,0,0,0,0,1,0,0,1
15490,3,119000,1,130,1,713,1,0,0,0,0,0,1,0,0,1
15499,3,100571,1,130,1,930,1,0,0,0,0,0,1,0,0,1
15499,3,91500,1,130,1,74,1,0,0,0,0,0,1,0,0,0
15500,3,150000,1,130,1,763,0,0,0,0,0,0,1,0,0,1
15500,3,80431,1,130,1,276,1,0,0,0,1,0,0,1,0,0
15500,3,80431,1,130,1,234,1,0,0,0,1,0,0,1,0,0
15500,2,25000,0,130,1,163,0,0,0,0,0,0,1,1,0,0
15500,4,120480,0,130,1,750,1,0,0,0,0,0,1,0,0,1
15500,2,61000,0,130,1,177,0,0,0,0,0,0,1,1,0,0
15500,4,131000,0,130,1,834,1,0,0,0,0,0,1,0,0,1
15500,3,99245,0,130,1,463,1,0,0,0,0,0,0,0,0,1
15599,4,97000,0,130,1,201,1,0,0,0,0,0,1,1,0,0
15690,2,34683,1,131,1,180,0,0,0,0,0,0,1,1,0,0
15690,2,34683,1,131,1,40,0,0,0,0,0,0,1,0,0,0
15700,4,104000,1,130,1,215,1,0,0,0,0,0,1,0,0,0
15700,2,28000,0,130,1,163,0,0,0,0,0,0,0,1,0,0
15750,3,49546,1,130,1,202,1,0,0,0,0,0,1,1,0,0
15750,3,49546,1,130,1,202,1,0,0,0,0,0,1,1,0,0
15750,3,45945,1,130,1,202,1,0,0,0,0,0,1,1,0,0
15800,4,161550,0,130,1,464,1,0,0,0,0,0,0,0,0,1
15800,3,152633,1,130,1,775,1,0,0,0,0,0,1,0,0,1
15800,4,70000,1,130,1,215,1,0,0,0,0,0,1,0,0,0
15900,3,140500,1,130,1,232,1,0,0,0,1,0,0,0,1,0
15900,4,110000,1,130,1,120,1,0,0,0,0,0,1,0,0,0
15900,4,99900,1,130,1,101,1,0,0,0,0,0,1,0,0,0
15900,4,107000,0,130,1,769,1,0,0,0,0,0,1,0,0,1
15900,3,108730,1,130,1,448,1,0,0,0,0,0,1,0,0,1
15900,4,108549,1,130,1,878,1,0,0,0,0,0,1,0,0,1
15900,2,104000,0,130,1,215,0,0,0,0,0,0,1,0,0,0
15900,4,99000,1,130,1,542,1,0,0,0,0,0,1,0,0,1
15950,4,136798,1,130,1,163,1,0,0,0,0,0,1,0,0,0
15950,4,67887,1,130,1,83,0,0,0,0,0,0,1,0,1,0
15950,4,72459,1,130,1,236,1,0,0,0,0,0,1,0,0,0
15990,4,102000,1,130,1,611,1,0,0,0,0,0,1,0,0,1
15990,4,110300,1,130,1,552,1,0,0,0,0,0,1,0,0,1
15990,3,91612,1,130,1,154,1,0,0,0,0,0,1,1,0,0
15990,4,44000,0,130,1,498,1,0,0,0,0,0,1,0,0,1
15990,3,133000,1,130,1,713,1,0,0,0,0,0,1,0,0,1
15999,4,130000,1,130,1,121,1,0,0,0,1,0,0,1,0,0
16100,3,108061,1,130,1,276,1,0,0,0,0,0,1,1,0,0
16100,4,89763,1,130,1,276,1,0,0,0,0,0,1,1,0,0
16200,4,136930,0,130,1,464,1,0,0,0,0,0,0,0,0,1
16280,4,98000,1,130,1,298,1,0,0,0,0,0,1,0,0,1
16300,3,71000,1,130,1,177,1,0,0,0,0,0,1,1,0,0
16300,2,85600,0,130,1,611,0,0,0,0,0,0,1,0,0,1
16400,4,45340,1,130,1,716,1,0,0,0,0,0,1,0,0,1
16400,3,38301,1,130,1,716,1,0,0,0,0,0,1,0,0,1
16400,2,71429,1,130,1,326,1,0,0,0,0,0,1,0,1,0
16400,2,71429,1,130,1,86,1,0,0,0,0,0,1,0,0,0
16400,2,71429,1,130,1,177,1,0,0,0,0,0,1,1,0,0
16400,4,94000,1,130,1,215,1,0,0,0,0,0,1,0,0,0
16400,2,24728,1,130,1,193,1,0,0,0,0,0,0,1,0,0
16490,4,115000,1,130,1,480,1,0,0,0,0,0,1,0,0,1
16490,3,81000,1,130,1,187,1,0,0,0,0,0,1,1,0,0
16490,4,99995,1,130,1,560,1,0,0,0,0,0,1,0,0,1
16499,2,175000,1,130,1,490,1,0,0,0,0,0,1,0,0,1
16500,4,100380,1,130,1,500,1,0,0,0,0,0,1,0,0,1
16500,3,126000,1,180,1,229,0,1,0,0,0,0,1,0,0,0
16500,4,125682,1,130,1,520,1,0,0,0,0,0,1,0,0,1
16500,4,69000,1,130,1,210,1,0,0,0,1,0,0,1,0,0
16500,4,76281,1,130,1,495,1,0,0,0,1,0,0,0,0,1
16599,4,82689,1,130,1,861,1,0,0,0,1,0,0,0,0,1
16599,4,82689,1,130,1,86,1,0,0,0,1,0,0,0,0,0
16599,4,82689,1,130,1,283,1,0,0,0,1,0,0,1,0,0
16599,4,82689,1,130,1,490,1,0,0,0,1,0,0,0,0,1
16599,4,82689,1,130,1,130,1,0,0,0,1,0,0,0,1,0
16599,4,82689,1,130,1,731,1,0,0,0,1,0,0,0,0,1
16599,4,82689,1,130,1,628,1,0,0,0,1,0,0,0,0,1
16599,4,82689,1,130,1,485,1,0,0,0,1,0,0,0,0,1
16599,4,82689,1,130,1,326,1,0,0,0,1,0,0,0,1,0
16599,4,82689,1,130,1,99,1,0,0,0,1,0,0,0,1,0
16599,4,82689,1,130,1,611,1,0,0,0,1,0,0,0,0,1
16599,4,82689,1,130,1,127,1,0,0,0,1,0,0,0,0,0
16599,4,82689,1,130,1,177,1,0,0,0,1,0,0,1,0,0
16600,4,61200,0,130,1,217,0,0,0,0,0,0,0,0,0,0
16800,4,140000,1,130,1,484,1,0,0,0,0,0,1,0,0,1
16800,4,89000,1,130,1,698,1,0,0,0,0,0,1,0,0,1
16900,3,103000,1,130,1,525,1,0,0,0,0,0,1,0,0,1
16900,3,80431,1,130,1,276,1,0,0,0,1,0,0,1,0,0
16900,4,67000,1,180,1,288,0,1,0,0,0,0,1,1,0,0
16900,3,75000,1,130,1,490,1,0,0,0,0,0,1,0,0,1
16900,3,53279,1,130,1,490,0,0,0,0,0,0,1,0,0,1
16900,3,90000,1,130,1,177,1,0,0,0,1,0,0,1,0,0
16900,3,124000,1,130,1,452,1,0,0,0,0,0,1,0,0,1
16950,1,33000,1,145,1,106,0,1,0,0,1,0,0,0,0,0
16970,4,72356,1,130,1,196,0,0,0,0,1,0,0,1,0,0
16990,2,39000,0,130,1,326,0,0,0,0,0,0,1,0,1,0
16990,4,97000,1,130,1,132,1,0,0,0,0,0,1,0,0,0
16990,2,24125,0,130,1,560,0,0,0,0,0,0,1,0,0,1
16998,3,90200,1,130,1,499,1,0,0,0,0,0,1,0,0,1
16999,4,110000,1,130,1,525,1,0,0,0,0,0,1,0,0,1
16999,3,47000,1,130,1,276,0,0,0,0,0,0,1,1,0,0
17000,4,148627,1,130,1,40,1,0,0,0,1,0,0,0,0,0
17100,4,100000,1,130,1,647,1,0,0,0,0,0,1,0,0,1
17200,4,109000,1,130,1,228,1,0,0,0,1,0,0,0,1,0
17290,4,61900,1,180,1,552,0,1,0,0,0,0,1,0,0,1
17400,4,59245,0,130,1,65,0,0,0,0,0,0,0,0,0,0
17482,3,49927,1,130,1,177,0,0,0,0,0,0,1,1,0,0
17482,3,49927,1,130,1,165,0,0,0,0,0,0,1,1,0,0
17482,3,49927,1,130,1,11,0,0,0,0,0,0,1,0,0,0
17482,3,49927,1,130,1,326,0,0,0,0,0,0,1,0,1,0
17482,3,49927,1,130,1,190,0,0,0,0,0,0,1,1,0,0
17482,3,49927,1,130,1,115,0,0,0,0,0,0,1,0,0,0
17482,3,49927,1,130,1,187,0,0,0,0,0,0,1,1,0,0
17490,2,12869,0,130,1,478,0,0,0,0,0,0,1,0,0,1
17499,4,111000,0,130,1,841,1,0,0,0,0,0,1,0,0,1
17499,4,79000,0,130,1,554,1,0,0,0,0,0,1,0,0,1
17499,4,85000,1,131,1,55,1,0,0,0,0,0,1,0,0,0
17500,4,123000,1,130,1,708,1,0,0,0,0,0,1,0,0,1
17500,3,79000,1,130,1,513,1,0,0,0,0,0,1,0,0,1
17500,4,73390,1,130,1,492,1,0,0,0,0,0,1,0,0,1
17500,2,32100,0,130,1,500,0,0,0,0,0,0,1,0,0,1
17500,4,89000,1,130,1,65,1,0,0,0,1,0,0,0,0,0
17500,4,57000,1,130,1,193,0,0,0,0,1,0,0,1,0,0
17500,4,73390,1,130,1,492,1,0,0,0,0,0,1,0,0,1
17552,4,29307,1,130,1,11,0,0,0,0,0,0,1,0,0,0
17552,4,29307,1,130,1,177,0,0,0,0,0,0,1,1,0,0
17552,4,29307,1,130,1,165,0,0,0,0,0,0,1,1,0,0
17552,4,29307,1,130,1,326,0,0,0,0,0,0,1,0,1,0
17552,4,29307,1,130,1,190,0,0,0,0,0,0,1,1,0,0
17552,4,29307,1,130,1,115,0,0,0,0,0,0,1,0,0,0
17552,4,29307,1,130,1,187,0,0,0,0,0,0,1,1,0,0
17590,2,85000,0,130,1,333,0,0,0,0,0,0,1,0,1,0
17600,2,41596,1,130,1,40,0,0,0,0,0,0,1,0,0,0
17600,4,48000,1,130,1,132,1,0,0,0,0,0,1,0,0,0
17799,4,48336,1,130,1,130,1,0,0,0,0,0,1,0,1,0
17799,4,48336,1,130,1,177,1,0,0,0,0,0,1,1,0,0
17799,4,48336,1,130,1,611,1,0,0,0,0,0,1,0,0,1
17799,4,48336,1,130,1,731,1,0,0,0,0,0,1,0,0,1
17799,4,48336,1,130,1,861,1,0,0,0,0,0,1,0,0,1
17799,4,48336,1,130,1,326,1,0,0,0,0,0,1,0,1,0
17799,4,48336,1,130,1,490,1,0,0,0,0,0,1,0,0,1
17799,4,48336,1,130,1,283,1,0,0,0,0,0,1,1,0,0
17799,4,48336,1,130,1,86,1,0,0,0,0,0,1,0,0,0
17799,4,48336,1,130,1,25,1,0,0,0,0,0,1,0,0,0
17799,4,48336,1,130,1,99,1,0,0,0,0,0,1,0,1,0
17799,4,48336,1,130,1,628,1,0,0,0,0,0,1,0,0,1
17800,4,79517,1,130,1,107,1,0,0,0,0,0,1,0,0,0
17800,4,79000,1,130,1,512,1,0,0,0,1,0,0,0,0,1
17800,3,44000,1,130,1,276,1,0,0,0,0,0,1,1,0,0
17890,3,98000,1,130,1,588,1,0,0,0,0,0,1,0,0,1
17900,4,53000,1,130,1,127,1,0,0,0,0,0,1,0,0,0
17900,2,109000,1,130,1,525,1,0,0,0,0,0,1,0,0,1
17900,4,68294,1,130,1,479,1,0,0,0,0,0,1,0,0,1
17900,2,33000,1,130,1,326,0,0,0,0,0,0,1,0,1,0
17900,4,80000,1,130,1,56,1,0,0,0,0,0,1,1,0,0
17900,3,82374,1,130,1,87,1,0,0,0,0,0,1,1,0,0
17900,3,82374,1,130,1,86,1,0,0,0,0,0,1,0,0,0
17900,3,82374,1,130,1,326,1,0,0,0,0,0,1,0,1,0
17900,3,82374,1,130,1,177,1,0,0,0,0,0,1,1,0,0
17900,3,43145,0,130,1,350,0,0,0,0,0,0,1,0,0,1
17900,2,43537,0,130,1,853,0,0,0,0,0,0,1,0,0,1
17900,3,79524,1,130,1,146,1,0,0,0,0,0,1,0,1,0
17900,4,75000,0,130,1,495,1,0,0,0,0,0,0,0,0,1
17990,4,89000,1,130,1,588,1,0,0,0,0,0,1,0,0,1
17990,2,30936,0,130,1,495,0,0,0,0,0,0,1,0,0,1
17990,3,75000,1,130,1,67,1,0,0,0,0,0,1,1,0,0
17990,4,115000,1,130,1,695,1,0,0,0,1,0,0,0,0,1
17990,4,80000,1,130,1,56,1,0,0,0,0,0,1,1,0,0
17999,4,140000,1,130,1,490,1,0,0,0,1,0,0,0,0,1
17999,3,89000,1,225,1,276,0,0,0,0,1,0,0,1,0,0
17999,4,59000,1,131,1,65,1,0,0,0,0,0,1,0,0,0
17999,4,55000,1,131,1,55,1,0,0,0,0,0,1,0,0,0
18000,3,84300,1,130,1,731,1,0,0,0,0,0,1,0,0,1
18190,2,78000,0,130,1,333,0,0,0,0,0,0,1,0,1,0
18190,2,55000,0,130,1,333,0,0,0,0,0,0,1,0,1,0
18400,4,67500,1,130,1,276,1,0,0,0,0,0,1,1,0,0
18400,4,96600,1,130,1,611,1,0,0,0,0,0,1,0,0,1
18400,2,57481,1,130,1,326,0,0,0,0,0,0,1,0,1,0
18400,2,57481,1,130,1,86,0,0,0,0,0,0,1,0,0,0
18400,2,57481,1,130,1,177,0,0,0,0,0,0,1,1,0,0
18400,2,24728,1,130,1,193,1,0,0,0,0,0,0,1,0,0
18490,3,67212,1,130,1,383,1,0,0,0,0,0,1,0,1,0
18490,3,58367,1,130,1,383,1,0,0,0,0,0,1,0,1,0
18490,4,86000,1,130,1,618,1,0,0,0,0,0,1,0,0,1
18500,3,32000,0,130,1,119,0,0,0,0,0,0,1,0,1,0
18500,4,56828,1,130,1,108,1,0,0,0,0,0,1,0,0,0
18500,4,88000,1,130,1,186,1,0,0,0,0,0,1,0,1,0
18500,4,79350,1,130,1,495,1,0,0,0,0,0,1,0,0,1
18500,3,88000,1,130,1,412,1,0,0,0,1,0,0,0,0,1
18500,4,85000,1,130,1,667,1,0,0,0,0,0,1,0,0,1
18500,3,82444,1,130,1,488,1,0,0,0,0,0,1,0,0,1
18500,3,82444,1,130,1,326,1,0,0,0,0,0,1,0,1,0
18500,3,82444,1,130,1,22,1,0,0,0,0,0,1,0,0,0
18500,3,82444,1,130,1,99,1,0,0,0,0,0,1,0,1,0
18500,3,82444,1,130,1,86,1,0,0,0,0,0,1,0,0,0
18500,2,54000,1,130,1,326,1,0,0,0,0,0,0,0,1,0
18600,4,83000,1,130,1,776,1,0,0,0,0,0,1,0,0,1
18700,4,109000,1,130,1,451,1,0,0,0,0,0,1,0,0,1
18800,2,33700,0,130,1,149,0,0,0,0,0,0,1,1,0,0
18800,4,44900,1,130,1,101,1,0,0,0,0,0,1,1,0,0
18800,3,61120,1,130,1,611,1,0,0,0,0,0,1,0,0,1
18900,4,88000,1,130,1,186,1,0,0,0,0,0,1,0,1,0
18900,4,88000,1,130,1,186,1,0,0,0,0,0,1,0,1,0
18900,4,84000,1,130,1,128,1,0,0,0,1,0,0,0,0,0
18900,4,110000,1,130,1,628,1,0,0,0,0,0,1,0,0,1
18900,3,92661,1,130,1,630,1,0,0,0,0,0,1,0,0,1
18900,4,73035,1,180,1,833,0,1,0,0,0,0,1,0,0,1
18900,1,25000,1,145,1,163,0,1,0,0,0,0,1,1,0,0
18900,3,16000,0,130,1,498,0,0,0,0,0,0,1,0,0,1
18900,3,28000,1,131,1,270,1,0,0,0,0,0,1,0,1,0
18900,3,74000,1,130,1,104,1,0,0,0,1,0,0,0,1,0
18900,3,51000,1,130,1,195,1,0,0,0,1,0,0,0,1,0
18900,4,97000,1,130,1,893,1,0,0,0,0,0,1,0,0,1
18950,3,19980,1,130,1,52,0,0,0,0,1,0,0,0,0,0
18986,3,35256,0,130,1,198,0,0,0,0,0,0,1,1,0,0
18990,4,93611,1,131,1,40,1,0,0,0,1,0,0,0,0,0
18990,3,109000,1,130,1,713,1,0,0,0,0,0,1,0,0,1
18990,4,73577,1,130,1,560,1,0,0,0,0,0,1,0,0,1
19000,3,120000,1,130,1,743,1,0,0,0,1,0,0,0,0,1
19200,4,23518,1,130,1,350,0,0,0,0,0,0,1,0,0,1
19278,4,49121,1,130,1,495,1,0,0,0,0,0,1,0,0,1
19278,4,49121,1,130,1,495,1,0,0,0,0,0,1,0,0,1
19470,2,26927,1,130,1,177,0,0,0,0,0,0,1,1,0,0
19500,3,119000,1,130,1,141,1,0,0,0,0,0,1,0,0,0
19500,3,78270,1,130,1,383,1,0,0,0,0,0,1,0,1,0
19500,1,22000,1,145,1,163,0,1,0,0,0,0,1,1,0,0
19500,3,27000,1,130,1,233,1,0,0,0,1,0,0,1,0,0
19690,1,34651,1,131,1,40,1,0,0,0,1,0,0,0,0,0
19690,1,34651,1,131,1,180,1,0,0,0,1,0,0,1,0,0
19800,4,57510,1,130,1,698,1,0,0,0,0,0,1,0,0,1
19800,4,33234,1,130,1,611,1,0,0,0,0,0,1,0,0,1
19850,4,108394,1,130,1,326,1,0,0,0,1,0,0,0,1,0
19850,4,108394,1,130,1,22,1,0,0,0,1,0,0,0,0,0
19850,4,108394,1,130,1,86,1,0,0,0,1,0,0,0,0,0
19850,4,108394,1,130,1,488,1,0,0,0,1,0,0,0,0,1
19850,4,108394,1,130,1,99,1,0,0,0,1,0,0,0,1,0
19900,4,114000,0,130,1,754,1,0,0,0,0,0,1,0,0,1
19900,3,31800,1,130,1,490,1,0,0,0,0,0,1,0,0,1
19900,2,6,0,130,1,479,0,0,0,1,0,0,0,0,0,1
19900,3,72000,1,130,1,86,1,0,0,0,0,0,1,0,0,0
19900,3,72000,1,130,1,326,1,0,0,0,0,0,1,0,1,0
19900,3,72000,1,130,1,177,1,0,0,0,0,0,1,1,0,0
19900,1,25700,1,145,1,112,0,1,0,0,1,0,0,0,0,0
19900,3,39400,1,130,1,807,1,0,0,0,0,0,1,0,0,1
19900,1,23465,1,145,1,468,0,1,0,0,0,0,1,0,0,1
19900,4,51000,1,180,1,857,0,1,0,0,0,0,1,0,0,1
19900,3,72000,1,130,1,87,1,0,0,0,0,0,1,1,0,0
19900,2,33028,1,130,1,83,1,0,0,0,0,0,1,0,1,0
19900,1,1,0,130,1,478,0,0,0,0,0,0,1,0,0,1
19950,2,41863,1,130,1,500,1,0,0,0,1,0,0,0,0,1
19990,3,80000,1,130,1,495,1,0,0,0,0,0,1,0,0,1
19990,3,78900,1,130,1,128,1,0,0,0,0,0,1,0,0,0
19990,3,18000,1,180,1,757,0,1,0,0,1,0,0,0,0,1
19990,2,65100,1,130,1,141,1,0,0,0,0,0,1,0,0,0
19990,4,40900,1,130,1,618,1,0,0,0,0,0,1,0,0,1
19990,2,43000,1,130,1,566,1,0,0,0,0,0,1,0,0,1
19999,4,35000,1,180,1,326,0,1,0,0,1,0,0,0,1,0
19999,4,85000,1,131,1,55,1,0,0,0,0,0,1,0,0,0
20290,4,68000,1,180,1,156,0,1,0,0,0,0,1,0,0,0
20423,4,40567,1,180,1,115,0,1,0,0,0,0,1,0,0,0
20423,4,40986,1,180,1,115,0,1,0,0,0,0,1,0,0,0
20500,2,58500,1,130,1,495,1,0,0,0,0,0,1,0,0,1
20601,1,24112,1,136,1,190,0,1,0,0,1,0,0,1,0,0
20601,1,24112,1,136,1,165,0,1,0,0,1,0,0,1,0,0
20601,1,24112,1,136,1,11,0,1,0,0,1,0,0,0,0,0
20601,1,24112,1,136,1,326,0,1,0,0,1,0,0,0,1,0
20601,1,24112,1,136,1,177,0,1,0,0,1,0,0,1,0,0
20601,1,24112,1,136,1,187,0,1,0,0,1,0,0,1,0,0
20601,1,24112,1,136,1,115,0,1,0,0,1,0,0,0,0,0
20700,3,56200,1,130,1,217,1,0,0,0,1,0,0,0,0,0
20900,3,64485,1,130,1,659,1,0,0,0,0,0,1,0,0,1
20900,1,21500,1,145,1,124,0,1,0,0,1,0,0,0,0,0
20900,2,14500,1,130,1,101,0,0,0,0,1,0,0,1,0,0
20900,1,19000,1,130,1,163,1,0,0,0,0,0,1,1,0,0
20900,2,48039,1,130,1,745,0,0,0,0,1,0,0,0,0,1
20900,2,23400,1,130,1,177,1,0,0,0,0,0,1,1,0,0
20900,3,70686,1,130,1,223,1,0,0,0,0,0,1,0,1,0
20900,4,83453,1,130,1,479,1,0,0,0,1,0,0,0,0,1
20900,3,20000,1,130,1,287,0,0,0,0,1,0,0,1,0,0
20900,4,89900,1,130,1,628,1,0,0,0,0,0,1,0,0,1
20900,3,29906,1,130,1,350,0,0,0,0,1,0,0,0,0,1
20900,2,22200,0,130,1,383,0,0,0,0,0,0,1,0,1,0
20900,3,74500,1,130,1,150,1,0,0,0,0,0,1,0,1,0
20999,3,6222,1,130,1,514,1,0,0,0,1,0,0,0,0,1
21000,4,72697,1,130,1,242,1,0,0,0,0,0,1,1,0,0
21000,2,50742,1,180,1,355,0,1,0,0,1,0,0,0,0,1
21490,4,89000,1,180,1,162,0,1,0,0,1,0,0,1,0,0
21500,1,7369,1,145,1,186,0,1,0,0,1,0,0,1,0,0
21500,1,9350,1,145,1,186,0,1,0,0,1,0,0,1,0,0
21600,4,66000,1,130,1,667,1,0,0,0,1,0,0,0,0,1
21800,2,27630,1,130,1,638,1,0,0,0,0,0,1,0,0,1
21800,1,26309,1,180,1,177,0,1,0,0,1,0,0,1,0,0
21900,2,79574,1,130,1,326,1,0,0,0,1,0,0,0,1,0
21900,3,25670,1,130,1,807,0,0,0,0,1,0,0,0,0,1
21900,1,17750,1,145,1,127,0,0,0,0,0,0,1,0,0,0
21956,1,22891,1,136,1,11,0,1,0,0,1,0,0,0,0,0
21956,1,22891,1,136,1,326,0,1,0,0,1,0,0,0,1,0
21956,1,22891,1,136,1,177,0,1,0,0,1,0,0,1,0,0
21956,1,22891,1,136,1,165,0,1,0,0,1,0,0,1,0,0
21956,1,22891,1,136,1,115,0,1,0,0,1,0,0,0,0,0
21956,1,22891,1,136,1,187,0,1,0,0,1,0,0,1,0,0
21986,1,11402,1,145,1,198,0,1,0,0,1,0,0,1,0,0
21999,4,53000,1,131,1,55,1,0,0,0,0,0,1,0,0,0
21999,4,92000,1,131,1,55,1,0,0,0,0,0,1,0,0,0
22200,3,27358,1,130,1,106,1,0,0,0,1,0,0,0,0,0
22202,1,8597,1,130,1,672,1,0,0,0,1,0,0,0,0,1
22300,3,60410,1,130,1,232,1,0,0,0,1,0,0,0,1,0
22300,1,19141,1,136,1,173,0,1,0,0,1,0,0,0,0,0
22300,1,19141,1,136,1,186,0,1,0,0,1,0,0,0,0,0
22300,1,19141,1,136,1,186,0,1,0,0,1,0,0,0,0,0
22400,2,40582,1,130,1,745,1,0,0,0,1,0,0,0,0,1
22451,1,16189,1,145,1,177,0,1,0,0,1,0,0,1,0,0
22466,2,29520,1,130,1,190,1,0,0,0,1,0,0,1,0,0
22466,2,29520,1,130,1,115,1,0,0,0,1,0,0,0,0,0
22500,1,23335,1,145,1,40,0,1,0,0,0,0,1,0,0,0
22500,3,55557,1,130,1,286,1,0,0,0,0,0,1,1,0,0
22600,4,14265,1,130,1,775,1,0,0,0,0,0,1,0,0,1
22800,1,29171,1,130,1,882,1,0,0,0,0,0,1,0,0,1
22890,3,49000,1,130,1,177,1,0,0,0,0,0,1,1,0,0
22900,3,36300,1,130,1,262,1,0,0,0,0,0,1,1,0,0
22900,2,33600,1,130,1,217,1,0,0,0,1,0,0,0,0,0
22900,3,24126,1,130,1,350,1,0,0,0,1,0,0,0,0,1
22900,1,28900,1,145,1,235,0,1,0,0,1,0,0,0,0,0
22950,3,25103,1,130,1,87,1,0,0,0,0,0,1,0,1,0
22990,2,30000,1,130,1,842,1,0,0,0,1,0,0,0,0,1
22990,2,30000,1,130,1,872,1,0,0,0,1,0,0,0,0,1
22990,2,51240,1,180,1,177,0,1,0,0,1,0,0,1,0,0
23072,1,8597,1,130,1,190,1,0,0,0,1,0,0,1,0,0
23072,1,8597,1,130,1,165,1,0,0,0,1,0,0,1,0,0
23072,1,8597,1,130,1,326,1,0,0,0,1,0,0,0,1,0
23072,1,8597,1,130,1,11,1,0,0,0,1,0,0,0,0,0
23072,1,8597,1,130,1,177,1,0,0,0,1,0,0,1,0,0
23072,1,8597,1,130,1,187,1,0,0,0,1,0,0,1,0,0
23072,1,8597,1,130,1,115,1,0,0,0,1,0,0,0,0,0
23500,2,29900,1,130,1,186,1,0,0,0,1,0,0,1,0,0
23800,1,20684,1,130,1,182,1,0,0,0,0,0,1,0,0,0
23850,1,31214,1,130,1,105,1,0,0,0,0,0,1,0,1,0
23900,2,3500,1,130,1,276,0,0,0,0,1,0,0,1,0,0
23900,2,54000,1,130,1,228,1,0,0,0,1,0,0,0,1,0
23900,2,28461,1,130,1,239,1,0,0,0,0,0,1,0,0,0
23900,1,19500,1,145,1,217,0,1,0,0,1,0,0,0,0,0
23900,1,27900,1,130,1,235,1,0,0,0,1,0,0,0,0,0
23900,1,21000,1,145,1,140,0,1,0,0,1,0,0,0,0,0
23900,1,22100,1,145,1,217,0,1,0,0,1,0,0,0,0,0
23900,1,19500,1,145,1,217,0,1,0,0,1,0,0,0,0,0
23900,1,17000,1,145,1,140,0,1,0,0,1,0,0,0,0,0
23900,1,1,1,130,1,478,1,0,0,0,0,0,1,0,0,1
23999,2,26997,1,180,1,485,0,1,0,0,1,0,0,0,0,1
23999,2,26997,1,180,1,127,0,1,0,0,1,0,0,0,0,0
23999,2,26997,1,180,1,490,0,1,0,0,1,0,0,0,0,1
23999,2,26997,1,180,1,326,0,1,0,0,1,0,0,0,1,0
23999,2,26997,1,180,1,611,0,1,0,0,1,0,0,0,0,1
23999,2,26997,1,180,1,177,0,1,0,0,1,0,0,1,0,0
24500,4,24700,1,180,1,177,0,1,0,0,1,0,0,1,0,0
24800,1,18259,1,136,1,173,0,1,0,0,1,0,0,1,0,0
24800,1,26190,1,136,1,173,0,1,0,0,1,0,0,1,0,0
24850,2,205,1,130,1,86,1,0,0,0,1,0,0,0,0,0
24850,2,205,1,130,1,22,1,0,0,0,1,0,0,0,0,0
24850,2,205,1,130,1,326,1,0,0,0,1,0,0,0,1,0
24850,2,205,1,130,1,99,1,0,0,0,1,0,0,0,1,0
24850,2,205,1,130,1,488,1,0,0,0,1,0,0,0,0,1
24900,3,27000,1,130,1,355,1,0,0,0,1,0,0,0,0,1
24900,2,32760,1,130,1,198,1,0,0,0,0,0,1,1,0,0
24900,1,31676,1,145,1,500,0,1,0,0,1,0,0,0,0,1
24900,1,9665,1,136,1,350,0,1,0,0,0,0,1,0,0,1
24900,1,26400,1,136,1,283,0,1,0,0,1,0,0,1,0,0
25900,1,15500,1,145,1,154,0,1,0,0,1,0,0,1,0,0
25900,1,6,1,145,1,747,0,1,0,0,0,0,1,0,0,1
25900,2,18506,1,180,1,187,0,1,0,0,0,0,1,1,0,0
25900,2,6,1,130,1,479,1,0,0,0,0,0,1,0,0,1
25900,2,6,1,130,1,479,1,0,0,0,0,0,1,0,0,1
26000,1,25438,1,130,1,182,1,0,0,0,0,0,1,0,0,0
26000,1,6,1,130,1,105,0,0,0,1,1,0,0,0,1,0
26500,1,10521,1,145,1,87,0,1,0,0,1,0,0,0,1,0
26500,1,7000,1,145,1,807,0,1,0,0,1,0,0,0,0,1
26600,3,32600,1,130,1,60,1,0,0,0,1,0,0,0,0,0
27000,2,19284,1,130,1,724,1,0,0,0,1,0,0,0,0,1
27250,0,6,1,130,1,651,1,0,0,0,0,0,0,0,0,1
27800,1,3632,1,145,1,750,0,1,0,0,1,0,0,0,0,1
27900,1,6,1,145,1,747,0,1,0,0,0,0,1,0,0,1
27900,1,0,1,130,1,841,1,0,0,0,0,0,1,0,0,1
28400,1,10,1,130,1,146,1,0,0,0,0,0,1,0,0,0
28500,4,70,0,130,1,225,1,0,0,0,0,0,1,1,0,0
28900,0,6,1,156,1,476,0,0,0,0,1,0,0,0,0,1
28990,0,3927,1,130,1,101,1,0,0,0,1,0,0,0,0,0
29480,1,0,1,145,1,146,0,1,0,0,1,0,0,0,1,0
29480,1,0,1,145,1,146,0,1,0,0,1,0,0,0,1,0
29480,1,0,1,145,1,92,0,1,0,0,1,0,0,0,1,0
29480,1,0,1,145,1,92,0,1,0,0,1,0,0,0,1,0
29480,1,0,1,145,1,92,0,1,0,0,1,0,0,0,1,0
29480,1,0,1,145,1,146,0,1,0,0,1,0,0,0,1,0
29640,1,0,1,145,1,200,0,1,0,0,0,0,1,0,1,0
29800,1,6,1,130,1,750,1,0,0,0,1,0,0,0,0,1
29900,0,0,1,130,1,223,1,0,0,0,1,0,0,0,1,0
29900,1,6,1,130,1,747,1,0,0,0,0,0,1,0,0,1
29900,1,6,1,180,1,476,0,1,0,0,1,0,0,0,0,1
29900,2,6,1,130,1,201,0,0,0,1,1,0,0,1,0,0
29900,1,1458,1,130,1,101,1,0,0,0,1,0,0,0,0,0
29970,1,0,1,130,1,200,1,0,0,0,0,0,1,0,1,0
13900,4,109822,1,130,1,598,1,0,0,0,0,0,1,0,0,1
16200,4,60122,0,130,1,326,0,0,0,0,0,0,1,0,1,0
19950,2,45000,1,130,0,278,1,0,0,0,0,0,1,1,0,0
16990,2,24125,0,130,1,581,0,0,0,0,0,0,1,0,0,1
13990,3,150000,0,130,1,713,1,0,0,0,0,0,1,0,0,1
18900,4,45444,0,130,1,505,0,0,0,0,0,0,1,0,0,1
14850,4,51695,0,130,1,177,0,0,0,0,0,0,0,1,0,0
17800,3,44000,1,130,1,276,1,0,0,0,0,0,1,1,0,0
26000,1,0,1,130,1,105,0,0,0,0,1,0,0,0,1,0
14500,4,147000,1,130,0,298,1,0,0,0,1,0,0,1,0,0
14900,4,60191,0,130,1,276,0,0,0,0,0,0,0,1,0,0
14590,2,70000,0,130,1,326,0,0,0,0,0,0,1,0,1,0
18490,4,86000,1,130,1,618,1,0,0,0,0,0,1,0,0,1
19990,4,40900,1,130,1,618,1,0,0,0,0,0,1,0,0,1
14490,4,63723,0,130,1,162,0,0,0,0,0,0,0,1,0,0
22600,4,14265,1,130,1,775,1,0,0,0,0,0,1,0,0,1
17900,4,75000,0,130,1,501,1,0,0,0,0,0,0,0,0,1
15900,4,99000,1,130,1,542,1,0,0,0,0,0,1,0,0,1
16100,4,89763,1,130,1,276,1,0,0,0,0,0,1,1,0,0
22900,1,42000,1,130,1,200,1,0,0,0,1,0,0,0,1,0
22900,1,28900,1,145,1,235,0,1,0,0,1,0,0,0,0,0
17900,2,109000,1,130,1,525,1,0,0,0,0,0,1,0,0,1
22040,1,17972,1,145,1,129,0,1,0,0,0,0,1,0,0,0
15500,3,80431,1,130,1,233,1,0,0,0,1,0,0,1,0,0
16900,3,39900,1,130,1,731,0,0,0,0,0,0,1,0,0,1
17482,3,49927,1,130,1,187,0,0,0,0,0,0,1,1,0,0
17900,3,27025,1,130,1,326,0,0,0,0,0,0,1,0,1,0
15490,4,103214,0,130,1,568,1,0,0,0,0,0,1,0,0,1
20700,3,56200,1,130,1,217,1,0,0,0,1,0,0,0,0,0
17500,4,73390,1,130,1,492,1,0,0,0,0,0,1,0,0,1
15950,4,72459,1,130,1,236,1,0,0,0,0,0,1,0,0,0
18300,2,12077,0,150,1,326,0,0,0,0,0,0,1,0,1,0
18300,2,14778,0,130,1,326,0,0,0,0,0,0,1,0,1,0
18300,2,13829,0,130,1,326,0,0,0,0,0,0,1,0,1,0
18300,2,13735,0,130,1,326,0,0,0,0,0,0,1,0,1,0
20601,1,24112,1,136,1,326,0,1,0,0,1,0,0,0,1,0
15990,3,133000,1,130,1,713,1,0,0,0,0,0,1,0,0,1
18990,4,73577,1,130,1,560,1,0,0,0,0,0,1,0,0,1
15500,4,165000,1,130,1,487,1,0,0,0,0,0,1,0,0,1
17500,4,89000,1,130,1,65,1,0,0,0,1,0,0,0,0,0
16500,4,76281,1,130,1,495,1,0,0,0,1,0,0,0,0,1
17482,3,49927,1,130,1,165,0,0,0,0,0,0,1,1,0,0
21500,4,69471,1,130,1,40,0,0,0,0,1,0,0,0,0,0
12500,4,159000,1,130,1,226,1,0,0,0,0,0,1,0,0,0
24900,2,32760,1,130,1,196,1,0,0,0,0,0,1,1,0,0
17900,3,79524,1,130,1,146,1,0,0,0,0,0,1,0,1,0
14900,3,99900,1,130,1,83,1,0,0,0,0,0,1,0,1,0
19900,2,24500,1,130,1,177,1,0,0,0,0,0,1,1,0,0
13999,2,129889,0,130,1,16,0,0,0,0,0,0,0,0,0,0
20000,4,37424,1,130,0,43,1,0,0,0,1,0,0,0,0,0
16970,4,72356,1,130,1,196,0,0,0,0,1,0,0,1,0,0
17552,4,29307,1,130,1,165,0,0,0,0,0,0,1,1,0,0
17990,4,80000,1,130,1,480,1,0,0,0,1,0,0,0,0,1
22950,3,25103,1,130,1,87,1,0,0,0,0,0,1,0,1,0
16990,2,33963,1,130,1,116,0,0,0,0,0,0,1,1,0,0
20900,2,48039,1,130,1,745,0,0,0,0,1,0,0,0,0,1
24900,1,31676,1,145,1,500,0,1,0,0,1,0,0,0,0,1
15999,4,65461,1,130,1,99,1,0,0,0,0,0,1,0,1,0
18500,4,85000,1,130,1,667,1,0,0,0,0,0,1,0,0,1
22900,1,24123,1,145,1,276,0,0,0,0,1,0,0,1,0,0
17500,4,123000,1,130,1,708,1,0,0,0,0,0,1,0,0,1
10900,4,76814,0,130,1,348,0,0,0,0,0,0,0,0,1,0
23072,1,8597,1,130,1,165,1,0,0,0,1,0,0,1,0,0
23900,2,3570,1,180,1,495,0,1,0,0,1,0,0,0,0,1
14490,4,67237,0,130,1,177,0,0,0,0,0,0,0,1,0,0
14850,4,60361,0,130,1,326,0,0,0,0,0,0,0,0,1,0
14950,4,50680,0,130,1,326,0,0,0,0,0,0,0,0,1,0
14400,4,60474,0,130,1,495,0,0,0,0,0,0,0,0,0,1
24500,1,7000,1,145,0,861,0,1,0,0,0,0,1,0,0,1
12800,4,148000,1,130,1,683,1,0,0,0,0,0,1,0,0,1
21900,3,25670,1,130,1,807,0,0,0,0,1,0,0,0,0,1
13999,3,88000,0,130,1,495,1,0,0,0,0,0,1,0,0,1
29800,1,0,1,130,1,750,1,0,0,0,1,0,0,0,0,1
27000,2,19284,1,130,1,724,1,0,0,0,1,0,0,0,0,1
19900,4,51000,1,180,1,911,0,1,0,0,0,0,1,0,0,1
18490,3,67212,1,130,1,383,1,0,0,0,0,0,1,0,1,0
16900,3,39900,1,130,1,819,0,0,0,0,0,0,1,0,0,1
23500,3,44000,1,130,1,824,1,0,0,0,0,0,1,0,0,1
11000,0,90000,0,130,1,610,1,0,0,0,0,0,0,0,0,1
7500,1,3000,1,136,1,483,0,1,0,0,1,0,0,0,0,1
21800,2,41211,1,130,1,177,1,0,0,0,1,0,0,1,0,0
14900,4,59008,0,130,1,276,0,0,0,0,0,0,0,1,0,0
20423,4,40986,1,136,1,115,0,1,0,0,0,0,1,0,0,0
27900,0,0,1,130,1,683,1,0,0,0,0,0,1,0,0,1
15900,3,108730,1,130,1,448,1,0,0,0,0,0,1,0,0,1
19900,1,25700,1,145,1,112,0,1,0,0,1,0,0,0,0,0
15490,3,101285,1,130,1,177,0,0,0,0,0,0,1,1,0,0
16500,4,69000,1,130,1,210,1,0,0,0,1,0,0,1,0,0
20601,1,24112,1,136,1,165,0,1,0,0,1,0,0,1,0,0
14900,4,59700,1,130,1,131,0,0,0,0,0,0,0,0,0,0
14900,4,54523,0,130,1,276,0,0,0,0,0,0,0,1,0,0
15600,3,84404,1,130,1,64,1,0,0,0,0,0,1,1,0,0
16900,3,124000,1,130,1,452,1,0,0,0,0,0,1,0,0,1
22466,2,29520,1,130,1,115,1,0,0,0,1,0,0,0,0,0
20490,4,64157,1,130,1,502,1,0,0,0,0,0,1,0,0,1
16400,2,24728,1,130,1,193,1,0,0,0,0,0,0,1,0,0
19900,3,40805,1,130,1,538,1,0,0,0,0,0,1,0,0,1
28150,0,0,1,130,1,223,1,0,0,0,1,0,0,0,1,0
17482,3,49927,1,130,1,190,0,0,0,0,0,0,1,1,0,0
17999,4,55000,1,131,1,55,1,0,0,0,0,0,1,0,0,0
17800,4,79517,1,130,1,103,1,0,0,0,0,0,1,0,0,0
20750,1,29612,1,136,1,144,0,1,0,0,1,0,0,1,0,0
19850,4,108394,1,130,1,99,1,0,0,0,1,0,0,0,1,0
19850,4,108394,1,130,1,488,1,0,0,0,1,0,0,0,0,1
16900,3,80431,1,130,1,276,1,0,0,0,1,0,0,1,0,0
19850,4,108394,1,130,1,86,1,0,0,0,1,0,0,0,0,0
19850,4,108394,1,130,1,326,1,0,0,0,1,0,0,0,1,0
12999,3,97000,1,130,1,83,1,0,0,0,0,0,1,0,1,0
16900,3,103000,1,130,1,525,1,0,0,0,0,0,1,0,0,1
15490,3,119000,1,130,1,713,1,0,0,0,0,0,1,0,0,1
16200,4,136930,0,130,1,476,1,0,0,0,0,0,0,0,0,1
16999,3,47000,1,130,1,285,0,0,0,0,0,0,1,1,0,0
21500,1,21280,1,145,1,116,0,1,0,0,0,0,1,1,0,0
16900,3,90000,1,130,1,177,1,0,0,0,1,0,0,1,0,0
15900,4,38938,0,130,1,276,0,0,0,0,0,0,0,1,0,0
26100,0,0,1,145,1,177,0,1,0,0,0,0,0,1,0,0
17550,3,24680,1,136,1,56,0,0,0,0,0,0,0,1,0,0
16980,2,39800,0,131,1,381,0,0,0,0,0,0,1,0,1,0
16800,4,139000,1,130,1,695,1,0,0,0,0,0,1,0,0,1
14900,4,54310,0,130,1,276,0,0,0,0,0,0,0,1,0,0
20999,3,6222,1,130,1,514,1,0,0,0,1,0,0,0,0,1
11900,3,95771,0,130,1,463,0,0,0,0,0,0,0,0,0,1
17552,4,29307,1,130,1,115,0,0,0,0,0,0,1,0,0,0
15500,2,61000,0,130,1,177,0,0,0,0,0,0,1,1,0,0
9900,4,85661,0,130,1,288,1,0,0,0,0,0,1,1,0,0
20900,2,22200,0,130,1,383,0,0,0,0,0,0,1,0,1,0
21500,2,43129,1,130,1,177,1,0,0,0,1,0,0,1,0,0
19800,3,51142,1,130,1,177,0,0,0,0,0,0,1,1,0,0
22750,1,7486,1,136,1,326,0,0,0,0,1,0,0,0,1,0
17990,2,30936,0,130,1,478,0,0,0,0,0,0,1,0,0,1
20900,3,20000,1,130,1,287,0,0,0,0,1,0,0,1,0,0
15490,3,96710,1,130,1,878,1,0,0,0,0,0,1,0,0,1
22990,2,30000,1,130,1,842,1,0,0,0,1,0,0,0,0,1
21000,2,50742,1,180,1,355,0,1,0,0,1,0,0,0,0,1
18400,4,84012,1,130,1,25,1,0,0,0,1,0,0,0,0,0
25900,1,0,1,145,1,747,0,0,0,0,0,0,1,0,0,1
20423,4,40567,1,136,1,115,0,1,0,0,0,0,1,0,0,0
17500,2,32100,0,130,1,500,0,0,0,0,0,0,1,0,0,1
17300,2,37184,1,130,1,65,0,0,0,0,0,0,1,0,0,0
14900,4,71651,0,130,1,276,0,0,0,0,0,0,0,1,0,0
21900,2,79574,1,130,1,326,1,0,0,0,1,0,0,0,1,0
14400,4,63494,0,130,1,495,0,0,0,0,0,0,0,0,0,1
21900,1,19163,1,130,1,495,1,0,0,0,1,0,0,0,0,1
18490,3,58367,1,130,1,383,1,0,0,0,0,0,1,0,1,0
14900,4,66271,0,130,1,276,0,0,0,0,0,0,0,1,0,0
16600,4,60139,1,130,1,326,1,0,0,0,0,0,1,0,1,0
13900,3,57212,0,110,1,58,0,0,0,0,0,0,0,0,0,0
20700,4,84234,1,130,1,764,1,0,0,0,1,0,0,0,0,1
14990,3,156000,1,130,1,292,1,0,0,0,0,0,1,1,0,0
17552,4,29307,1,130,1,187,0,0,0,0,0,0,1,1,0,0
14400,4,53591,0,130,1,495,0,0,0,0,0,0,0,0,0,1
17300,4,78960,1,130,1,177,1,0,0,0,0,0,1,1,0,0
15900,4,170000,1,130,1,842,1,0,0,0,1,0,0,0,0,1
18600,4,83000,1,130,1,776,1,0,0,0,0,0,1,0,0,1
21600,4,66000,1,130,1,667,1,0,0,0,1,0,0,0,0,1
7500,1,13000,1,180,1,483,0,1,0,0,1,0,0,0,0,1
14400,4,56787,0,130,1,495,0,0,0,0,0,0,0,0,0,1
15900,4,108549,1,130,1,878,1,0,0,0,0,0,1,0,0,1
16900,3,39900,1,130,1,819,0,0,0,0,0,0,1,0,0,1
24500,4,24700,1,180,1,177,0,1,0,0,1,0,0,1,0,0
26829,1,0,1,130,1,115,1,0,0,0,0,0,1,0,0,0
20750,1,21738,1,136,1,144,0,1,0,0,1,0,0,1,0,0
17200,4,109000,1,130,1,228,1,0,0,0,1,0,0,0,1,0
21500,1,9350,1,145,1,201,0,1,0,0,1,0,0,1,0,0
15800,4,99900,1,130,1,622,1,0,0,0,0,0,1,0,0,1
14999,4,108000,0,130,1,525,1,0,0,0,0,0,1,0,0,1
22900,2,33600,1,130,1,217,1,0,0,0,1,0,0,0,0,0
21956,1,22891,1,136,1,165,0,1,0,0,1,0,0,1,0,0
21800,2,27630,1,130,1,638,1,0,0,0,0,0,1,0,0,1
15500,3,80431,1,130,1,276,1,0,0,0,1,0,0,1,0,0
14900,2,149000,1,130,1,288,1,0,0,0,0,0,1,1,0,0
23072,1,8597,1,130,1,115,1,0,0,0,1,0,0,0,0,0
19900,4,79317,1,130,1,750,1,0,0,0,0,0,1,0,0,1
23900,4,139000,1,130,1,754,1,0,0,0,0,0,1,0,0,1
19000,3,120000,1,130,1,743,1,0,0,0,1,0,0,0,0,1
18190,2,78000,0,130,1,333,0,0,0,0,0,0,1,0,1,0
17590,2,85000,0,130,1,333,0,0,0,0,0,0,1,0,1,0
19800,4,33234,1,130,1,611,1,0,0,0,0,0,1,0,0,1
16600,2,41596,1,130,1,16,0,0,0,0,0,0,1,0,0,0
20900,4,89900,1,130,1,628,1,0,0,0,0,0,1,0,0,1
20601,1,24112,1,136,1,187,0,1,0,0,1,0,0,1,0,0
20601,1,24112,1,136,1,11,0,1,0,0,1,0,0,0,0,0
20601,1,24112,1,136,1,115,0,1,0,0,1,0,0,0,0,0
20601,1,24112,1,136,1,190,0,1,0,0,1,0,0,1,0,0
18500,3,82444,1,130,1,99,1,0,0,0,0,0,1,0,1,0
18500,3,82444,1,130,1,488,1,0,0,0,0,0,1,0,0,1
18500,3,82444,1,130,1,22,1,0,0,0,0,0,1,0,0,0
18500,3,82444,1,130,1,326,1,0,0,0,0,0,1,0,1,0
18500,3,82444,1,130,1,86,1,0,0,0,0,0,1,0,0,0
18900,3,28000,1,131,1,270,1,0,0,0,0,0,1,0,1,0
14989,4,164000,1,130,1,843,1,0,0,0,0,0,1,0,0,1
12900,4,161000,0,130,1,257,1,0,0,0,0,0,1,0,1,0
17890,3,98000,1,130,1,588,1,0,0,0,0,0,1,0,0,1
14999,4,110000,1,130,1,525,1,0,0,0,0,0,1,0,0,1
14900,4,120033,0,130,1,345,1,0,0,0,0,0,1,0,0,1
16999,4,110000,1,130,1,525,1,0,0,0,0,0,1,0,0,1
23072,1,8597,1,130,1,187,1,0,0,0,1,0,0,1,0,0
17300,2,33197,1,130,1,65,0,0,0,0,0,0,1,0,0,0
17482,3,49927,1,130,1,115,0,0,0,0,0,0,1,0,0,0
20500,2,58500,1,130,1,495,1,0,0,0,0,0,1,0,0,1
19278,4,49121,1,130,1,495,1,0,0,0,0,0,1,0,0,1
18190,2,55000,0,130,1,333,0,0,0,0,0,0,1,0,1,0
26829,1,0,1,130,1,187,1,0,0,0,0,0,1,1,0,0
28900,0,0,1,156,1,476,0,0,0,0,1,0,0,0,0,1
17800,2,50000,0,130,1,333,0,0,0,0,0,0,1,0,1,0
16990,2,32100,0,130,1,412,0,0,0,0,0,0,1,0,0,1
14990,4,107400,1,130,1,486,1,0,0,0,0,0,1,0,0,1
21450,4,80000,1,225,1,276,0,1,0,0,1,0,0,1,0,0
12500,4,106000,1,130,1,512,1,0,0,0,0,0,1,0,0,1
19900,4,114000,0,130,1,754,1,0,0,0,0,0,1,0,0,1
26500,1,7000,1,145,1,807,0,1,0,0,1,0,0,0,0,1
19900,3,39400,1,130,1,807,1,0,0,0,0,0,1,0,0,1
18500,3,88000,1,130,1,412,1,0,0,0,1,0,0,0,0,1
21956,1,22891,1,136,1,187,0,1,0,0,1,0,0,1,0,0
22690,4,59070,1,180,1,279,0,1,0,0,1,0,0,1,0,0
19900,4,51000,1,180,1,914,0,1,0,0,0,0,1,0,0,1
18800,3,61120,1,130,1,611,1,0,0,0,0,0,1,0,0,1
18900,4,75708,1,130,1,40,1,0,0,0,1,0,0,0,0,0
19250,4,63861,0,130,1,377,1,0,0,0,0,0,1,0,0,1
19500,3,43000,0,130,0,250,0,0,0,0,0,0,1,0,1,0
26829,1,0,1,130,1,165,1,0,0,0,0,0,1,1,0,0
21500,1,23335,1,145,1,40,0,1,0,0,0,0,1,0,0,0
21800,1,26309,1,180,1,177,0,1,0,0,1,0,0,1,0,0
19999,4,35000,1,180,1,326,0,1,0,0,1,0,0,0,1,0
21956,1,22891,1,136,1,115,0,1,0,0,1,0,0,0,0,0
19900,4,51000,1,180,1,861,0,1,0,0,0,0,1,0,0,1
27800,1,3632,1,145,1,750,0,1,0,0,1,0,0,0,0,1
17900,4,24900,0,130,1,883,0,0,0,0,0,0,1,0,0,1
16100,3,108061,1,130,1,276,1,0,0,0,0,0,1,1,0,0
29900,1,0,1,180,1,476,0,1,0,0,1,0,0,0,0,1
14890,4,51754,0,130,1,183,0,0,0,0,0,0,0,1,0,0
16280,4,98000,1,130,1,298,1,0,0,0,0,0,1,0,0,1
17950,4,53000,1,130,1,200,1,0,0,0,1,0,0,0,1,0
14950,2,12683,0,130,1,276,0,0,0,0,0,0,1,1,0,0
15500,3,99245,0,130,1,463,1,0,0,0,0,0,0,0,0,1
15900,4,103500,1,130,1,40,1,0,0,0,0,0,1,0,0,0
16800,2,13829,0,130,1,326,0,0,0,0,0,0,1,0,1,0
25000,4,96000,1,130,0,702,1,0,0,0,1,0,0,0,0,1
19950,2,41863,1,130,1,500,1,0,0,0,1,0,0,0,0,1
27900,1,0,1,145,1,747,0,0,0,0,0,0,1,0,0,1
18990,3,109000,1,130,1,713,1,0,0,0,0,0,1,0,0,1
14290,4,111608,0,130,1,102,1,0,0,0,0,0,1,0,0,0
13990,4,179990,1,130,1,858,1,0,0,0,0,0,1,0,0,1
14490,4,56936,0,130,1,177,0,0,0,0,0,0,0,1,0,0
13950,2,16070,0,130,1,276,0,0,0,0,0,0,1,1,0,0
11999,3,97000,1,130,1,83,1,0,0,0,0,0,1,0,1,0
23850,1,31214,1,130,1,105,1,0,0,0,0,0,1,0,1,0
13990,4,160000,0,130,1,477,1,0,0,0,0,0,0,0,0,1
20500,3,54166,1,130,1,611,1,0,0,0,0,0,1,0,0,1
24900,1,26400,1,136,1,276,0,1,0,0,1,0,0,1,0,0
14490,4,63082,0,130,1,162,0,0,0,0,0,0,0,1,0,0
14900,4,57880,0,130,1,276,0,0,0,0,0,0,0,1,0,0
23900,2,3500,1,130,1,276,0,0,0,0,1,0,0,1,0,0
14850,4,56433,0,130,1,177,0,0,0,0,0,0,0,1,0,0
16300,3,71000,1,130,1,177,1,0,0,0,0,0,1,1,0,0
16990,2,24125,0,130,1,560,0,0,0,0,0,0,1,0,0,1
17900,4,80000,1,130,1,56,1,0,0,0,0,0,1,1,0,0
17990,4,80000,1,130,1,56,1,0,0,0,0,0,1,1,0,0
17990,4,115000,1,130,1,695,1,0,0,0,1,0,0,0,0,1
17999,4,59000,1,131,1,65,1,0,0,0,0,0,1,0,0,0
22900,3,36300,1,130,1,262,1,0,0,0,0,0,1,1,0,0
14990,3,139000,1,130,1,713,1,0,0,0,0,0,1,0,0,1
16998,3,90200,1,130,1,499,1,0,0,0,0,0,1,0,0,1
21900,1,17750,1,145,1,127,0,0,0,0,0,0,1,0,0,0
18950,3,28960,1,130,1,326,0,0,0,0,0,0,1,0,1,0
29900,1,0,1,130,1,747,1,0,0,0,0,0,1,0,0,1
15800,4,161550,0,130,1,476,1,0,0,0,0,0,0,0,0,1
13450,2,32187,0,130,1,326,0,0,0,0,0,0,1,0,1,0
15990,3,91612,1,130,1,154,1,0,0,0,0,0,1,1,0,0
17490,2,12869,0,130,1,495,0,0,0,0,0,0,1,0,0,1
15990,4,44000,0,130,1,500,1,0,0,0,0,0,1,0,0,1
23900,1,17000,1,145,1,140,0,1,0,0,1,0,0,0,0,0
15300,3,139900,1,130,1,184,1,0,0,0,0,0,1,1,0,0
16490,4,99995,1,130,1,581,1,0,0,0,0,0,1,0,0,1
23800,4,56317,1,180,1,326,0,1,0,0,1,0,0,0,1,0
18500,3,84122,1,130,1,177,1,0,0,0,0,0,1,1,0,0
16800,2,13735,0,130,1,326,0,0,0,1,0,0,1,0,1,0
15500,4,131000,0,130,1,834,1,0,0,0,0,0,1,0,0,1
15999,4,130000,1,130,1,121,1,0,0,0,1,0,0,1,0,0
16490,4,99995,1,130,1,560,1,0,0,0,0,0,1,0,0,1
17999,3,89000,1,225,1,285,0,0,0,0,1,0,0,1,0,0
22550,1,12847,1,136,1,326,0,0,0,0,1,0,0,0,1,0
17990,2,30936,0,130,1,495,0,0,0,0,0,0,1,0,0,1
19150,3,57501,1,130,1,162,1,0,0,0,0,0,1,1,0,0
16800,2,14778,0,130,1,326,0,0,0,1,0,0,1,0,1,0
15750,3,45945,1,130,1,202,1,0,0,0,0,0,1,1,0,0
16900,3,39900,1,130,1,819,0,0,0,0,0,0,1,0,0,1
22990,2,30000,1,130,1,872,1,0,0,0,1,0,0,0,0,1
17850,4,65750,1,130,1,177,1,0,0,0,0,0,1,1,0,0
21410,1,20495,1,145,1,129,0,1,0,0,0,0,1,0,0,0
18990,4,73577,1,130,1,581,1,0,0,0,0,0,1,0,0,1
17490,4,76461,0,130,1,468,1,0,0,0,0,0,1,0,0,1
23900,1,19500,1,145,1,217,0,1,0,0,1,0,0,0,0,0
19990,3,18000,1,180,1,757,0,1,0,0,1,0,0,0,0,1
14450,4,60549,0,130,1,494,0,0,0,0,0,0,0,0,0,1
22490,2,51800,1,130,1,412,1,0,0,0,0,0,1,0,0,1
14986,4,35932,0,130,1,196,0,0,0,0,0,0,0,1,0,0
18900,3,16000,0,130,1,498,0,0,0,0,0,0,1,0,0,1
14500,4,59053,0,130,1,326,0,0,0,0,0,0,0,0,1,0
14900,4,153600,1,130,1,505,1,0,0,0,0,0,1,0,0,1
18800,4,44900,1,130,1,101,1,0,0,0,0,0,1,1,0,0
14950,4,53542,0,130,1,326,0,0,0,0,0,0,0,0,1,0
15900,4,143878,1,130,1,476,1,0,0,0,0,0,0,0,0,1
20450,1,26276,1,136,1,144,0,1,0,0,1,0,0,1,0,0
16800,2,12077,0,150,1,326,0,0,0,0,0,0,1,0,1,0
22990,2,51240,1,180,1,177,0,1,0,0,1,0,0,1,0,0
19990,2,43000,1,130,1,566,1,0,0,0,0,0,1,0,0,1
17499,4,111000,0,130,1,841,1,0,0,0,0,0,1,0,0,1
17499,4,85000,1,131,1,55,1,0,0,0,0,0,1,0,0,0
22451,1,16189,1,145,1,177,0,1,0,0,1,0,0,1,0,0
17800,4,79000,1,130,1,512,1,0,0,0,1,0,0,0,0,1
23900,1,22100,1,145,1,217,0,1,0,0,1,0,0,0,0,0
12900,4,161000,1,130,1,512,1,0,0,0,0,0,1,0,0,1
17800,4,49900,1,130,1,512,1,0,0,0,0,0,1,0,0,1
14500,4,116000,1,180,1,171,0,1,0,0,1,0,0,1,0,0
23900,1,21000,1,145,1,140,0,1,0,0,1,0,0,0,0,0
14900,3,110000,1,131,1,276,1,0,0,0,0,0,1,1,0,0
22500,2,29000,1,130,1,302,0,0,0,0,1,0,0,1,0,0
18500,1,41000,1,136,0,322,0,1,0,0,1,0,0,1,0,0
11990,3,91310,0,131,1,40,0,0,0,0,0,0,1,0,0,0
11990,3,91310,0,131,1,180,0,0,0,0,0,0,1,1,0,0
16900,3,53279,1,130,1,490,0,0,0,0,0,0,1,0,0,1
14990,4,107000,1,130,1,322,1,0,0,0,0,0,1,0,1,0
17500,4,73390,1,130,1,492,1,0,0,0,0,0,1,0,0,1
20900,4,83453,1,130,1,479,1,0,0,0,1,0,0,0,0,1
18900,4,52000,1,130,1,126,1,0,0,0,0,0,1,0,0,0
12700,4,170000,1,130,1,490,1,0,0,0,0,0,1,0,0,1
15500,4,120480,0,130,1,750,1,0,0,0,0,0,1,0,0,1
16400,4,84000,1,130,0,415,0,0,0,0,0,0,1,0,1,0
18500,4,116000,1,180,0,65,0,1,0,0,1,0,0,0,0,0
13900,3,89000,0,130,1,495,1,0,0,0,0,0,1,0,0,1
17600,4,48000,1,130,1,132,1,0,0,0,0,0,1,0,0,0
14800,4,117639,0,130,1,525,1,0,0,0,0,0,1,0,0,1
18990,2,3931,0,130,1,412,0,0,0,0,0,0,0,0,0,1
23490,2,34177,1,130,1,412,1,0,0,0,0,0,1,0,0,1
23490,2,44196,1,130,1,400,1,0,0,0,0,0,1,0,0,1
20990,2,0,0,130,1,400,0,0,0,0,0,0,0,0,0,1
17900,2,33000,1,130,1,200,0,0,0,0,0,0,1,0,1,0
16600,4,61200,0,130,1,217,0,0,0,0,0,0,0,0,0,0
16500,3,89300,1,130,1,223,0,0,0,0,0,0,1,0,1,0
29900,2,0,1,130,1,201,0,0,0,0,1,0,0,1,0,0
16900,3,75000,1,130,1,490,1,0,0,0,0,0,1,0,0,1
15400,3,137000,1,130,1,499,1,0,0,0,0,0,1,0,0,1
15800,3,152633,1,130,1,775,1,0,0,0,0,0,1,0,0,1
14800,4,112500,1,130,1,775,1,0,0,0,0,0,1,0,0,1
16400,4,109000,1,130,1,706,1,0,0,0,0,0,1,0,0,1
15300,3,102000,1,180,1,177,0,1,0,0,0,0,1,1,0,0
19000,4,68600,1,130,0,221,1,0,0,0,0,0,1,0,1,0
16500,4,125682,1,130,1,520,1,0,0,0,0,0,1,0,0,1
17700,4,127122,1,180,1,608,0,1,0,0,1,0,0,0,0,1
17400,4,59245,0,130,1,65,0,0,0,0,0,0,0,0,0,0
18573,2,21308,0,130,1,99,0,0,0,0,0,0,1,0,1,0
16000,4,102500,1,130,1,95,1,0,0,0,0,0,1,0,0,0
16000,4,102500,1,130,1,68,1,0,0,0,0,0,1,0,0,0
27900,1,0,1,130,1,841,1,0,0,0,0,0,1,0,0,1
17999,4,48000,1,130,0,731,1,0,0,0,0,0,1,0,0,1
16500,3,126000,1,180,1,229,0,1,0,0,0,0,1,0,0,0
15499,3,91500,1,130,1,74,1,0,0,0,0,0,1,0,0,0
20995,4,81500,1,225,0,121,0,1,0,0,1,0,0,1,0,0
28500,4,70,0,130,1,225,1,0,0,0,0,0,1,1,0,0
18400,4,67500,1,130,1,276,1,0,0,0,0,0,1,1,0,0
19900,1,19500,1,145,1,126,0,1,0,0,1,0,0,0,0,0
24500,3,17000,1,130,0,750,0,0,0,0,1,0,0,0,0,1
20900,3,29906,1,130,1,350,0,0,0,0,1,0,0,0,0,1
20900,3,29906,1,130,1,326,0,0,0,0,1,0,0,0,1,0
14900,4,90000,1,130,1,276,0,0,0,0,0,0,1,1,0,0
17990,2,20715,0,130,1,412,0,0,0,0,0,0,1,0,0,1
18500,4,79350,1,130,1,495,1,0,0,0,0,0,1,0,0,1
19900,3,31800,1,130,1,490,1,0,0,0,0,0,1,0,0,1
17990,4,89000,1,130,1,588,1,0,0,0,0,0,1,0,0,1
16400,3,38301,1,130,1,716,1,0,0,0,0,0,1,0,0,1
22990,3,38700,1,180,1,400,0,1,0,0,0,0,1,0,0,1
16400,3,130000,1,130,1,706,1,0,0,0,0,0,1,0,0,1
17900,2,130000,1,130,1,706,1,0,0,0,0,0,1,0,0,1
17482,3,49927,1,130,1,11,0,0,0,0,0,0,1,0,0,0
17552,4,29307,1,130,1,11,0,0,0,0,0,0,1,0,0,0
17552,4,29307,1,130,1,190,0,0,0,0,0,0,1,1,0,0
17482,3,49927,1,130,1,326,0,0,0,0,0,0,1,0,1,0
17552,4,29307,1,130,1,326,0,0,0,0,0,0,1,0,1,0
23072,1,8597,1,130,1,190,1,0,0,0,1,0,0,1,0,0
20900,1,21500,1,145,1,124,0,1,0,0,1,0,0,0,0,0
16500,4,100380,1,130,1,500,1,0,0,0,0,0,1,0,0,1
21500,1,7369,1,145,1,201,0,1,0,0,1,0,0,1,0,0
18500,4,80608,1,130,0,476,1,0,0,0,1,0,0,0,0,1
18500,4,88000,1,130,1,186,1,0,0,0,0,0,1,0,1,0
25000,4,56000,1,136,0,622,0,1,0,0,1,0,0,0,0,1
25900,1,15500,1,145,1,154,0,1,0,0,1,0,0,1,0,0
17900,4,68294,1,130,1,479,1,0,0,0,0,0,1,0,0,1
13900,4,67000,1,130,1,74,1,0,0,0,0,0,1,0,0,0
22300,1,19141,1,136,1,182,0,1,0,0,1,0,0,0,0,0
22300,1,19141,1,136,1,186,0,1,0,0,1,0,0,0,0,0
22990,2,5779,1,130,1,377,0,0,0,0,1,0,0,0,0,1
23072,1,8597,1,130,1,11,1,0,0,0,1,0,0,0,0,0
14690,2,15861,0,131,1,180,0,0,0,0,0,0,1,1,0,0
14690,2,15861,0,131,1,40,0,0,0,0,0,0,1,0,0,0
14690,2,14658,0,131,1,40,0,0,0,0,0,0,1,0,0,0
21956,1,22891,1,136,1,11,0,1,0,0,1,0,0,0,0,0
21956,1,22891,1,136,1,326,0,1,0,0,1,0,0,0,1,0
18950,3,19980,1,130,1,52,0,0,0,0,1,0,0,0,0,0
14690,2,14658,0,131,1,180,0,0,0,0,0,0,1,1,0,0
17500,3,119000,1,130,1,141,1,0,0,0,0,0,1,0,0,0
28400,1,10,1,130,1,146,1,0,0,0,0,0,1,0,0,0
11500,4,171000,1,130,1,566,1,0,0,0,0,0,1,0,0,1
13500,4,142000,1,130,1,566,1,0,0,0,0,0,1,0,0,1
18200,4,59294,1,130,1,169,1,0,0,0,0,0,1,0,0,0
26829,1,0,1,130,1,326,1,0,0,0,0,0,1,0,1,0
26829,1,0,1,130,1,11,1,0,0,0,0,0,1,0,0,0
23072,1,8597,1,130,1,326,1,0,0,0,1,0,0,0,1,0
22990,1,25000,1,130,1,474,1,0,0,0,1,0,0,0,0,1
14000,4,100800,0,130,1,86,1,0,0,0,0,0,1,1,0,0
23900,3,81000,1,130,0,16,1,0,0,0,1,0,0,0,0,0
25500,2,34000,1,130,0,326,1,0,0,0,1,0,0,0,1,0
18450,4,79654,1,130,1,132,1,0,0,0,1,0,0,0,0,0
18000,3,84300,1,130,1,731,1,0,0,0,0,0,1,0,0,1
16490,3,81000,1,130,1,177,1,0,0,0,0,0,1,1,0,0
15690,2,34683,1,130,1,180,0,0,0,0,0,0,1,1,0,0
13190,3,19887,0,131,1,180,0,0,0,0,0,0,0,1,0,0
13190,3,19887,0,131,1,40,0,0,0,0,0,0,0,0,0,0
15690,2,34683,1,130,1,40,0,0,0,0,0,0,1,0,0,0
18400,1,1,0,130,1,478,0,0,0,0,0,0,1,0,0,1
23300,3,73782,1,130,1,286,1,0,0,0,1,0,0,1,0,0
22400,1,0,1,130,1,478,1,0,0,0,0,0,1,0,0,1
17500,3,79000,1,130,1,513,1,0,0,0,0,0,1,0,0,1
24850,2,205,1,130,1,488,1,0,0,0,1,0,0,0,0,1
24850,2,205,1,130,1,22,1,0,0,0,1,0,0,0,0,0
24850,2,205,1,130,1,99,1,0,0,0,1,0,0,0,1,0
24850,2,205,1,130,1,86,1,0,0,0,1,0,0,0,0,0
24850,2,205,1,130,1,326,1,0,0,0,1,0,0,0,1,0
22800,1,29171,1,130,1,882,1,0,0,0,0,0,1,0,0,1
14900,4,145000,0,130,1,620,1,0,0,0,0,0,1,0,0,1
14490,4,91100,1,130,1,552,1,0,0,0,0,0,1,0,0,1
14800,4,99421,0,130,1,525,1,0,0,0,0,0,1,0,0,1
18900,1,25000,1,145,1,163,0,1,0,0,0,0,1,1,0,0
17499,4,79000,0,130,1,554,1,0,0,0,0,0,1,0,0,1
20800,4,304,1,130,1,22,1,0,0,0,0,0,1,0,0,0
22000,3,33000,1,130,0,168,1,0,0,0,1,0,0,1,0,0
18500,4,56828,1,130,1,108,1,0,0,0,0,0,1,0,0,0
16900,3,58000,1,131,0,162,1,0,0,0,1,0,0,1,0,0
15500,3,150000,1,130,1,763,0,0,0,0,0,0,1,0,0,1
20000,3,40000,1,130,0,514,1,0,0,0,0,0,1,0,0,1
23900,1,27900,1,130,1,235,1,0,0,0,1,0,0,0,0,0
24900,1,9665,1,136,1,350,0,1,0,0,0,0,1,0,0,1
24900,1,9665,1,136,1,326,0,1,0,0,0,0,1,0,1,0
27000,3,43843,1,130,0,519,1,0,0,0,1,0,0,0,0,1
14950,3,37000,0,131,1,124,0,0,0,0,0,0,1,0,0,0
25000,4,45000,1,180,0,206,0,1,0,0,1,0,0,1,0,0
15799,4,75730,1,130,1,475,0,0,0,0,0,0,1,0,0,1
5800,3,30000,1,180,1,66,0,1,0,0,1,0,0,0,0,0
24500,2,25000,1,136,0,750,0,1,0,0,0,0,1,0,0,1
14290,2,30933,0,131,1,180,0,0,0,0,0,0,1,1,0,0
17900,2,43537,0,130,1,853,0,0,0,0,0,0,1,0,0,1
23000,4,52000,1,130,0,782,1,0,0,0,0,0,1,0,0,1
19690,1,34651,1,131,1,40,1,0,0,0,1,0,0,0,0,0
19690,1,34651,1,131,1,180,1,0,0,0,1,0,0,1,0,0
14290,2,31269,0,131,1,180,0,0,0,0,0,0,1,1,0,0
14290,2,30933,0,131,1,40,0,0,0,0,0,0,1,0,0,0
14290,2,31269,0,131,1,40,0,0,0,0,0,0,1,0,0,0
10290,4,127177,1,130,1,40,1,0,0,0,0,0,1,0,0,0
10290,4,127177,1,130,1,180,1,0,0,0,0,0,1,1,0,0
20000,4,29000,1,131,0,326,1,0,0,0,0,0,1,0,1,0
15900,4,107000,0,130,1,769,1,0,0,0,0,0,1,0,0,1
22000,3,18700,1,131,0,204,0,0,0,0,1,0,0,0,0,0
17500,4,50000,1,130,0,287,0,0,0,0,1,0,0,1,0,0
22000,3,39000,1,130,0,807,1,0,0,0,0,0,1,0,0,1
12500,4,194000,1,130,1,189,1,0,0,0,0,0,1,1,0,0
18900,4,97000,1,130,1,900,1,0,0,0,0,0,1,0,0,1
20000,4,44800,1,180,0,25,0,1,0,0,0,0,1,0,0,0
19470,2,26927,1,130,1,177,0,0,0,0,0,0,1,1,0,0
13000,4,72000,0,130,0,128,0,0,0,0,0,0,1,0,0,0
16900,4,67000,1,180,1,288,0,1,0,0,0,0,1,1,0,0
26600,3,32600,1,130,1,60,1,0,0,0,1,0,0,0,0,0
15900,4,109350,1,130,1,530,1,0,0,0,0,0,1,0,0,1
13000,4,125000,0,130,0,86,0,0,0,0,0,0,1,0,0,0
22466,2,29520,1,130,1,190,1,0,0,0,1,0,0,1,0,0
17500,3,77000,1,130,0,129,1,0,0,0,0,0,1,0,1,0
15900,4,110000,1,130,1,120,1,0,0,0,0,0,1,0,0,0
15599,4,97000,0,130,1,201,1,0,0,0,0,0,1,1,0,0
25000,3,25000,1,130,1,69,1,0,0,0,1,0,0,0,0,0
15900,4,150026,0,130,1,708,1,0,0,0,0,0,0,0,0,1
23900,2,28461,1,130,1,186,1,0,0,0,0,0,1,0,0,0
17100,4,100000,1,130,1,647,1,0,0,0,0,0,1,0,0,1
17990,2,11700,0,130,1,412,0,0,0,0,0,0,1,0,0,1
16800,4,130420,0,130,1,745,1,0,0,0,0,0,1,0,0,1
15499,3,100571,1,130,1,930,1,0,0,0,0,0,1,0,0,1
23900,1,19500,1,145,1,217,0,1,0,0,1,0,0,0,0,0
18900,4,110000,1,130,1,628,1,0,0,0,0,0,1,0,0,1
28150,1,0,1,130,1,223,1,0,0,0,1,0,0,0,1,0
12000,4,123000,1,130,0,512,1,0,0,0,0,0,1,0,0,1
15950,4,136798,1,130,1,201,1,0,0,0,0,0,1,0,0,0
19500,1,22000,1,145,1,163,0,1,0,0,0,0,1,1,0,0
18700,4,109000,1,130,1,451,1,0,0,0,0,0,1,0,0,1
11900,4,124985,0,130,1,495,1,0,0,0,0,0,1,0,0,1
19990,3,78900,1,130,1,128,1,0,0,0,0,0,1,0,0,0
17290,4,61900,1,180,1,552,0,1,0,0,0,0,1,0,0,1
23900,2,54000,1,130,1,228,1,0,0,0,1,0,0,0,1,0
23999,1,17000,1,130,1,518,1,0,0,0,1,0,0,0,0,1
19500,2,45000,0,130,0,298,0,0,0,0,0,0,1,0,1,0
18000,4,68392,0,130,1,168,1,0,0,0,0,0,1,1,0,0
17900,3,43145,0,130,1,350,0,0,0,0,0,0,1,0,0,1
17900,3,43145,0,130,1,326,0,0,0,0,0,0,1,0,1,0
20900,1,19000,1,130,1,163,1,0,0,0,0,0,1,1,0,0
25950,1,0,1,145,1,177,0,0,0,0,0,0,1,1,0,0
23490,2,41705,1,130,1,377,1,0,0,0,0,0,1,0,0,1
15900,4,99900,1,130,1,80,1,0,0,0,0,0,1,0,0,0
24900,1,22100,1,145,1,217,0,1,0,0,1,0,0,0,0,0
18000,3,204000,1,130,1,545,1,0,0,0,1,0,0,0,0,1
20900,3,64485,1,130,1,659,1,0,0,0,0,0,1,0,0,1
22900,3,24126,1,130,1,350,1,0,0,0,1,0,0,0,0,1
22900,3,24126,1,130,1,326,1,0,0,0,1,0,0,0,1,0
24500,3,75000,1,130,1,628,1,0,0,0,1,0,0,0,0,1
19500,3,27000,1,130,1,233,1,0,0,0,1,0,0,1,0,0
22200,3,27358,1,130,1,106,1,0,0,0,1,0,0,0,0,0
20500,2,68800,1,130,0,854,1,0,0,0,1,0,0,0,0,1
22000,4,30000,1,180,0,99,0,1,0,0,1,0,0,0,1,0
17900,3,95377,1,130,1,572,0,0,0,0,0,0,1,0,0,1
17500,4,90000,1,130,0,542,1,0,0,0,0,0,1,0,0,1
6500,3,67200,1,130,0,663,1,0,0,0,0,0,1,0,0,1
22500,3,75000,1,130,0,476,1,0,0,0,1,0,0,0,0,1
17000,4,92000,1,130,0,674,1,0,0,0,1,0,0,0,0,1
16400,4,45340,1,130,1,716,1,0,0,0,0,0,1,0,0,1
20990,2,46700,1,130,0,242,1,0,0,0,1,0,0,1,0,0
17500,4,57000,1,130,1,225,0,0,0,0,1,0,0,1,0,0
24900,3,27000,1,130,1,355,1,0,0,0,1,0,0,0,0,1
25000,1,40000,1,130,0,262,1,0,0,0,0,0,1,1,0,0
18900,4,84000,1,130,1,128,1,0,0,0,1,0,0,0,0,0
22000,3,42134,1,130,0,160,0,0,0,0,0,0,1,0,0,0
18500,4,84530,1,130,1,350,1,0,0,0,1,0,0,0,0,1
18500,4,84530,1,130,1,326,1,0,0,0,1,0,0,0,1,0
19800,3,92320,1,130,1,658,1,0,0,0,1,0,0,0,0,1
14890,2,56257,0,130,1,424,0,0,0,0,0,0,0,0,0,1
23500,2,6950,1,130,1,162,0,0,0,0,1,0,0,1,0,0
19200,4,23518,1,130,1,350,0,0,0,0,0,0,1,0,0,1
19200,4,23518,1,130,1,326,0,0,0,0,0,0,1,0,1,0
15900,4,39000,0,130,0,25,0,0,0,0,0,0,1,0,0,0
24500,2,39532,1,130,1,505,1,0,0,0,1,0,0,0,0,1
17000,4,92000,1,130,1,750,1,0,0,0,1,0,0,0,0,1
26500,1,10521,1,145,1,87,0,1,0,0,1,0,0,0,1,0
22000,3,32000,1,180,0,276,0,1,0,0,1,0,0,1,0,0
18400,4,115000,1,130,0,60,1,0,0,0,0,0,1,0,0,0
24500,2,28000,1,180,0,111,0,1,0,0,1,0,0,1,0,0
29000,1,0,1,130,1,55,1,0,0,0,0,0,1,0,0,0
20490,4,51087,1,130,1,522,1,0,0,0,0,0,1,0,0,1
17900,3,45000,1,130,0,119,0,0,0,0,0,0,1,0,0,0
20500,4,90000,1,180,0,89,0,1,0,0,0,0,1,0,0,0
23500,2,29900,1,130,1,201,1,0,0,0,1,0,0,1,0,0
19200,3,90000,1,130,1,495,1,0,0,0,0,0,1,0,0,1
22000,2,11800,1,130,0,105,0,0,0,0,0,0,1,0,1,0
15990,4,110300,1,130,1,552,1,0,0,0,0,0,1,0,0,1
26829,1,0,1,130,1,190,1,0,0,0,0,0,1,1,0,0
19800,3,92000,1,130,0,25,1,0,0,0,0,0,1,0,0,0
15500,2,25000,0,130,1,163,0,0,0,0,0,0,1,1,0,0
25900,2,0,1,130,1,480,1,0,0,0,0,0,1,0,0,1
9999,0,159303,1,120,0,515,1,0,0,0,0,0,1,0,0,1
25900,2,0,1,130,1,479,1,0,0,0,0,0,1,0,0,1
19900,2,0,0,130,1,480,0,0,0,0,0,0,0,0,0,1
24000,2,21000,1,130,0,201,0,0,0,0,1,0,0,1,0,0
15950,4,136798,1,130,1,163,1,0,0,0,0,0,1,0,0,0
15700,2,28000,0,130,1,163,0,0,0,0,0,0,0,1,0,0
19000,4,106500,0,130,0,40,1,0,0,0,0,0,1,0,0,0
16500,4,99000,1,180,0,7,0,1,0,0,1,0,0,0,0,0
24000,2,17500,1,130,0,611,1,0,0,0,0,0,1,0,0,1
20000,4,12000,1,131,0,326,0,0,0,0,0,0,1,0,1,0
22000,4,48000,1,130,0,479,1,0,0,0,1,0,0,0,0,1
23500,3,41445,1,130,0,495,1,0,0,0,0,0,1,0,0,1
22000,3,55000,0,130,0,25,0,0,0,0,0,0,1,0,0,0
24000,3,19000,1,180,0,276,0,1,0,0,1,0,0,1,0,0
