Prezzo,Anni,Chilometraggio,Cambio,CV,Venditore,Distanza,is_Diesel vs Benzina,is_Ibrido vs Benzina,is_sport vs base,is_performance vs base,is_middle vs base,is NO vs NE,is Centro vs NE,is Sud_Isole vs NE
25900,2,19,1,136,1,262,0,0,1,0,0,1,0,0
24900,2,21,1,136,1,262,0,0,1,0,0,1,0,0
22990,4,70,1,136,1,178,1,0,1,0,0,1,0,0
26500,3,17,1,136,1,77,0,0,1,0,0,0,0,0
26900,4,58,1,136,1,695,1,0,1,0,0,0,0,1
26500,3,17,1,136,1,77,0,0,1,0,0,0,0,0
18900,3,61,1,136,1,116,1,0,0,0,0,0,0,0
23900,2,54,1,136,1,122,0,0,0,0,0,0,0,0
23900,5,64,1,136,1,146,1,0,1,0,0,1,0,0
25500,5,58,1,136,1,208,1,0,0,0,1,1,0,0
31000,5,39,1,136,1,177,1,0,1,0,0,1,0,0
27990,4,49,1,136,1,186,1,0,1,0,0,1,0,0
28900,3,18,1,136,1,77,0,0,1,0,0,0,0,0
23400,3,19,1,136,1,77,0,0,0,0,1,0,0,0
26900,3,24,1,136,1,262,0,0,1,0,0,1,0,0
29900,1,27,1,136,1,276,1,0,1,0,0,1,0,0
29900,1,25,1,136,1,276,1,0,1,0,0,1,0,0
27900,2,15,1,136,1,222,0,0,0,0,1,1,0,0
28900,3,18,1,136,1,77,1,0,1,0,0,0,0,0
27900,2,31,1,136,1,389,0,0,1,0,0,0,0,1
26900,2,45,1,136,1,201,1,0,1,0,0,1,0,0
26900,3,22,1,136,1,93,0,0,1,0,0,0,1,0
28500,5,64,1,136,1,184,1,0,1,0,0,1,0,0
28900,1,16,1,136,1,262,0,0,1,0,0,1,0,0
29990,1,15,1,136,1,383,1,0,1,0,0,0,1,0
26800,4,39,1,136,1,683,1,0,1,0,0,0,0,1
22900,4,69,1,136,1,750,1,0,1,0,0,0,0,1
20250,5,66,1,136,1,163,1,0,0,0,1,0,0,0
31100,4,41,1,136,1,194,1,0,1,0,0,0,1,0
29890,1,9,1,136,1,101,0,0,1,0,0,0,0,0
27900,1,20,1,136,1,178,0,0,1,0,0,1,0,0
27500,4,40,1,136,1,25,1,0,0,1,0,0,0,0
24999,4,65,1,136,1,77,1,0,1,0,0,0,0,0
28490,3,15,1,136,1,459,0,0,1,0,0,0,0,1
23000,4,67,1,136,1,98,1,0,1,0,0,0,1,0
29890,1,8,1,136,1,101,0,0,1,0,0,0,0,0
26500,4,67,1,136,1,222,0,0,1,0,0,1,0,0
25900,1,4,1,136,1,177,1,0,0,0,0,1,0,0
26900,2,19,1,136,1,262,0,0,1,0,0,1,0,0
27500,5,56,1,136,1,91,1,0,1,0,0,0,1,0
20690,4,62,1,136,1,127,1,0,0,0,0,0,0,0
29000,1,4,1,136,1,204,0,0,1,0,0,1,0,0
22900,5,52,1,136,1,218,1,0,1,0,0,1,0,0
21900,3,25,1,136,1,262,0,0,0,0,0,1,0,0
22700,3,16,1,136,1,140,0,0,0,1,0,0,1,0
25900,4,52,1,136,1,463,1,0,1,0,0,0,0,1
24900,2,41,1,136,1,793,0,0,0,0,0,0,0,1
27950,4,34,1,136,1,326,1,0,1,0,0,0,1,0
26500,3,59,1,136,1,23,1,0,1,0,0,0,0,0
28699,3,27,1,136,1,283,0,0,1,0,0,1,0,0
24350,2,53,1,136,1,163,1,0,0,1,0,0,0,0
30980,1,21,1,136,1,326,1,0,0,0,0,0,1,0
32500,1,16,1,136,1,194,1,0,0,0,0,0,1,0
24400,4,44,1,136,1,200,1,0,0,0,0,0,1,0
29900,1,21,1,136,1,91,0,0,1,0,0,1,0,0
29900,2,33,1,136,1,98,1,0,1,0,0,0,1,0
27850,1,17,1,136,1,174,1,0,1,0,0,1,0,0
17000,5,53,1,136,1,177,0,0,0,0,1,1,0,0
26500,4,21,1,136,1,102,0,0,1,0,0,1,0,0
22700,5,53,1,136,1,25,0,0,1,0,0,0,0,0
21990,3,41,1,136,1,82,1,0,1,0,0,0,1,0
22999,4,59,1,136,1,87,1,0,0,0,1,0,1,0
21900,5,40,1,136,1,326,0,0,1,0,0,0,1,0
23900,3,26,1,136,1,65,0,0,1,0,0,0,0,0
29000,5,55,1,136,1,275,1,0,1,0,0,1,0,0
23000,2,47,1,136,1,177,1,0,1,0,0,1,0,0
25900,4,65,1,136,1,103,1,0,1,0,0,0,0,0
23000,4,48,1,136,1,177,1,0,1,0,0,1,0,0
28000,4,55,1,136,1,291,1,0,1,0,0,0,1,0
26000,1,11,1,136,1,177,1,0,1,0,0,1,0,0
26500,2,19,1,136,1,77,0,0,1,0,0,0,0,0
29900,3,60,1,136,1,212,1,0,1,0,0,0,0,0
22500,5,66,1,136,1,337,1,0,0,0,0,0,1,0
25900,4,55,1,136,1,86,1,0,1,0,0,0,0,0
26000,4,64,1,136,1,326,1,0,1,0,0,0,1,0
26960,4,67,1,136,1,196,1,0,1,0,0,1,0,0
22900,4,68,1,136,1,204,1,0,0,1,0,0,0,0
26900,4,62,1,136,1,57,1,0,1,0,0,0,0,0
23990,2,48,1,136,1,65,1,0,1,0,0,0,0,0
28900,4,68,1,136,1,695,1,0,1,0,0,0,0,1
25000,1,12,1,136,1,256,0,0,0,0,0,1,0,0
24900,5,66,1,136,1,342,0,0,1,0,0,0,1,0
26999,4,50,1,136,1,47,1,0,1,0,0,0,0,0
20900,3,45,1,136,1,103,0,0,0,0,0,0,0,0
26960,3,66,1,136,1,326,1,0,1,0,0,0,1,0
19700,4,62,1,136,1,275,0,0,0,0,0,1,0,0
19900,5,64,1,136,1,16,1,0,0,0,0,0,0,0
29900,3,49,1,136,1,276,1,0,1,0,0,1,0,0
24900,2,52,1,136,1,80,1,0,1,0,0,0,0,0
21900,4,61,1,136,1,206,0,0,1,0,0,0,0,0
23900,3,70,1,136,1,326,1,0,1,0,0,0,1,0
28800,3,30,1,136,1,190,0,0,1,0,0,1,0,0
24900,3,52,1,136,1,177,1,0,1,0,0,1,0,0
20990,3,41,1,136,1,82,1,0,1,0,0,0,1,0
27000,1,12,1,136,1,177,1,0,1,0,0,1,0,0
31500,2,20,1,136,1,194,1,0,1,0,0,0,1,0
27999,4,49,1,136,1,326,1,0,1,0,0,0,1,0
28900,3,21,1,136,1,77,0,0,1,0,0,0,0,0
22900,5,61,1,136,1,161,1,0,0,0,1,1,0,0
24900,5,58,1,136,1,121,1,0,1,0,0,0,0,0
23890,4,51,1,136,1,178,1,0,0,1,0,1,0,0
25500,3,65,1,136,1,89,1,0,1,0,0,0,0,0
27990,3,55,1,136,1,177,0,0,1,0,0,1,0,0
25750,5,68,1,136,1,170,1,0,1,0,0,1,0,0
23800,5,48,1,136,1,177,0,0,1,0,0,1,0,0
21900,5,35,1,136,1,194,1,0,0,0,1,0,1,0
21999,4,49,1,136,1,55,1,0,0,0,0,0,0,0
28500,4,35,1,136,1,753,1,0,1,0,0,0,0,1
27000,1,20,1,136,1,177,0,0,1,0,0,1,0,0
23988,2,30,1,136,1,239,1,0,0,0,0,0,1,0
26900,5,61,1,136,1,259,1,0,0,0,1,1,0,0
24800,5,34,1,136,1,146,1,0,0,0,0,1,0,0
25800,1,5,1,136,1,189,0,0,0,0,0,1,0,0
24900,5,64,1,136,1,111,0,0,1,0,0,1,0,0
24600,5,50,1,136,1,191,1,0,0,0,1,0,0,0
21999,3,63,1,136,1,187,0,0,0,0,0,1,0,0
19900,4,66,1,136,1,319,1,0,0,0,0,0,1,0
23900,4,54,1,136,1,286,1,0,1,0,0,1,0,0
23499,5,53,1,136,1,77,1,0,1,0,0,0,0,0
27800,1,16,1,136,1,275,0,0,1,0,0,1,0,0
21900,5,61,1,136,1,383,0,0,0,0,0,0,1,0
27900,2,14,1,136,1,299,0,0,1,0,0,1,0,0
27890,4,66,1,136,1,356,1,0,1,0,0,0,1,0
21400,5,52,1,136,1,23,0,0,0,0,1,0,0,0
26000,1,13,1,136,1,177,1,0,1,0,0,1,0,0
29999,4,48,1,136,1,87,0,0,0,1,0,0,1,0
21990,5,50,1,136,1,40,1,0,0,0,0,0,0,0
32800,3,39,1,136,1,326,0,0,0,1,0,0,1,0
25999,1,156,1,136,1,99,0,0,0,1,0,0,1,0
29890,1,9,1,136,1,270,1,0,1,0,0,1,0,0
29700,2,27,1,136,1,256,0,0,1,0,0,1,0,0
29500,2,7,1,136,1,256,0,0,1,0,0,1,0,0
24950,4,52,1,136,1,189,1,0,0,0,1,1,0,0
25860,5,50,1,136,1,91,1,0,1,0,0,0,1,0
27400,4,69,1,136,1,101,1,0,1,0,0,0,0,0
23950,5,67,1,136,1,99,0,0,1,0,0,0,0,0
26400,4,54,1,136,1,124,1,0,1,0,0,0,0,0
26200,5,66,1,136,1,288,1,0,1,0,0,1,0,0
25900,2,25,1,136,1,326,0,0,1,0,0,0,1,0
21900,3,62,1,136,1,175,0,0,0,0,0,1,0,0
26000,1,15,1,136,1,177,1,0,1,0,0,1,0,0
25000,3,49,1,136,1,177,0,0,1,0,0,1,0,0
28000,3,40,1,136,1,104,1,0,1,0,0,0,1,0
22880,4,63,1,136,1,326,1,0,1,0,0,0,1,0
30000,4,42,1,136,1,99,1,0,1,0,0,0,1,0
25500,4,59,1,136,1,264,1,0,0,0,1,1,0,0
25900,4,57,1,136,1,852,0,0,1,0,0,0,0,1
26500,3,17,1,136,1,77,0,0,1,0,0,0,0,0
29990,4,55,1,136,1,127,1,0,1,0,0,0,0,0
26800,5,50,1,136,1,56,1,0,1,0,0,1,0,0
24800,4,30,1,136,1,190,1,0,1,0,0,1,0,0
28400,4,25,1,136,1,57,0,0,1,0,0,0,0,0
26000,1,15,1,136,1,177,1,0,1,0,0,1,0,0
29986,4,37,1,136,1,16,1,0,1,0,0,0,0,0
27200,2,41,1,136,1,147,1,0,1,0,0,1,0,0
28990,4,55,1,136,1,326,1,0,1,0,0,0,1,0
28960,5,59,1,136,1,196,1,0,1,0,0,1,0,0
26800,3,33,1,136,1,147,1,0,1,0,0,1,0,0
27990,3,66,1,136,1,177,1,0,1,0,0,1,0,0
29800,2,25,1,136,1,107,1,0,1,0,0,0,0,0
25499,2,35,1,136,1,475,1,0,0,0,0,0,0,1
25900,2,43,1,136,1,630,1,0,0,0,0,0,0,1
25999,5,45,1,136,1,89,1,0,1,0,0,0,0,0
29400,3,49,1,136,1,326,1,0,1,0,0,0,1,0
28990,1,9,1,136,1,290,0,0,1,0,0,1,0,0
19400,4,59,1,136,1,275,0,0,0,0,0,1,0,0
26550,3,32,1,136,1,245,1,0,1,0,0,1,0,0
20400,4,59,1,136,1,275,0,0,0,0,0,1,0,0
25000,3,33,1,136,1,177,0,0,1,0,0,1,0,0
30000,4,12,1,136,1,256,0,0,1,0,0,1,0,0
27900,3,13,1,136,1,262,0,0,1,0,0,1,0,0
28500,2,16,1,136,1,147,0,0,1,0,0,1,0,0
25700,2,11,1,136,1,326,1,0,0,1,0,0,1,0
25900,4,45,1,136,1,190,0,0,1,0,0,1,0,0
28890,1,29,1,136,1,178,1,0,1,0,0,1,0,0
25900,2,42,1,136,1,148,0,0,1,0,0,1,0,0
23990,5,68,1,136,1,233,1,0,1,0,0,1,0,0
21300,4,53,1,136,1,202,1,0,0,0,0,1,0,0
27000,1,5,1,136,1,326,0,0,1,0,0,0,1,0
22900,4,48,1,136,1,341,0,0,1,0,0,0,1,0
18950,5,52,1,136,1,643,1,0,0,0,0,0,0,1
28900,2,24,1,136,1,119,1,0,1,0,0,0,0,0
26000,1,18,1,136,1,177,1,0,1,0,0,1,0,0
28500,3,60,1,136,1,126,0,0,1,0,0,1,0,0
24400,5,38,1,136,1,326,1,0,0,0,1,0,1,0
22500,3,16,1,136,1,77,0,0,0,0,0,0,0,0
28500,4,48,1,136,1,126,1,0,1,0,0,0,0,0
24900,2,28,1,136,1,191,1,0,0,0,0,1,0,0
28890,3,29,1,136,1,178,1,0,1,0,0,1,0,0
24990,5,57,1,136,1,121,1,0,1,0,0,1,0,0
25000,4,52,1,136,1,358,0,0,0,0,0,0,1,0
28000,1,4,1,136,1,177,1,0,1,0,0,1,0,0
22900,4,58,1,136,1,160,1,0,0,0,0,0,0,0
25900,3,60,1,136,1,16,0,0,1,0,0,0,0,0
29980,4,63,1,136,1,23,0,0,1,0,0,0,0,0
28000,1,11,1,136,1,177,1,0,1,0,0,1,0,0
21500,5,48,1,136,1,276,0,0,0,0,0,1,0,0
27750,4,54,1,136,1,191,1,0,1,0,0,0,0,0
26000,1,13,1,136,1,177,1,0,1,0,0,1,0,0
26900,3,23,1,136,1,121,1,0,1,0,0,1,0,0
26900,4,53,1,136,1,190,1,0,1,0,0,1,0,0
29900,5,65,1,136,1,99,0,0,1,0,0,0,1,0
24499,5,53,1,136,1,88,1,0,1,0,0,0,1,0
29900,3,26,1,136,1,256,1,0,1,0,0,1,0,0
27900,1,10,1,136,1,203,0,0,1,0,0,1,0,0
24000,3,57,1,136,1,383,1,0,0,0,0,0,1,0
21900,4,44,1,136,1,111,1,0,0,0,0,0,1,0
26000,1,14,1,136,1,177,1,0,1,0,0,1,0,0
31950,1,23,1,136,1,180,0,0,1,0,0,1,0,0
22700,3,55,1,136,1,291,0,0,0,0,0,0,1,0
25900,2,60,1,136,1,381,1,0,0,0,0,0,1,0
26000,1,13,1,136,1,177,1,0,1,0,0,1,0,0
26500,3,18,1,136,1,77,0,0,1,0,0,0,0,0
26300,3,65,1,136,1,121,1,0,1,0,0,1,0,0
28900,2,11,1,136,1,100,0,0,1,0,0,0,1,0
27960,4,53,1,136,1,196,1,0,1,0,0,1,0,0
23900,5,59,1,136,1,127,0,0,1,0,0,0,0,0
23990,4,53,1,136,1,342,0,0,1,0,0,0,1,0
25900,2,25,1,136,1,695,1,0,0,0,0,0,0,1
21800,4,45,1,136,1,31,1,0,0,0,0,0,0,0
25500,2,38,1,136,1,119,1,0,0,0,0,1,0,0
25790,4,41,1,136,1,326,0,0,1,0,0,0,1,0
28900,4,61,1,136,1,389,1,0,1,0,0,0,0,1
28000,1,2,1,136,1,177,1,0,1,0,0,1,0,0
26490,4,34,1,136,1,326,0,0,1,0,0,0,1,0
27900,5,46,1,136,1,211,1,0,1,0,0,0,1,0
27600,4,55,1,136,1,386,1,0,1,0,0,0,1,0
22490,3,61,1,136,1,326,1,0,0,0,0,0,1,0
24900,4,67,1,136,1,184,1,0,1,0,0,1,0,0
23999,5,46,1,136,1,25,0,0,1,0,0,0,0,0
24900,2,57,1,136,1,125,0,0,0,0,0,0,0,0
26000,1,12,1,136,1,177,1,0,1,0,0,1,0,0
28000,1,9,1,136,1,177,1,0,1,0,0,1,0,0
27400,2,31,1,136,1,16,0,0,1,0,0,0,0,0
28500,3,28,1,136,1,104,1,0,1,0,0,1,0,0
26000,1,15,1,136,1,177,1,0,1,0,0,1,0,0
28500,2,39,1,136,1,750,1,0,0,0,0,0,0,1
28490,3,46,1,136,1,162,1,0,1,0,0,1,0,0
23950,4,60,1,136,1,319,0,0,1,0,0,0,1,0
28900,2,27,1,136,1,695,1,0,0,0,1,0,0,1
26500,4,67,1,136,1,190,1,0,1,0,0,1,0,0
24950,4,57,1,136,1,14,1,0,0,0,0,0,0,0
24600,2,29,1,136,1,326,1,0,0,1,0,0,1,0
28900,3,19,1,136,1,77,0,0,1,0,0,0,0,0
26400,2,24,1,136,1,146,1,0,0,0,0,1,0,0
20800,4,64,1,136,1,87,1,0,0,0,0,1,0,0
27900,4,37,1,136,1,216,0,0,1,0,0,1,0,0
20500,4,58,1,136,1,496,1,0,0,0,0,0,0,1
29900,5,55,1,136,1,292,1,0,0,0,0,0,1,0
27500,5,69,1,136,1,203,1,0,1,0,0,1,0,0
23900,4,66,1,136,1,383,1,0,0,0,0,0,1,0
29900,5,61,1,136,1,288,1,0,1,0,0,1,0,0
28000,1,8,1,136,1,177,1,0,1,0,0,1,0,0
24900,3,32,1,136,1,262,0,0,1,0,0,1,0,0
27890,4,37,1,136,1,837,1,0,1,0,0,0,0,1
28950,3,49,1,136,1,14,1,0,0,0,1,0,0,0
28700,2,38,1,136,1,750,0,0,0,0,0,0,0,1
22300,5,53,1,136,1,99,1,0,0,0,0,0,1,0
29900,2,31,1,136,1,283,1,0,1,0,0,1,0,0
23900,4,63,1,136,1,326,1,0,1,0,0,0,1,0
27990,2,18,1,136,1,203,0,0,1,0,0,1,0,0
28000,1,7,1,136,1,177,1,0,1,0,0,1,0,0
26900,4,64,1,136,1,653,1,0,1,0,0,0,0,1
23900,5,49,1,136,1,156,0,0,1,0,0,0,0,0
25900,2,60,1,136,1,381,1,0,0,0,0,0,1,0
25800,2,9,1,136,1,326,1,0,0,1,0,0,1,0
28500,2,11,1,136,1,256,0,0,1,0,0,1,0,0
23500,5,39,1,136,1,142,1,0,0,0,0,0,0,0
28400,1,17,1,136,1,256,0,0,1,0,0,1,0,0
27900,3,29,1,136,1,68,0,0,1,0,0,0,0,0
24900,2,26,1,136,1,358,1,0,0,0,0,0,1,0
27399,3,44,1,136,1,177,1,0,1,0,0,1,0,0
29000,1,16,1,136,1,256,0,0,1,0,0,1,0,0
26900,2,21,1,136,1,262,0,0,1,0,0,1,0,0
27000,4,66,1,136,1,98,1,0,1,0,0,0,1,0
29990,3,60,1,136,1,215,1,0,1,0,0,0,0,0
26000,1,15,1,136,1,177,1,0,1,0,0,1,0,0
28611,5,9,1,136,1,194,0,0,0,0,1,0,1,0
24000,4,67,1,136,1,499,0,0,1,0,0,0,0,1
27900,2,33,1,136,1,200,0,0,1,0,0,0,1,0
27900,2,24,1,136,1,533,1,0,1,0,0,0,0,1
26500,5,58,1,136,1,121,0,0,1,0,0,1,0,0
29800,2,57,1,136,1,200,1,0,1,0,0,0,1,0
24900,4,46,1,136,1,16,1,0,0,0,1,0,0,0
25900,5,50,1,136,1,276,0,0,0,0,1,1,0,0
23490,4,66,1,136,1,342,0,0,1,0,0,0,1,0
26900,2,19,1,136,1,262,0,0,1,0,0,1,0,0
26900,2,21,1,136,1,262,0,0,1,0,0,1,0,0
28990,1,8,1,136,1,290,0,0,1,0,0,1,0,0
25890,4,63,1,136,1,326,1,0,1,0,0,0,1,0
22500,4,64,1,136,1,177,1,0,0,0,1,1,0,0
26000,1,11,1,136,1,177,1,0,1,0,0,1,0,0
25100,2,9,1,136,1,326,0,0,0,1,0,0,1,0
26000,1,17,1,136,1,177,1,0,1,0,0,1,0,0
27950,5,28,1,136,1,14,0,0,1,0,0,0,0,0
29950,3,48,1,136,1,14,0,0,1,0,0,0,0,0
24000,5,67,1,136,1,98,1,0,1,0,0,0,1,0
26790,5,51,1,136,1,326,0,0,1,0,0,0,1,0
29950,3,43,1,136,1,14,0,0,1,0,0,0,0,0
27800,4,60,1,136,1,141,0,0,1,0,0,1,0,0
27900,1,15,1,136,1,16,0,0,0,0,1,0,0,0
26600,4,38,1,136,1,177,0,0,1,0,0,1,0,0
26400,4,68,1,136,1,101,1,0,1,0,0,0,0,0
26000,1,13,1,136,1,177,1,0,1,0,0,1,0,0
26900,2,26,1,136,1,262,0,0,1,0,0,1,0,0
28000,1,10,1,136,1,177,1,0,1,0,0,1,0,0
24900,2,44,1,136,1,121,1,0,0,1,0,1,0,0
29900,1,11,1,136,1,100,0,0,1,0,0,0,1,0
26000,1,11,1,136,1,177,1,0,1,0,0,1,0,0
29900,1,20,1,136,1,276,1,0,1,0,0,1,0,0
28000,1,6,1,136,1,177,1,0,1,0,0,1,0,0
26000,1,19,1,136,1,177,1,0,1,0,0,1,0,0
28000,3,67,1,136,1,389,1,0,1,0,0,0,0,1
25500,5,59,1,136,1,156,0,0,1,0,0,0,0,0
26790,4,61,1,136,1,326,1,0,0,0,1,0,1,0
27900,3,45,1,136,1,326,1,0,1,0,0,0,1,0
31900,1,22,1,136,1,194,1,0,0,0,0,0,1,0
28000,1,5,1,136,1,177,1,0,1,0,0,1,0,0
29690,2,46,1,136,1,99,1,0,1,0,0,0,1,0
26499,4,11,1,136,1,504,1,0,1,0,0,0,0,1
22500,5,48,1,136,1,429,1,0,0,0,0,0,1,0
27900,3,51,1,136,1,140,1,0,1,0,0,0,1,0
28000,1,7,1,136,1,177,1,0,1,0,0,1,0,0
23900,4,31,1,136,1,383,1,0,0,0,0,0,1,0
24900,4,52,1,136,1,750,1,0,0,0,0,0,0,1
29990,2,68,1,136,1,708,1,0,1,0,0,0,0,1
29690,2,46,1,136,1,184,1,0,1,0,0,1,0,0
28000,1,4,1,136,1,177,1,0,1,0,0,1,0,0
28000,1,7,1,136,1,177,1,0,1,0,0,1,0,0
29000,1,3,1,136,1,177,1,0,1,0,0,1,0,0
27600,3,29,1,136,1,177,0,0,1,0,0,1,0,0
28900,4,26,1,136,1,326,0,1,0,0,0,0,1,0
29900,2,68,1,136,1,177,1,0,1,0,0,1,0,0
28000,1,8,1,136,1,177,1,0,1,0,0,1,0,0
28700,2,28,1,136,1,16,1,0,1,0,0,0,0,0
29690,2,46,1,136,1,495,1,0,1,0,0,0,0,1
27900,3,49,1,136,1,200,1,0,1,0,0,0,1,0
26900,3,17,1,136,1,262,0,0,1,0,0,1,0,0
27900,3,15,1,136,1,262,0,0,1,0,0,1,0,0
26400,2,24,1,136,1,119,1,0,0,0,0,1,0,0
28900,2,7,1,136,1,92,1,0,0,0,0,0,1,0
22300,4,66,1,136,1,275,0,0,0,0,0,1,0,0
29900,2,68,1,136,1,270,1,0,1,0,0,1,0,0
22000,3,68,1,136,1,384,1,0,0,0,0,0,1,0
28000,1,8,1,136,1,177,1,0,1,0,0,1,0,0
28590,4,56,1,136,1,216,0,0,1,0,0,1,0,0
27499,3,50,1,136,1,86,1,0,1,0,0,0,0,0
28000,1,8,1,136,1,177,1,0,1,0,0,1,0,0
28800,2,40,1,136,1,200,1,0,1,0,0,0,1,0
28900,1,16,1,136,1,177,0,0,1,0,0,1,0,0
27000,4,31,1,136,1,25,1,0,1,0,0,0,0,0
30000,1,1,1,136,1,177,1,0,1,0,0,1,0,0
29490,4,21,1,136,1,216,0,0,1,0,0,1,0,0
29500,4,53,1,136,1,68,1,0,1,0,0,0,0,0
6800,1,62,1,109,1,65,0,0,0,1,0,0,0,0
7300,3,6,1,109,1,66,0,0,0,0,0,0,0,0
9300,5,50,1,150,1,66,1,0,1,0,0,0,0,0
9400,0,115,1,109,1,276,1,0,0,1,0,1,0,0
9499,4,51,1,136,1,512,0,0,0,1,0,0,0,1
12990,5,169,1,116,1,326,1,0,0,0,1,0,1,0
13900,5,211,1,116,1,807,1,0,0,0,0,0,0,1
14900,5,178,1,116,1,112,1,0,0,0,1,0,0,0
14990,5,180,1,150,1,607,1,0,0,0,0,0,0,1
14990,5,180,1,150,1,848,1,0,0,0,0,0,0,1
14999,5,180,1,116,1,304,1,0,0,0,0,0,0,1
14999,5,180,1,116,1,304,1,0,0,0,0,0,0,1
15000,5,179,1,150,1,607,1,0,0,0,0,0,0,1
15000,5,179,1,150,1,848,1,0,0,0,0,0,0,1
15500,5,195,1,116,1,811,1,0,0,0,0,0,0,1
15500,5,199,1,116,1,607,1,0,0,0,1,0,0,1
15500,5,199,1,116,1,848,1,0,0,0,1,0,0,1
15900,5,140,1,116,1,523,1,0,0,0,0,0,0,1
15999,5,141,1,116,1,120,1,0,0,0,0,0,0,0
16000,5,197,1,116,1,474,1,0,0,1,0,0,0,1
16499,5,142,1,116,1,87,1,0,1,0,0,0,1,0
16500,4,175,1,116,1,811,1,0,0,0,0,0,0,1
16500,5,163,1,116,1,607,1,0,0,0,0,0,0,1
16800,4,202,1,150,1,700,1,0,0,1,0,0,0,1
16850,5,54,1,136,1,326,0,0,0,0,0,0,1,0
16900,5,129,1,116,1,89,1,0,0,0,0,0,0,0
16900,4,122,1,116,1,162,1,0,0,1,0,1,0,0
16900,4,167,1,116,1,812,1,0,0,0,0,0,0,1
16900,5,118,1,116,1,180,1,0,0,0,0,1,0,0
16900,4,167,1,116,1,812,1,0,0,0,0,0,0,1
16900,5,118,1,116,1,180,1,0,0,0,0,1,0,0
16999,5,145,1,136,1,246,0,0,0,1,0,0,1,0
17490,5,96,1,116,1,761,1,0,0,0,0,0,0,1
17499,5,80,1,116,1,176,1,0,0,0,0,0,1,0
17499,4,150,1,116,1,485,1,0,0,1,0,0,0,1
17500,4,216,1,116,1,542,1,0,0,0,0,0,0,1
17500,5,172,1,116,1,326,1,0,0,0,1,0,1,0
17700,5,179,1,116,1,504,1,0,1,0,0,0,0,1
17700,5,179,1,116,1,504,1,0,1,0,0,0,0,1
17800,5,167,1,116,1,629,1,0,0,1,0,0,0,1
17900,4,96,1,109,1,65,0,0,0,0,0,0,0,0
17900,5,79,1,136,1,423,0,0,0,0,0,0,0,1
17950,5,118,1,116,1,78,1,0,0,0,0,0,0,0
17950,4,99,1,136,1,169,0,0,0,0,0,1,0,0
17990,5,59,1,136,1,326,0,0,0,0,0,0,1,0
17990,5,124,1,116,1,42,1,0,0,0,0,0,0,0
17999,4,129,1,116,1,201,1,0,0,0,0,1,0,0
17999,4,98,1,116,1,87,1,0,0,0,1,0,1,0
17999,4,119,1,116,1,87,1,0,0,0,1,0,1,0
17999,4,119,1,150,1,87,1,0,0,0,1,0,1,0
18000,5,137,1,116,1,828,1,0,0,1,0,0,0,1
18100,5,67,1,116,1,587,1,0,0,0,0,0,0,1
18400,5,164,1,116,1,200,1,0,0,0,0,0,1,0
18400,5,99,1,116,1,57,1,0,0,0,1,0,0,0
18490,5,113,1,116,1,837,1,0,0,0,0,0,0,1
18500,5,200,1,150,1,483,1,0,1,0,0,0,0,1
18500,4,70,1,116,1,326,1,0,0,0,0,0,1,0
18800,4,147,1,116,1,464,1,0,0,0,1,0,0,1
18800,4,110,1,109,1,129,0,0,0,0,1,0,0,0
18800,5,123,1,116,1,377,1,0,1,0,0,0,1,0
18899,5,112,1,116,1,581,1,0,0,0,0,0,0,1
18900,5,143,1,150,1,222,1,0,1,0,0,1,0,0
18900,5,99,1,150,1,326,1,0,0,0,0,0,1,0
18900,5,83,1,116,1,611,1,0,0,0,0,0,0,1
18900,3,21,1,136,1,262,0,0,0,0,0,1,0,0
18900,3,26,1,136,1,262,0,0,0,0,0,1,0,0
18900,3,23,1,136,1,262,0,0,0,0,0,1,0,0
18900,4,125,1,116,1,550,1,0,0,0,0,0,0,1
18900,5,127,1,150,1,483,1,0,0,0,0,0,0,1
18900,4,84,1,109,1,86,0,0,0,0,0,0,0,0
18900,5,145,1,116,1,768,1,0,0,1,0,0,0,1
18900,5,125,1,116,1,82,1,0,0,0,0,0,0,0
18950,5,89,1,136,1,163,0,0,0,0,1,0,0,0
18970,4,159,1,150,1,326,1,0,0,0,0,0,1,0
18990,5,89,1,116,1,348,1,0,0,0,0,0,1,0
18990,5,178,1,150,1,811,1,0,1,0,0,0,0,1
18990,4,69,1,116,1,144,1,0,0,0,0,1,0,0
18999,4,190,1,116,1,484,1,0,1,0,0,0,0,1
18999,4,95,1,150,1,511,1,0,0,1,0,0,0,1
19000,5,148,1,150,1,129,1,0,0,0,0,0,1,0
19000,4,130,1,116,1,779,1,0,0,1,0,0,0,1
19000,4,40,1,136,1,326,0,0,0,0,0,0,1,0
19100,5,62,1,136,1,202,0,0,0,0,0,1,0,0
19400,4,59,1,136,1,275,0,0,0,0,0,1,0,0
19490,5,51,1,136,1,511,0,0,0,0,0,0,0,1
19499,4,105,1,116,1,87,1,0,1,0,0,0,1,0
19500,4,162,1,150,1,108,1,0,0,0,1,1,0,0
19700,5,79,1,116,1,381,1,0,0,1,0,0,1,0
19700,4,62,1,136,1,275,0,0,0,0,0,1,0,0
19700,5,130,1,150,1,706,1,0,0,1,0,0,0,1
19800,4,92,1,116,1,611,1,0,0,0,0,0,0,1
19900,5,121,1,116,1,200,1,0,0,0,0,0,1,0
19900,4,149,1,116,1,200,1,0,0,0,0,0,1,0
19900,5,129,1,150,1,759,1,0,0,0,0,0,0,1
19900,4,188,1,116,1,742,1,0,1,0,0,0,0,1
19900,4,126,1,116,1,65,1,0,1,0,0,0,0,0
19900,5,189,1,150,1,823,1,0,1,0,0,0,0,1
19900,5,40,1,136,1,114,0,0,0,0,0,1,0,0
19900,5,40,1,136,1,114,0,0,0,0,0,1,0,0
19900,4,67,1,116,1,163,1,0,0,0,0,0,0,0
19900,3,21,1,136,1,262,0,0,0,0,0,1,0,0
19900,3,18,1,136,1,262,0,0,0,0,0,1,0,0
19900,3,24,1,136,1,262,0,0,0,0,0,1,0,0
19900,3,21,1,136,1,262,0,0,0,0,0,1,0,0
19900,3,22,1,136,1,262,0,0,0,0,0,1,0,0
19900,5,119,1,150,1,147,1,0,0,0,0,1,0,0
19900,3,97,1,116,1,628,1,0,0,0,0,0,0,1
19900,5,166,1,150,1,798,1,0,1,0,0,0,0,1
19900,4,91,1,116,1,914,1,0,0,0,0,0,0,1
19900,3,111,1,116,1,121,1,0,0,0,0,1,0,0
19990,4,49,1,136,1,208,0,0,0,0,0,1,0,0
19990,4,65,1,116,1,140,1,0,0,0,0,0,1,0
19990,4,145,1,190,1,435,1,0,0,0,0,0,0,1
19990,5,69,1,116,1,326,1,0,0,0,0,0,1,0
19990,4,90,1,116,1,424,1,0,0,0,1,0,0,1
19999,5,90,1,136,1,177,0,0,1,0,0,1,0,0
19999,4,78,1,116,1,474,1,0,0,0,1,0,0,1
19999,4,105,1,116,1,87,1,0,1,0,0,0,1,0
20160,5,132,1,150,1,630,1,0,0,0,0,0,0,1
20160,5,134,1,150,1,630,1,0,0,0,0,0,0,1
20250,5,66,1,150,1,163,1,0,0,0,1,0,0,0
20400,4,59,1,136,1,275,0,0,0,0,0,1,0,0
20400,4,80,1,116,1,611,1,0,0,0,0,0,0,1
20499,4,75,1,150,1,326,1,0,0,0,0,0,1,0
20500,3,83,1,116,1,581,1,0,0,0,0,0,0,1
20500,5,114,1,116,1,695,1,0,0,0,0,0,0,1
20500,5,49,1,136,1,127,0,0,0,0,1,0,0,0
20500,5,115,1,116,1,381,1,0,0,0,1,0,1,0
20500,4,58,1,116,1,496,1,0,0,0,0,0,0,1
20700,5,115,1,150,1,186,1,0,0,1,0,0,0,0
20700,5,115,1,150,1,173,1,0,0,1,0,0,0,0
20700,4,127,1,116,1,201,1,0,0,0,1,1,0,0
20700,5,144,1,116,1,292,1,0,1,0,0,0,1,0
20800,4,69,1,136,1,222,0,0,0,0,0,1,0,0
20800,4,64,1,116,1,87,1,0,0,0,0,1,0,0
20899,5,134,1,116,1,485,1,0,1,0,0,0,0,1
20899,5,134,1,116,1,628,1,0,1,0,0,0,0,1
20899,5,134,1,116,1,750,1,0,1,0,0,0,0,1
20899,5,134,1,116,1,99,1,0,1,0,0,0,1,0
20899,5,134,1,116,1,283,1,0,1,0,0,1,0,0
20899,5,134,1,116,1,611,1,0,1,0,0,0,0,1
20899,5,134,1,116,1,25,1,0,1,0,0,0,0,0
20899,5,134,1,116,1,86,1,0,1,0,0,0,0,0
20899,5,134,1,116,1,861,1,0,1,0,0,0,0,1
20899,5,134,1,116,1,130,1,0,1,0,0,0,1,0
20900,4,103,1,136,1,275,0,0,0,0,0,1,0,0
20900,4,82,1,150,1,275,1,0,0,0,0,1,0,0
20900,5,110,1,116,1,201,1,0,1,0,0,1,0,0
20900,4,80,1,116,1,200,1,0,0,1,0,1,0,0
20900,4,99,1,150,1,326,1,0,0,0,0,0,1,0
20900,4,90,1,116,1,384,1,0,0,0,0,0,1,0
20900,5,44,1,116,1,326,1,0,0,0,0,0,1,0
20900,4,72,1,116,1,86,1,0,0,0,0,0,0,0
20900,4,99,1,150,1,326,1,0,0,0,0,0,1,0
20900,4,113,1,150,1,659,1,0,0,1,0,0,0,1
20900,5,103,1,116,1,418,1,0,0,0,1,0,0,1
20900,3,27,1,136,1,262,0,0,0,0,0,1,0,0
20900,3,29,1,136,1,262,0,0,0,0,0,1,0,0
20900,3,25,1,136,1,262,0,0,0,0,0,1,0,0
20900,4,62,1,116,1,92,1,0,0,0,0,0,1,0
20900,3,78,1,136,1,65,0,0,0,0,0,0,0,0
20900,5,85,1,116,1,765,1,0,0,0,1,0,0,1
20900,3,45,1,109,1,86,0,0,0,0,0,0,0,0
20900,4,72,1,116,1,276,1,0,1,0,0,1,0,0
20900,4,135,1,116,1,168,1,0,1,0,0,1,0,0
20999,4,61,1,116,1,448,1,0,0,0,0,0,0,1
20999,5,132,1,150,1,25,1,0,0,0,1,0,0,0
20999,5,132,1,150,1,326,1,0,0,0,1,0,1,0
20999,5,132,1,150,1,283,1,0,0,0,1,1,0,0
20999,5,132,1,150,1,611,1,0,0,0,1,0,0,1
20999,5,132,1,150,1,86,1,0,0,0,1,0,0,0
20999,5,132,1,150,1,750,1,0,0,0,1,0,0,1
20999,5,132,1,150,1,861,1,0,0,0,1,0,0,1
20999,4,80,1,136,1,50,0,0,0,0,0,0,0,0
21000,5,98,1,116,1,881,1,0,0,0,1,0,0,1
21000,5,98,1,116,1,101,1,0,0,0,1,0,1,0
21000,5,109,1,116,1,85,1,0,1,0,0,0,1,0
21000,5,99,1,116,1,700,1,0,1,0,0,0,0,1
21000,5,98,1,116,1,98,1,0,0,0,1,0,1,0
21199,4,94,1,116,1,86,1,0,0,0,1,0,0,0
21199,4,94,1,116,1,283,1,0,0,0,1,1,0,0
21199,4,94,1,116,1,611,1,0,0,0,1,0,0,1
21199,4,94,1,116,1,25,1,0,0,0,1,0,0,0
21199,4,94,1,116,1,130,1,0,0,0,1,0,1,0
21199,4,94,1,116,1,99,1,0,0,0,1,0,1,0
21199,4,94,1,116,1,750,1,0,0,0,1,0,0,1
21299,4,121,1,116,1,490,1,0,1,0,0,0,0,1
21300,4,53,1,116,1,202,1,0,0,0,0,1,0,0
21300,5,59,1,136,1,326,0,0,1,0,0,0,1,0
21400,5,47,1,150,1,296,1,0,0,0,0,0,1,0
21400,5,52,1,136,1,23,0,0,0,0,1,0,0,0
21400,5,139,1,190,1,31,1,0,1,0,0,0,0,0
21400,5,139,1,190,1,57,1,0,1,0,0,0,0,0
21400,5,115,1,150,1,74,1,0,1,0,0,0,0,0
21490,4,116,1,150,1,170,1,0,0,0,1,1,0,0
21490,5,108,1,116,1,132,1,0,0,0,1,0,0,0
21490,5,108,1,116,1,164,1,0,0,0,1,0,1,0
21499,5,99,1,116,1,311,1,0,0,0,1,0,0,1
21500,3,55,1,136,1,296,0,0,0,0,0,0,1,0
21500,5,183,1,150,1,615,1,0,1,0,0,0,0,1
21500,4,80,1,116,1,381,1,0,0,0,0,0,1,0
21500,4,91,1,136,1,381,0,0,0,0,1,0,1,0
21500,4,91,1,136,1,368,0,0,0,0,1,0,1,0
21500,4,80,1,116,1,368,1,0,0,0,0,0,1,0
21500,5,123,1,150,1,828,1,0,0,0,1,0,0,1
21500,4,130,1,116,1,775,1,0,1,0,0,0,0,1
21500,4,120,1,116,1,698,1,0,1,0,0,0,0,1
21500,4,54,1,116,1,154,1,0,0,0,0,0,0,0
21500,4,64,1,109,1,389,0,0,0,0,0,0,0,1
21500,4,49,1,116,1,146,1,0,0,0,0,0,1,0
21500,4,165,1,150,1,706,1,0,1,0,0,0,0,1
21500,5,70,1,150,1,486,1,0,1,0,0,0,0,1
21600,5,81,1,116,1,206,1,0,0,0,1,1,0,0
21600,5,81,1,116,1,196,1,0,0,0,1,1,0,0
21699,4,102,1,116,1,130,1,0,1,0,0,0,1,0
21700,4,93,1,116,1,623,1,0,0,0,0,0,0,1
21799,5,72,1,150,1,490,1,0,0,0,1,0,0,1
21799,5,91,1,116,1,611,1,0,1,0,0,0,0,1
21800,5,97,1,116,1,781,1,0,0,0,0,0,0,1
21800,5,97,1,116,1,781,1,0,0,0,0,0,0,1
21800,4,45,1,116,1,31,1,0,0,0,0,0,0,0
21800,4,79,1,150,1,283,1,0,0,0,0,1,0,0
21800,4,104,1,116,1,735,1,0,0,0,1,0,0,1
21890,4,90,1,150,1,288,1,0,0,0,0,0,1,0
21899,5,116,1,116,1,283,1,0,1,0,0,1,0,0
21899,5,116,1,116,1,86,1,0,1,0,0,0,0,0
21899,5,116,1,116,1,861,1,0,1,0,0,0,0,1
21899,5,116,1,116,1,611,1,0,1,0,0,0,0,1
21899,5,116,1,116,1,99,1,0,1,0,0,0,1,0
21899,5,116,1,116,1,177,1,0,1,0,0,1,0,0
21899,5,116,1,116,1,326,1,0,1,0,0,0,1,0
21899,5,116,1,116,1,130,1,0,1,0,0,0,1,0
21899,5,116,1,116,1,25,1,0,1,0,0,0,0,0
21899,5,116,1,116,1,628,1,0,1,0,0,0,0,1
21899,5,116,1,116,1,485,1,0,1,0,0,0,0,1
21899,5,116,1,116,1,750,1,0,1,0,0,0,0,1
21900,4,23,1,109,1,20,0,0,0,1,0,0,0,0
21900,3,60,1,136,1,222,0,0,0,0,0,1,0,0
21900,5,124,1,150,1,190,1,0,1,0,0,1,0,0
21900,5,92,1,150,1,326,1,0,0,0,1,0,1,0
21900,5,57,1,116,1,131,1,0,0,0,0,0,0,0
21900,4,150,1,150,1,68,1,0,1,0,0,0,0,0
21900,4,91,1,150,1,149,1,0,0,0,0,0,0,0
21900,4,44,1,116,1,107,1,0,0,0,0,0,1,0
21900,3,27,1,136,1,262,0,0,1,0,0,1,0,0
21900,3,25,1,136,1,262,0,0,1,0,0,1,0,0
21900,3,25,1,136,1,262,0,0,0,0,0,1,0,0
21900,4,98,1,116,1,86,1,0,1,0,0,0,0,0
21900,4,38,1,136,1,262,0,0,1,0,0,1,0,0
21900,3,28,1,136,1,262,0,0,1,0,0,1,0,0
21900,3,31,1,136,1,262,0,0,1,0,0,1,0,0
21900,3,139,1,116,1,502,1,0,1,0,0,0,0,1
21900,5,61,1,136,1,326,0,0,0,0,0,0,1,0
21901,3,60,1,136,1,930,0,0,0,0,0,0,0,1
21990,4,105,1,150,1,424,1,0,0,0,1,0,0,1
21999,4,84,1,116,1,750,1,0,0,0,1,0,0,1
21999,4,84,1,116,1,25,1,0,0,0,1,0,0,0
21999,4,84,1,116,1,326,1,0,0,0,1,0,1,0
21999,4,84,1,116,1,86,1,0,0,0,1,0,0,0
21999,4,84,1,116,1,861,1,0,0,0,1,0,0,1
21999,4,49,1,116,1,55,1,0,0,0,0,0,0,0
22000,5,76,1,150,1,326,1,0,0,0,0,0,1,0
22000,5,200,1,150,1,833,1,0,1,0,0,0,0,1
22300,4,66,1,136,1,275,0,0,0,0,0,1,0,0
22399,5,74,1,116,1,490,1,0,1,0,0,0,0,1
22450,3,54,1,136,1,383,0,0,1,0,0,0,1,0
22490,5,97,1,116,1,154,1,0,1,0,0,1,0,0
22500,4,55,1,136,1,134,0,0,0,0,0,1,0,0
22500,4,67,1,116,1,121,1,0,0,1,0,1,0,0
22500,4,64,1,116,1,177,1,0,0,0,1,1,0,0
22500,3,81,1,116,1,775,1,0,0,0,0,0,0,1
22500,4,72,1,116,1,129,1,0,0,0,0,0,1,0
22500,5,70,1,136,1,310,0,0,0,0,1,0,1,0
22500,5,185,1,150,1,177,1,0,1,0,0,1,0,0
22500,5,65,1,190,1,326,1,0,0,0,1,0,1,0
22780,3,68,1,116,1,384,1,0,0,1,0,0,1,0
22800,4,102,1,116,1,228,1,0,1,0,0,0,0,0
22800,4,102,1,116,1,86,1,0,1,0,0,0,0,0
22899,5,129,1,150,1,695,1,0,1,0,0,0,0,1
22899,4,95,1,116,1,656,1,0,0,0,0,0,0,1
22900,5,119,1,116,1,894,1,0,0,0,1,0,0,1
22900,4,55,1,116,1,163,1,0,0,0,0,0,0,0
22900,4,72,1,116,1,163,1,0,0,0,0,0,0,0
22900,4,49,1,116,1,163,1,0,0,0,0,0,0,0
22900,4,55,1,116,1,163,1,0,0,0,0,0,0,0
22900,4,72,1,116,1,163,1,0,0,0,0,0,0,0
22900,4,49,1,116,1,163,1,0,0,0,0,0,0,0
22900,4,77,1,116,1,239,1,0,0,0,0,0,0,0
22900,4,67,1,116,1,326,1,0,0,0,0,0,1,0
22900,4,70,1,116,1,742,1,0,0,0,0,0,0,1
22900,5,49,1,150,1,275,1,0,0,0,0,1,0,0
22900,4,74,1,116,1,843,1,0,0,0,0,0,0,1
22900,5,83,1,116,1,883,1,0,0,0,1,0,0,1
22900,4,59,1,116,1,750,1,0,0,0,0,0,0,1
22900,4,86,1,136,1,177,0,0,1,0,0,1,0,0
22900,4,86,1,116,1,206,1,0,0,0,1,1,0,0
22900,4,56,1,116,1,101,1,0,0,0,0,0,1,0
22900,4,58,1,116,1,133,1,0,0,0,0,0,0,0
22900,4,84,1,116,1,107,1,0,1,0,0,0,0,0
22900,3,33,1,136,1,262,0,0,1,0,0,1,0,0
22900,5,52,1,116,1,218,1,0,1,0,0,1,0,0
22900,5,61,1,116,1,161,1,0,0,0,1,1,0,0
22900,5,110,1,116,1,881,1,0,0,0,1,0,0,1
22900,4,63,1,116,1,742,1,0,0,0,1,0,0,1
22900,4,67,1,116,1,65,1,0,0,0,1,0,0,0
22900,3,27,1,136,1,262,0,0,1,0,0,1,0,0
22900,3,19,1,136,1,262,0,0,1,0,0,1,0,0
22900,3,29,1,136,1,262,0,0,1,0,0,1,0,0
22900,4,69,1,116,1,750,1,0,1,0,0,0,0,1
22900,3,65,1,150,1,448,1,0,0,0,0,0,0,1
22900,4,56,1,116,1,98,1,0,0,0,0,0,1,0
22900,4,67,1,116,1,171,1,0,0,0,1,1,0,0
22900,5,55,1,136,1,132,0,0,1,0,0,0,0,0
22950,4,32,1,136,1,14,0,0,0,1,0,0,0,0
22950,4,40,1,136,1,14,0,0,0,0,0,0,0,0
22990,5,80,1,136,1,163,0,0,0,0,1,1,0,0
22990,4,70,1,116,1,178,1,0,1,0,0,1,0,0
22999,3,32,1,116,1,495,1,0,0,0,0,0,0,1
22999,5,103,1,116,1,485,1,0,1,0,0,0,0,1
22999,3,63,1,136,1,187,0,0,0,0,0,1,0,0
22999,5,85,1,136,1,50,0,0,1,0,0,0,0,0
23000,5,87,1,116,1,101,1,0,0,0,1,0,1,0
23000,4,67,1,116,1,101,1,0,1,0,0,0,1,0
23000,5,70,1,136,1,326,0,0,1,0,0,0,1,0
23000,5,87,1,116,1,98,1,0,0,0,1,0,1,0
23000,4,67,1,116,1,98,1,0,1,0,0,0,1,0
23199,4,149,1,150,1,130,1,0,1,0,0,0,1,0
23199,4,149,1,150,1,628,1,0,1,0,0,0,0,1
23257,4,87,1,116,1,630,1,0,1,0,0,0,0,1
23300,5,69,1,116,1,216,1,0,1,0,0,1,0,0
23300,4,130,1,150,1,422,1,0,1,0,0,0,1,0
23300,2,104,1,150,1,101,1,0,1,0,0,1,0,0
23400,5,64,1,116,1,193,1,0,0,0,0,1,0,0
23400,4,115,1,150,1,201,1,0,1,0,0,1,0,0
23400,5,106,1,150,1,579,1,0,1,0,0,0,0,1
23400,4,80,1,150,1,65,1,0,0,0,1,0,0,0
23490,5,76,1,136,1,31,0,0,1,0,0,0,0,0
23500,4,69,1,150,1,326,1,0,0,0,0,0,1,0
23500,4,60,1,109,1,180,0,0,0,0,0,1,0,0
23500,4,66,1,116,1,101,1,0,0,0,0,0,1,0
23500,5,125,1,150,1,127,1,0,1,0,0,0,0,0
23500,4,66,1,116,1,98,1,0,0,0,0,0,1,0
23500,3,102,1,116,1,101,1,0,1,0,0,0,1,0
23500,5,110,1,116,1,292,1,0,1,0,0,0,1,0
23500,3,102,1,116,1,98,1,0,1,0,0,0,1,0
23500,4,56,1,136,1,286,0,0,0,0,1,1,0,0
23500,4,60,1,109,1,171,0,0,0,0,0,1,0,0
23570,2,11,1,136,1,276,0,0,0,1,0,1,0,0
23599,4,94,1,116,1,750,1,0,1,0,0,0,0,1
23599,4,94,1,116,1,99,1,0,1,0,0,0,1,0
23599,4,94,1,116,1,485,1,0,1,0,0,0,0,1
23599,4,94,1,116,1,130,1,0,1,0,0,0,1,0
23599,4,94,1,116,1,628,1,0,1,0,0,0,0,1
23599,4,94,1,116,1,86,1,0,1,0,0,0,0,0
23670,4,31,1,136,1,276,0,0,1,0,0,1,0,0
23700,5,74,1,116,1,201,1,0,0,0,1,1,0,0
23700,5,74,1,116,1,623,1,0,0,0,0,0,0,1
23700,4,67,1,150,1,754,1,0,0,0,0,0,0,1
23790,5,49,1,116,1,55,1,0,1,0,0,0,0,0
23798,5,46,1,116,1,86,1,0,0,0,1,0,0,0
23800,3,74,1,136,1,220,0,0,1,0,0,0,1,0
23800,5,105,1,150,1,747,1,0,0,0,1,0,0,1
23835,4,74,1,116,1,630,1,0,1,0,0,0,0,1
23880,3,43,1,136,1,276,0,0,1,0,0,1,0,0
23890,4,51,1,150,1,178,1,0,0,1,0,1,0,0
23900,4,69,1,136,1,161,0,0,0,0,1,1,0,0
23900,4,19,1,116,1,101,1,0,0,1,0,0,1,0
23900,5,39,1,136,1,163,0,0,0,1,0,0,0,0
23900,5,118,1,116,1,389,1,0,1,0,0,0,0,1
23900,3,28,1,136,1,742,0,0,0,0,0,0,0,1
23900,5,82,1,116,1,894,1,0,0,0,1,0,0,1
23900,4,64,1,109,1,101,0,0,0,0,0,0,1,0
23900,5,59,1,136,1,127,0,0,1,0,0,0,0,0
23900,4,31,1,150,1,326,1,0,0,0,0,0,1,0
23900,5,87,1,116,1,245,1,0,1,0,0,1,0,0
23900,2,17,1,136,1,262,0,0,0,0,0,1,0,0
23900,3,19,1,136,1,262,0,0,1,0,0,1,0,0
23900,3,21,1,136,1,262,0,0,1,0,0,1,0,0
23900,3,30,1,136,1,262,0,0,1,0,0,1,0,0
23900,5,99,1,150,1,667,1,0,1,0,0,0,0,1
23900,3,28,1,136,1,262,0,0,1,0,0,1,0,0
23900,3,22,1,136,1,262,0,0,1,0,0,1,0,0
23900,3,14,1,136,1,262,0,0,1,0,0,1,0,0
23900,3,24,1,136,1,262,0,0,1,0,0,1,0,0
23900,1,14,1,136,1,262,0,0,0,0,0,1,0,0
23900,3,23,1,136,1,262,0,0,1,0,0,1,0,0
23900,3,20,1,136,1,262,0,0,1,0,0,1,0,0
23900,4,54,1,116,1,286,1,0,1,0,0,1,0,0
23900,4,91,1,116,1,86,1,0,1,0,0,0,0,0
23900,5,71,1,150,1,218,1,0,1,0,0,1,0,0
23900,5,74,1,150,1,164,1,0,1,0,0,0,1,0
23900,5,74,1,150,1,132,1,0,1,0,0,0,0,0
23900,5,49,1,136,1,156,0,0,1,0,0,0,0,0
23900,4,131,1,150,1,849,1,0,1,0,0,0,0,1
23950,4,50,1,178,1,276,0,0,0,0,0,1,0,0
23950,5,25,1,136,1,14,0,0,0,0,0,0,0,0
23950,2,32,1,116,1,223,1,0,0,0,0,0,1,0
23950,4,60,1,109,1,319,0,0,1,0,0,0,1,0
23990,5,68,1,150,1,233,1,0,1,0,0,1,0,0
23990,3,48,1,116,1,146,1,0,0,0,0,0,1,0
23990,3,88,1,116,1,478,1,0,1,0,0,0,0,1
23990,2,48,1,116,1,65,1,0,1,0,0,0,0,0
23999,5,91,1,116,1,88,1,0,1,0,0,0,1,0
23999,4,112,1,150,1,750,1,0,1,0,0,0,0,1
23999,4,112,1,150,1,25,1,0,1,0,0,0,0,0
23999,4,112,1,150,1,628,1,0,1,0,0,0,0,1
23999,4,112,1,150,1,485,1,0,1,0,0,0,0,1
23999,4,112,1,150,1,861,1,0,1,0,0,0,0,1
23999,4,112,1,150,1,86,1,0,1,0,0,0,0,0
23999,5,46,1,136,1,130,0,0,1,0,0,0,1,0
23999,5,46,1,136,1,86,0,0,1,0,0,0,0,0
23999,5,46,1,136,1,283,0,0,1,0,0,1,0,0
23999,5,46,1,136,1,628,0,0,1,0,0,0,0,1
23999,5,46,1,136,1,25,0,0,1,0,0,0,0,0
23999,5,46,1,136,1,611,0,0,1,0,0,0,0,1
24000,5,82,1,116,1,31,1,0,1,0,0,0,0,0
24000,5,78,1,116,1,695,1,0,1,0,0,0,0,1
24000,5,113,1,150,1,177,1,0,1,0,0,1,0,0
24000,3,55,1,116,1,383,1,0,1,0,0,0,1,0
24000,5,67,1,116,1,101,1,0,1,0,0,0,1,0
24000,5,67,1,116,1,98,1,0,1,0,0,0,1,0
24255,4,63,1,116,1,630,1,0,1,0,0,0,0,1
24299,4,56,1,150,1,490,1,0,0,0,0,0,0,1
24400,5,62,1,116,1,193,1,0,0,0,1,1,0,0
24400,3,26,1,109,1,65,0,0,1,0,0,0,0,0
24400,4,44,1,116,1,200,1,0,0,0,0,0,1,0
24490,5,81,1,136,1,326,0,0,1,0,0,0,1,0
24490,4,135,1,150,1,339,1,0,1,0,0,0,0,1
24499,4,115,1,150,1,490,1,0,1,0,0,0,0,1
24499,5,53,1,116,1,88,1,0,1,0,0,0,1,0
24500,4,88,1,136,1,82,0,0,0,0,1,0,0,0
24500,4,58,1,136,1,222,0,0,1,0,0,1,0,0
24500,1,27,1,116,1,326,1,0,0,0,0,0,1,0
24500,4,140,1,150,1,200,1,0,1,0,0,0,1,0
24500,4,90,1,116,1,101,1,0,1,0,0,0,1,0
24500,4,45,1,150,1,326,1,0,1,0,0,0,1,0
24500,5,46,1,116,1,65,1,0,1,0,0,0,0,0
24500,4,66,1,150,1,132,1,0,1,0,0,0,0,0
24500,5,78,1,116,1,101,1,0,1,0,0,0,1,0
24500,4,66,1,150,1,164,1,0,1,0,0,0,1,0
24500,5,78,1,116,1,98,1,0,1,0,0,0,1,0
24500,4,90,1,116,1,98,1,0,1,0,0,0,1,0
24600,5,93,1,150,1,156,1,0,0,0,1,0,0,0
24600,5,50,1,190,1,195,1,0,0,0,1,0,0,0
24600,3,85,1,116,1,208,1,0,1,0,0,1,0,0
24700,5,80,1,116,1,724,1,0,0,0,0,0,0,1
24800,4,95,1,116,1,185,1,0,1,0,0,1,0,0
24800,4,30,1,116,1,190,1,0,1,0,0,1,0,0
24800,3,20,1,136,1,177,0,0,0,0,1,1,0,0
24800,5,34,1,190,1,146,1,0,0,0,0,1,0,0
24900,5,41,1,136,1,101,0,0,1,0,0,0,0,0
24900,3,49,1,116,1,464,1,0,0,0,1,0,0,1
24900,3,41,1,150,1,200,1,0,0,0,0,0,1,0
24900,4,48,1,116,1,201,1,0,0,0,1,1,0,0
24900,5,99,1,116,1,623,1,0,1,0,0,0,0,1
24900,5,55,1,136,1,256,0,0,1,0,0,1,0,0
24900,3,107,1,116,1,233,1,0,1,0,0,1,0,0
24900,3,107,1,116,1,177,1,0,1,0,0,1,0,0
24900,3,107,1,116,1,177,1,0,1,0,0,1,0,0
24900,4,91,1,150,1,389,1,0,0,0,0,0,0,1
24900,4,92,1,150,1,742,1,0,1,0,0,0,0,1
24900,2,52,1,116,1,101,1,0,1,0,0,0,0,0
24900,2,25,1,136,1,276,0,0,1,0,0,1,0,0
24900,4,84,1,150,1,861,1,0,0,0,1,0,0,1
24900,2,48,1,116,1,436,1,0,0,0,0,0,0,1
24900,3,77,1,136,1,500,0,0,0,0,1,0,0,1
24900,4,98,1,150,1,611,1,0,0,0,0,0,0,1
24900,4,103,1,150,1,111,1,0,1,0,0,1,0,0
24900,4,52,1,116,1,750,1,0,0,0,0,0,0,1
24900,5,74,1,116,1,362,1,0,1,0,0,0,1,0
24900,5,75,1,150,1,270,1,0,1,0,0,1,0,0
24900,5,75,1,150,1,201,1,0,1,0,0,1,0,0
24900,2,94,1,116,1,206,1,0,1,0,0,1,0,0
24900,3,28,1,136,1,262,0,0,1,0,0,1,0,0
24900,3,19,1,136,1,262,0,0,1,0,0,1,0,0
24900,3,79,1,116,1,759,1,0,1,0,0,0,0,1
24900,4,67,1,116,1,184,1,0,1,0,0,1,0,0
24900,4,139,1,150,1,523,1,0,1,0,0,0,0,1
24900,2,21,1,136,1,262,0,0,1,0,0,1,0,0
24900,3,32,1,136,1,262,0,0,1,0,0,1,0,0
24900,2,94,1,116,1,196,1,0,1,0,0,1,0,0
24900,2,44,1,116,1,121,1,0,0,1,0,1,0,0
24900,4,74,1,136,1,121,0,0,1,0,0,1,0,0
24900,4,81,1,116,1,98,1,0,1,0,0,0,1,0
24900,4,94,1,150,1,412,1,0,1,0,0,0,0,1
24950,5,37,1,136,1,276,0,0,1,0,0,1,0,0
24990,5,58,1,116,1,128,1,0,1,0,0,0,0,0
24990,3,62,1,150,1,667,1,0,1,0,0,0,0,1
24990,4,143,1,150,1,326,1,0,1,0,0,0,1,0
24990,5,85,1,116,1,213,1,0,1,0,0,0,1,0
24990,5,108,1,150,1,648,1,0,1,0,0,0,0,1
24999,4,45,1,150,1,276,1,0,1,0,0,1,0,0
24999,5,137,1,150,1,88,1,0,1,0,0,0,1,0
24999,4,119,1,150,1,40,1,0,1,0,0,0,0,0
24999,4,29,1,150,1,326,1,0,0,0,0,0,1,0
25000,4,52,1,178,1,350,0,0,0,0,0,0,1,0
25000,3,68,1,116,1,101,1,0,0,0,0,0,1,0
25000,5,63,1,190,1,216,1,0,0,0,1,1,0,0
25000,3,68,1,116,1,98,1,0,0,0,0,0,1,0
25100,4,40,1,136,1,206,0,0,0,0,0,1,0,0
25100,2,95,1,150,1,164,1,0,0,0,0,0,1,0
25100,2,95,1,150,1,132,1,0,0,0,0,0,0,0
25100,4,40,1,136,1,208,0,0,0,0,0,1,0,0
25200,4,21,1,136,1,159,0,0,0,0,1,0,0,0
25200,4,71,1,116,1,286,1,0,1,0,0,1,0,0
25299,4,70,1,136,1,490,0,0,1,0,0,0,0,1
25300,4,94,1,150,1,695,1,0,1,0,0,0,0,1
25300,4,79,1,116,1,286,1,0,1,0,0,1,0,0
25400,5,135,1,150,1,382,1,0,1,0,0,0,1,0
25400,5,159,1,190,1,156,1,0,1,0,0,0,0,0
25400,3,75,1,116,1,121,1,0,1,0,0,1,0,0
25490,5,73,1,116,1,389,1,0,1,0,0,0,0,1
25499,5,58,1,136,1,490,0,0,1,0,0,0,0,1
25499,2,35,1,116,1,475,1,0,0,0,0,0,0,1
25500,5,80,1,136,1,448,0,0,1,0,0,0,0,1
25500,5,104,1,150,1,94,1,0,1,0,0,0,0,0
25500,5,34,1,136,1,159,0,0,1,0,0,0,0,0
25500,5,51,1,116,1,68,1,0,1,0,0,0,0,0
25500,5,118,1,150,1,628,1,0,1,0,0,0,0,1
25500,4,81,1,116,1,101,1,0,1,0,0,0,1,0
25500,2,38,1,116,1,119,1,0,0,0,0,1,0,0
25500,2,93,1,150,1,206,1,0,1,0,0,1,0,0
25500,4,84,1,150,1,184,1,0,1,0,0,1,0,0
25500,4,51,1,116,1,270,1,0,1,0,0,1,0,0
25500,2,64,1,136,1,98,0,0,1,0,0,0,1,0
25500,5,59,1,136,1,156,0,0,1,0,0,0,0,0
25540,5,69,1,116,1,132,1,0,1,0,0,0,0,0
25540,5,69,1,116,1,164,1,0,1,0,0,0,1,0
25550,4,17,1,116,1,486,1,0,1,0,0,0,0,1
25570,2,16,1,109,1,276,0,0,1,0,0,1,0,0
25590,4,94,1,150,1,235,1,0,1,0,0,0,1,0
25600,4,110,1,116,1,156,1,0,1,0,0,0,0,0
25600,4,29,1,136,1,287,0,0,1,0,0,1,0,0
25799,5,70,1,150,1,130,1,0,1,0,0,0,1,0
25799,5,70,1,150,1,485,1,0,1,0,0,0,0,1
25799,5,70,1,150,1,611,1,0,1,0,0,0,0,1
25799,5,70,1,150,1,283,1,0,1,0,0,1,0,0
25799,5,70,1,150,1,25,1,0,1,0,0,0,0,0
25799,5,70,1,150,1,628,1,0,1,0,0,0,0,1
25799,5,70,1,150,1,750,1,0,1,0,0,0,0,1
25799,5,70,1,150,1,326,1,0,1,0,0,0,1,0
25799,5,70,1,150,1,861,1,0,1,0,0,0,0,1
25799,5,70,1,150,1,86,1,0,1,0,0,0,0,0
25800,4,38,1,116,1,20,1,0,0,0,1,0,0,0
25860,5,50,1,116,1,91,1,0,1,0,0,0,1,0
25899,4,51,1,116,1,490,1,0,1,0,0,0,0,1
25900,4,119,1,190,1,121,1,0,1,0,0,1,0,0
25900,5,75,1,116,1,552,1,0,0,0,1,0,0,1
25900,3,80,1,116,1,623,1,0,0,0,0,0,0,1
25900,5,63,1,136,1,495,0,0,1,0,0,0,0,1
25900,4,76,1,116,1,861,1,0,1,0,0,0,0,1
25900,4,76,1,116,1,807,1,0,1,0,0,0,0,1
25900,4,76,1,116,1,750,1,0,1,0,0,0,0,1
25900,4,76,1,116,1,819,1,0,1,0,0,0,0,1
25900,4,51,1,116,1,137,1,0,1,0,0,1,0,0
25900,5,67,1,116,1,111,1,0,1,0,0,0,1,0
25900,3,78,1,116,1,742,1,0,1,0,0,0,0,1
25900,5,145,1,190,1,659,1,0,1,0,0,0,0,1
25900,1,4,1,116,1,177,1,0,0,0,0,1,0,0
25900,3,39,1,116,1,25,1,0,0,0,0,0,0,0
25900,4,73,1,116,1,270,1,0,1,0,0,1,0,0
25900,2,64,1,136,1,101,0,0,1,0,0,0,1,0
25900,2,43,1,116,1,630,1,0,0,0,0,0,0,1
25900,4,100,1,150,1,608,1,0,1,0,0,0,0,1
25900,3,72,1,150,1,101,1,0,0,0,0,0,1,0
25900,3,44,1,136,1,333,0,0,0,0,0,0,1,0
25900,4,72,1,150,1,121,1,0,1,0,0,1,0,0
25900,4,55,1,116,1,86,1,0,1,0,0,0,0,0
25900,4,98,1,150,1,164,1,0,1,0,0,0,1,0
25900,3,72,1,150,1,98,1,0,0,0,0,0,1,0
25900,4,98,1,150,1,132,1,0,1,0,0,0,0,0
25900,4,72,1,150,1,611,1,0,0,1,0,0,0,1
25900,4,73,1,116,1,201,1,0,1,0,0,1,0,0
25900,2,25,1,150,1,695,1,0,0,0,0,0,0,1
25900,5,76,1,150,1,270,1,0,1,0,0,1,0,0
25900,3,19,1,136,1,262,0,0,1,0,0,1,0,0
25900,5,50,1,136,1,423,0,0,1,0,0,0,0,1
25900,4,81,1,116,1,101,1,0,1,0,0,0,1,0
25900,4,65,1,150,1,86,1,0,1,0,0,0,0,0
25900,4,73,1,116,1,146,1,0,1,0,0,0,0,0
25900,2,30,1,136,1,653,0,0,1,0,0,0,0,1
25900,4,78,1,150,1,184,1,0,1,0,0,1,0,0
25900,2,19,1,136,1,262,0,0,1,0,0,1,0,0
25900,3,45,1,136,1,164,0,0,1,0,0,0,1,0
25900,3,45,1,136,1,132,0,0,1,0,0,0,0,0
25900,4,45,1,136,1,190,0,0,1,0,0,1,0,0
25900,4,81,1,116,1,98,1,0,1,0,0,0,1,0
25900,5,50,1,136,1,276,0,0,0,0,1,1,0,0
25900,4,51,1,116,1,177,1,0,1,0,0,1,0,0
25900,2,49,1,116,1,83,1,0,1,0,0,0,1,0
25990,5,70,1,150,1,101,1,0,0,0,1,0,0,0
25990,4,65,1,150,1,935,1,0,1,0,0,0,0,1
25990,4,74,1,150,1,755,1,0,1,0,0,0,0,1
25990,4,30,1,136,1,588,0,0,1,0,0,0,0,1
25999,4,118,1,150,1,753,1,0,1,0,0,0,0,1
26000,5,53,1,116,1,166,1,0,0,0,0,1,0,0
26000,5,148,1,306,1,783,0,0,0,1,0,0,0,1
26000,5,71,1,116,1,129,1,0,1,0,0,0,1,0
26000,2,47,1,116,1,177,1,0,1,0,0,1,0,0
26300,5,95,1,190,1,65,1,0,1,0,0,0,0,0
26300,3,65,1,116,1,121,1,0,1,0,0,1,0,0
26399,2,73,1,150,1,485,1,0,1,0,0,0,0,1
26399,2,73,1,150,1,611,1,0,1,0,0,0,0,1
26399,2,73,1,150,1,177,1,0,1,0,0,1,0,0
26399,2,73,1,150,1,99,1,0,1,0,0,0,1,0
26399,2,73,1,150,1,25,1,0,1,0,0,0,0,0
26399,2,73,1,150,1,628,1,0,1,0,0,0,0,1
26400,4,102,1,150,1,234,1,0,1,0,0,0,0,0
26400,2,24,1,116,1,119,1,0,0,0,0,1,0,0
26400,4,68,1,150,1,101,1,0,1,0,0,0,0,0
26400,4,68,1,150,1,101,1,0,1,0,0,0,0,0
26400,4,54,1,116,1,124,1,0,1,0,0,0,0,0
26400,3,76,1,116,1,137,1,0,1,0,0,1,0,0
26400,3,70,1,116,1,222,1,0,1,0,0,1,0,0
26400,3,70,1,116,1,196,1,0,1,0,0,1,0,0
26400,4,102,1,150,1,86,1,0,1,0,0,0,0,0
26400,2,24,1,116,1,146,1,0,0,0,0,1,0,0
26400,3,76,1,116,1,177,1,0,1,0,0,1,0,0
26499,4,90,1,150,1,724,1,0,1,0,0,0,0,1
26499,4,11,1,116,1,504,1,0,1,0,0,0,0,1
26499,4,11,1,116,1,504,1,0,1,0,0,0,0,1
26500,4,79,1,150,1,381,1,0,1,0,0,0,1,0
26500,4,79,1,150,1,368,1,0,1,0,0,0,1,0
26500,3,86,1,116,1,101,1,0,1,0,0,0,1,0
26500,3,79,1,116,1,101,1,0,1,0,0,0,1,0
26500,5,118,1,306,1,128,0,0,0,1,0,0,0,0
26500,4,67,1,150,1,190,1,0,1,0,0,1,0,0
26500,4,64,1,116,1,98,1,0,1,0,0,0,1,0
26500,4,64,1,116,1,101,1,0,1,0,0,0,1,0
26500,3,77,1,116,1,186,1,0,1,0,0,0,0,0
26500,3,59,1,150,1,216,1,0,1,0,0,1,0,0
26500,3,77,1,116,1,86,1,0,1,0,0,0,0,0
26500,3,86,1,116,1,98,1,0,1,0,0,0,1,0
26500,3,79,1,116,1,98,1,0,1,0,0,0,1,0
26600,4,38,1,136,1,177,0,0,1,0,0,1,0,0
26800,4,70,1,116,1,623,1,0,0,0,1,0,0,1
26800,5,50,1,150,1,56,1,0,1,0,0,1,0,0
26900,3,16,1,136,1,256,0,0,0,1,0,1,0,0
26900,4,96,1,116,1,883,1,0,1,0,0,0,0,1
26900,5,45,1,150,1,861,1,0,0,0,0,0,0,1
26900,2,22,1,116,1,793,1,0,0,0,0,0,0,1
26900,4,86,1,116,1,807,1,0,1,0,0,0,0,1
26900,4,86,1,116,1,819,1,0,1,0,0,0,0,1
26900,4,86,1,116,1,861,1,0,1,0,0,0,0,1
26900,4,86,1,116,1,750,1,0,1,0,0,0,0,1
26900,4,62,1,116,1,57,1,0,1,0,0,0,0,0
26900,5,60,1,150,1,259,1,0,1,0,0,1,0,0
26900,3,73,1,150,1,86,1,0,1,0,0,0,0,0
26900,5,62,1,150,1,894,1,0,1,0,0,0,0,1
26900,5,104,1,150,1,623,1,0,0,0,1,0,0,1
26900,3,105,1,150,1,881,1,0,1,0,0,0,0,1
26900,2,15,1,136,1,857,0,0,1,0,0,0,0,1
26900,4,58,1,150,1,695,1,0,1,0,0,0,0,1
26900,3,12,1,136,1,262,0,0,1,0,0,1,0,0
26900,3,24,1,136,1,262,0,0,1,0,0,1,0,0
26900,2,21,1,136,1,262,0,0,1,0,0,1,0,0
26900,3,73,1,150,1,190,1,0,1,0,0,1,0,0
26900,4,58,1,150,1,771,1,0,0,0,1,0,0,1
26900,2,26,1,136,1,262,0,0,1,0,0,1,0,0
26900,3,17,1,136,1,262,0,0,1,0,0,1,0,0
26900,2,17,1,136,1,262,0,0,1,0,0,1,0,0
26900,2,19,1,136,1,262,0,0,1,0,0,1,0,0
26900,2,21,1,136,1,262,0,0,1,0,0,1,0,0
26900,2,19,1,136,1,262,0,0,1,0,0,1,0,0
26900,2,17,1,136,1,262,0,0,1,0,0,1,0,0
26900,5,61,1,116,1,807,1,0,1,0,0,0,0,1
26900,5,62,1,190,1,9,1,0,1,0,0,0,0,0
26900,4,78,1,150,1,168,1,0,1,0,0,1,0,0
26900,5,89,1,150,1,623,1,0,0,0,1,0,0,1
26900,3,23,1,116,1,121,1,0,1,0,0,1,0,0
26950,4,53,1,150,1,270,1,0,0,0,0,1,0,0
26999,3,89,1,265,1,87,0,0,1,0,0,0,1,0
26999,4,97,1,190,1,40,1,0,1,0,0,0,0,0
26999,4,125,1,190,1,882,1,0,1,0,0,0,0,1
27000,5,94,1,136,1,20,0,0,1,0,0,0,0,0
27000,4,78,1,150,1,101,1,0,1,0,0,0,1,0
27000,3,63,1,150,1,146,1,0,1,0,0,0,0,0
27000,4,66,1,116,1,101,1,0,1,0,0,0,1,0
27000,3,63,1,150,1,86,1,0,1,0,0,0,0,0
27000,4,66,1,116,1,98,1,0,1,0,0,0,1,0
27000,4,78,1,150,1,98,1,0,1,0,0,0,1,0
27099,4,91,1,306,1,130,0,0,0,1,0,0,1,0
27199,3,39,1,136,1,490,0,0,1,0,0,0,0,1
27200,4,72,1,136,1,65,0,0,1,0,0,0,0,0
27399,3,44,1,150,1,283,1,0,1,0,0,1,0,0
27399,3,44,1,150,1,130,1,0,1,0,0,0,1,0
27400,4,92,1,150,1,186,1,0,1,0,0,0,0,0
27400,3,100,1,116,1,101,1,0,1,0,0,0,1,0
27400,4,29,1,150,1,270,1,0,1,0,0,1,0,0
27400,4,92,1,150,1,86,1,0,1,0,0,0,0,0
27400,3,100,1,116,1,98,1,0,1,0,0,0,1,0
27499,3,50,1,150,1,177,1,0,1,0,0,1,0,0
27500,4,47,1,116,1,498,1,0,1,0,0,0,0,1
27500,5,38,1,116,1,156,1,0,1,0,0,0,0,0
27500,4,31,1,136,1,159,0,0,0,0,1,0,0,0
27500,4,39,1,116,1,738,1,0,1,0,0,0,0,1
27500,4,78,1,150,1,368,1,0,1,0,0,0,1,0
27500,4,78,1,150,1,381,1,0,1,0,0,0,1,0
27500,4,60,1,150,1,486,1,0,1,0,0,0,0,1
27500,2,108,1,150,1,121,1,0,1,0,0,1,0,0
27500,4,90,1,150,1,270,1,0,0,1,0,1,0,0
27500,4,60,1,150,1,611,1,0,1,0,0,0,0,1
27500,3,81,1,116,1,68,1,0,1,0,0,0,0,0
27500,3,81,1,116,1,83,1,0,1,0,0,0,0,0
27500,5,99,1,190,1,155,1,0,1,0,0,0,0,0
27500,4,85,1,150,1,56,1,0,1,0,0,1,0,0
27500,5,56,1,150,1,91,1,0,1,0,0,0,1,0
27500,5,58,1,136,1,286,0,0,1,0,0,1,0,0
27600,4,55,1,150,1,386,1,0,1,0,0,0,1,0
27600,3,29,1,136,1,177,0,0,1,0,0,1,0,0
27600,3,39,1,136,1,177,0,0,1,0,0,1,0,0
27699,3,50,1,150,1,99,1,0,1,0,0,0,1,0
27699,3,50,1,150,1,326,1,0,1,0,0,0,1,0
27699,3,50,1,150,1,611,1,0,1,0,0,0,0,1
27700,2,16,1,136,1,326,0,0,1,0,0,0,1,0
27800,2,70,1,150,1,204,1,0,1,0,0,1,0,0
27800,4,70,1,116,1,630,1,0,1,0,0,0,0,1
27800,1,16,1,136,1,275,0,0,1,0,0,1,0,0
27800,3,63,1,150,1,164,1,0,1,0,0,0,1,0
27800,3,63,1,150,1,132,1,0,1,0,0,0,0,0
27800,3,68,1,116,1,286,1,0,1,0,0,1,0,0
27890,4,66,1,190,1,356,1,0,1,0,0,0,1,0
27890,4,37,1,150,1,837,1,0,1,0,0,0,0,1
27900,3,74,1,116,1,158,1,0,1,0,0,0,1,0
27900,5,53,1,116,1,389,1,0,1,0,0,0,0,1
27900,1,23,1,109,1,628,0,0,0,0,0,0,0,1
27900,2,31,1,109,1,389,0,0,0,0,1,0,0,1
27900,4,70,1,190,1,210,1,0,0,0,0,0,1,0
27900,5,60,1,150,1,68,1,0,1,0,0,0,0,0
27900,4,62,1,150,1,101,1,0,1,0,0,0,1,0
27900,2,33,1,109,1,200,0,0,0,0,1,0,1,0
27900,4,35,1,150,1,156,1,0,1,0,0,1,0,0
27900,3,13,1,136,1,262,0,0,1,0,0,1,0,0
27900,2,15,1,136,1,262,0,0,1,0,0,1,0,0
27900,2,18,1,136,1,262,0,0,1,0,0,1,0,0
27900,4,99,1,190,1,195,1,0,1,0,0,0,0,0
27900,4,98,1,150,1,623,1,0,0,0,1,0,0,1
27900,1,20,1,136,1,178,0,0,1,0,0,1,0,0
27900,1,10,1,136,1,203,0,0,1,0,0,1,0,0
27900,4,75,1,150,1,764,1,0,1,0,0,0,0,1
27900,3,21,1,136,1,262,0,0,1,0,0,1,0,0
27900,3,21,1,136,1,262,0,0,1,0,0,1,0,0
27900,3,15,1,136,1,262,0,0,1,0,0,1,0,0
27900,4,90,1,150,1,802,1,0,1,0,0,0,0,1
27900,2,104,1,150,1,101,1,0,1,0,0,0,1,0
27900,2,104,1,150,1,98,1,0,1,0,0,0,1,0
27900,4,62,1,150,1,98,1,0,1,0,0,0,1,0
27950,4,34,1,116,1,326,1,0,1,0,0,0,1,0
27950,4,59,1,150,1,211,1,0,1,0,0,0,1,0
27990,4,49,1,150,1,188,1,0,1,0,0,1,0,0
27990,4,11,1,150,1,495,1,0,1,0,0,0,0,1
27990,3,90,1,150,1,881,1,0,1,0,0,0,0,1
27990,3,55,1,178,1,177,0,0,1,0,0,1,0,0
27999,2,40,1,136,1,326,0,0,1,0,0,0,1,0
28000,4,85,1,150,1,101,1,0,1,0,0,0,1,0
28000,3,42,1,150,1,620,1,0,1,0,0,0,0,1
28000,4,55,1,150,1,304,1,0,1,0,0,0,1,0
28000,3,49,1,136,1,177,0,0,1,0,0,1,0,0
28000,3,67,1,150,1,389,1,0,1,0,0,0,0,1
28000,4,85,1,150,1,98,1,0,1,0,0,0,1,0
28100,4,49,1,150,1,86,1,0,1,0,0,0,0,0
28200,4,69,1,190,1,193,1,0,1,0,0,1,0,0
28399,4,91,1,306,1,628,0,0,0,1,0,0,0,1
28400,3,18,1,136,1,206,0,0,1,0,0,1,0,0
28400,3,18,1,136,1,196,0,0,1,0,0,1,0,0
28500,5,112,1,150,1,177,1,0,1,0,0,1,0,0
28500,2,58,1,116,1,101,1,0,1,0,0,0,1,0
28500,3,60,1,136,1,126,0,0,1,0,0,1,0,0
28500,2,39,1,116,1,750,1,0,0,0,0,0,0,1
28500,3,30,1,116,1,389,1,0,1,0,0,0,0,1
28500,4,94,1,190,1,104,1,0,1,0,0,0,1,0
28500,2,58,1,116,1,98,1,0,1,0,0,0,1,0
28700,4,74,1,150,1,156,1,0,1,0,0,0,0,0
28700,2,38,1,136,1,750,0,0,0,0,0,0,0,1
28800,4,39,1,136,1,142,0,0,1,0,0,0,0,0
28800,5,40,1,150,1,20,1,0,0,0,1,0,0,0
28800,5,51,1,116,1,120,0,0,1,0,0,0,1,0
28800,3,51,1,150,1,750,1,0,1,0,0,0,0,1
28800,2,40,1,116,1,200,1,0,1,0,0,0,1,0
28800,4,14,1,116,1,292,1,0,0,0,1,0,1,0
28890,3,29,1,150,1,178,1,0,1,0,0,1,0,0
28890,1,29,1,116,1,178,1,0,1,0,0,1,0,0
28900,5,27,1,136,1,178,0,0,1,0,0,1,0,0
28900,3,84,1,150,1,270,1,0,1,0,0,1,0,0
28900,2,7,1,150,1,92,1,0,0,0,0,0,1,0
28900,2,24,1,150,1,119,1,0,1,0,0,0,0,0
28900,5,67,1,306,1,275,0,0,0,1,0,1,0,0
28900,4,63,1,150,1,228,1,0,1,0,0,0,0,0
28900,4,61,1,116,1,389,1,0,1,0,0,0,0,1
28900,1,16,1,136,1,177,0,0,1,0,0,1,0,0
28900,4,116,1,306,1,99,0,0,0,1,0,0,1,0
28900,2,22,1,136,1,276,0,0,1,0,0,1,0,0
28900,1,16,1,136,1,262,0,0,1,0,0,1,0,0
28900,1,40,1,116,1,86,1,0,1,0,0,0,0,0
28900,4,63,1,150,1,861,1,0,1,0,0,0,0,1
28900,4,63,1,150,1,86,1,0,1,0,0,0,0,0
28900,1,9,1,109,1,216,0,0,0,0,0,1,0,0
28900,3,15,1,136,1,262,0,0,1,0,0,1,0,0
28900,4,52,1,136,1,208,0,0,1,0,0,1,0,0
28900,2,19,1,136,1,262,0,0,1,0,0,1,0,0
28900,1,18,1,136,1,262,0,0,1,0,0,1,0,0
28900,3,38,1,150,1,184,1,0,1,0,0,1,0,0
28980,3,38,1,150,1,25,1,0,1,0,0,0,0,0
28990,4,60,1,265,1,99,0,0,1,0,0,0,0,0
28990,4,55,1,150,1,326,1,0,1,0,0,0,1,0
28990,4,77,1,150,1,788,1,0,1,0,0,0,0,1
28990,2,20,1,150,1,132,1,0,1,0,0,0,0,0
28990,4,83,1,306,1,213,0,0,0,1,0,0,1,0
28999,2,73,1,150,1,490,1,0,1,0,0,0,0,1
28999,1,30,1,136,1,326,0,0,1,0,0,0,1,0
29000,3,83,1,150,1,68,1,0,1,0,0,0,0,0
29000,5,65,1,150,1,158,1,0,1,0,0,0,0,0
29000,5,65,1,150,1,86,1,0,1,0,0,0,0,0
29300,3,59,1,150,1,246,1,0,1,0,0,1,0,0
29400,4,42,1,150,1,184,1,0,1,0,0,0,0,0
29400,4,42,1,150,1,86,1,0,1,0,0,0,0,0
29490,3,17,1,136,1,286,0,0,0,0,0,1,0,0
29499,3,44,1,150,1,490,1,0,1,0,0,0,0,1
29499,4,74,1,265,1,177,0,0,1,0,0,1,0,0
29499,4,74,1,265,1,750,0,0,1,0,0,0,0,1
29499,4,74,1,265,1,99,0,0,1,0,0,0,1,0
29499,4,74,1,265,1,326,0,0,1,0,0,0,1,0
29499,4,74,1,265,1,628,0,0,1,0,0,0,0,1
29499,4,74,1,265,1,611,0,0,1,0,0,0,0,1
29500,2,48,1,116,1,121,1,0,1,0,0,1,0,0
29500,4,53,1,190,1,68,1,0,1,0,0,0,0,0
29500,2,88,1,116,1,101,1,0,1,0,0,0,1,0
29500,5,75,1,306,1,724,0,0,0,1,0,0,0,1
29500,4,99,1,190,1,195,1,0,1,0,0,0,0,0
29500,5,100,1,190,1,638,1,0,1,0,0,0,0,1
29500,3,71,1,150,1,750,1,0,1,0,0,0,0,1
29500,2,79,1,150,1,843,1,0,1,0,0,0,0,1
29500,2,30,1,116,1,186,1,0,1,0,0,0,0,0
29500,4,82,1,190,1,454,1,0,1,0,0,0,0,1
29500,2,30,1,116,1,86,1,0,1,0,0,0,0,0
29500,2,88,1,116,1,98,1,0,1,0,0,0,1,0
29600,2,30,1,109,1,200,0,0,0,0,1,0,1,0
29699,2,28,1,136,1,99,0,0,1,0,0,0,1,0
29699,2,28,1,136,1,485,0,0,1,0,0,0,0,1
29699,2,28,1,136,1,130,0,0,1,0,0,0,1,0
29699,2,28,1,136,1,177,0,0,1,0,0,1,0,0
29699,2,28,1,136,1,750,0,0,1,0,0,0,0,1
29699,2,28,1,136,1,326,0,0,1,0,0,0,1,0
29699,2,28,1,136,1,611,0,0,1,0,0,0,0,1
29700,5,72,1,190,1,201,1,0,1,0,0,1,0,0
29700,2,27,1,116,1,146,1,0,1,0,0,1,0,0
29710,1,12,1,136,1,164,0,0,1,0,0,0,1,0
29710,1,12,1,136,1,132,0,0,1,0,0,0,0,0
29750,3,12,1,116,1,322,1,0,1,0,0,0,1,0
29790,1,19,1,109,1,132,0,0,1,0,0,0,0,0
29790,1,19,1,109,1,164,0,0,1,0,0,0,1,0
29800,3,48,1,150,1,159,1,0,1,0,0,0,0,0
29800,2,57,1,150,1,200,1,0,1,0,0,0,1,0
29800,4,44,1,150,1,738,1,0,1,0,0,0,0,1
29890,1,9,1,136,1,163,0,0,1,0,0,0,0,0
29890,1,8,1,136,1,163,0,0,1,0,0,0,0,0
29890,1,9,1,136,1,162,0,0,1,0,0,0,0,0
29890,1,8,1,136,1,162,0,0,1,0,0,0,0,0
29890,1,9,1,136,1,101,0,0,1,0,0,0,0,0
29890,1,8,1,136,1,101,0,0,1,0,0,0,0,0
29890,5,78,1,306,1,178,0,0,0,1,0,1,0,0
29900,5,99,1,190,1,326,1,0,1,0,0,0,1,0
29900,2,87,1,150,1,186,1,0,1,0,0,0,0,0
29900,2,33,1,116,1,101,1,0,0,1,0,0,1,0
29900,4,66,1,190,1,281,1,0,1,0,0,0,1,0
29900,4,85,1,306,1,177,0,0,0,1,0,1,0,0
29900,1,27,1,150,1,276,1,0,1,0,0,1,0,0
29900,1,20,1,150,1,276,1,0,1,0,0,1,0,0
29900,1,25,1,150,1,276,1,0,1,0,0,1,0,0
29900,4,53,1,150,1,270,1,0,1,0,0,1,0,0
29900,2,47,1,116,1,292,1,0,1,0,0,0,1,0
29900,3,32,1,150,1,423,1,0,1,0,0,0,0,1
29900,2,68,1,150,1,201,1,0,1,0,0,1,0,0
29900,2,68,1,150,1,233,1,0,1,0,0,1,0,0
29900,3,82,1,306,1,495,0,0,0,1,0,0,0,1
29900,2,27,1,116,1,186,1,0,1,0,0,0,0,0
29900,2,47,1,116,1,630,1,0,1,0,0,0,0,1
29900,2,27,1,116,1,86,1,0,1,0,0,0,0,0
29900,3,44,1,116,1,286,1,0,1,0,0,1,0,0
29900,5,65,1,265,1,99,0,0,1,0,0,0,1,0
29900,2,33,1,116,1,98,1,0,0,1,0,0,1,0
29900,2,36,1,136,1,177,0,0,1,0,0,1,0,0
29980,4,63,1,265,1,25,0,0,1,0,0,0,0,0
29990,3,14,1,136,1,286,0,0,0,0,0,1,0,0
29990,3,10,1,136,1,286,0,0,0,0,0,1,0,0
29990,3,10,1,136,1,286,0,0,0,0,0,1,0,0
29990,3,14,1,136,1,286,0,0,0,0,0,1,0,0
29990,3,11,1,136,1,286,0,0,0,0,0,1,0,0
29990,2,69,1,150,1,708,1,0,1,0,0,0,0,1
29990,4,42,1,150,1,132,1,0,1,0,0,0,0,0
29990,2,46,1,150,1,124,1,0,1,0,0,0,0,0
29990,1,9,1,136,1,109,0,0,1,0,0,0,0,0
29990,4,41,1,150,1,498,1,0,1,0,0,0,0,1
29990,5,53,1,265,1,540,0,0,1,0,0,0,0,1
29999,4,91,1,306,1,490,0,0,0,1,0,0,0,1
29999,4,48,1,306,1,87,0,0,0,1,0,0,1,0
29999,2,30,1,150,1,326,1,0,1,0,0,0,1,0
30000,1,11,1,150,1,177,1,0,1,0,0,1,0,0
30000,1,12,1,150,1,177,1,0,1,0,0,1,0,0
30000,1,11,1,150,1,177,1,0,1,0,0,1,0,0
30000,1,13,1,150,1,177,1,0,1,0,0,1,0,0
30000,1,15,1,150,1,177,1,0,1,0,0,1,0,0
30000,1,13,1,150,1,177,1,0,1,0,0,1,0,0
30000,1,13,1,150,1,177,1,0,1,0,0,1,0,0
30000,4,28,1,116,1,164,1,0,1,0,0,0,1,0
30000,4,28,1,116,1,132,1,0,1,0,0,0,0,0
30000,1,12,1,150,1,177,1,0,1,0,0,1,0,0
30000,4,79,1,190,1,177,1,0,1,0,0,1,0,0
30000,1,20,1,109,1,177,0,0,0,0,1,1,0,0
30000,1,15,1,150,1,177,1,0,1,0,0,1,0,0
30000,1,19,1,150,1,177,1,0,1,0,0,1,0,0
30000,1,11,1,150,1,177,1,0,1,0,0,1,0,0
30099,4,80,1,306,1,326,0,0,0,1,0,0,1,0
30099,4,80,1,306,1,861,0,0,0,1,0,0,0,1
30099,4,80,1,306,1,283,0,0,0,1,0,1,0,0
30099,4,80,1,306,1,177,0,0,0,1,0,1,0,0
30100,1,32,1,150,1,119,1,0,1,0,0,0,0,0
30200,4,56,1,265,1,217,0,0,1,0,0,0,0,0
30300,1,17,1,116,1,132,1,0,1,0,0,0,0,0
30300,1,17,1,116,1,164,1,0,1,0,0,0,1,0
30400,2,11,1,116,1,186,1,0,1,0,0,0,0,0
30400,2,11,1,116,1,86,1,0,1,0,0,0,0,0
30490,4,28,1,150,1,122,1,0,1,0,0,0,0,0
30490,3,54,1,150,1,498,1,0,1,0,0,0,0,1
30499,3,52,1,150,1,788,1,0,1,0,0,0,0,1
30500,2,14,1,150,1,256,1,0,0,1,0,1,0,0
30500,2,34,1,116,1,234,1,0,1,0,0,0,0,0
30500,4,50,1,190,1,101,1,0,1,0,0,0,1,0
30500,1,15,1,136,1,222,0,0,1,0,0,1,0,0
30500,1,15,1,150,1,128,1,0,1,0,0,0,0,0
30500,1,18,1,150,1,127,1,0,1,0,0,0,0,0
30500,1,16,1,150,1,496,1,0,1,0,0,0,0,1
30500,1,18,1,150,1,276,1,0,1,0,0,1,0,0
30500,1,14,1,150,1,276,1,0,1,0,0,1,0,0
30500,2,19,1,116,1,186,1,0,1,0,0,0,0,0
30500,2,6,1,109,1,764,0,0,0,1,0,0,0,1
30500,2,19,1,116,1,86,1,0,1,0,0,0,0,0
30550,3,35,1,178,1,25,0,0,1,0,0,0,0,0
30700,1,82,1,150,1,164,1,0,1,0,0,0,1,0
30700,1,82,1,150,1,132,1,0,1,0,0,0,0,0
30700,4,43,1,150,1,485,1,0,1,0,0,0,0,1
30700,4,43,1,150,1,485,1,0,1,0,0,0,0,1
30800,1,9,1,136,1,275,0,0,1,0,0,1,0,0
30800,1,11,1,150,1,119,1,0,1,0,0,0,0,0
30800,1,16,1,150,1,119,1,0,1,0,0,0,0,0
30800,1,13,1,136,1,119,0,0,1,0,0,0,0,0
30800,1,7,1,136,1,750,0,0,0,0,0,0,0,1
30800,2,36,1,150,1,683,1,0,1,0,0,0,0,1
30850,3,50,1,150,1,377,1,0,1,0,0,0,0,1
30868,2,23,1,116,1,623,1,0,1,0,0,0,0,1
30890,1,9,1,136,1,178,0,0,1,0,0,1,0,0
30900,2,18,1,136,1,76,0,0,1,0,0,0,0,0
30900,2,17,1,136,1,807,0,0,1,0,0,0,0,1
30900,2,17,1,136,1,819,0,0,1,0,0,0,0,1
30900,2,17,1,136,1,750,0,0,1,0,0,0,0,1
30900,2,17,1,136,1,861,0,0,1,0,0,0,0,1
30900,4,63,1,190,1,381,1,0,1,0,0,0,1,0
30900,4,63,1,190,1,368,1,0,1,0,0,0,1,0
30900,4,74,1,190,1,127,1,0,1,0,0,0,0,0
30900,4,49,1,190,1,326,1,0,1,0,0,0,1,0
30900,1,34,1,150,1,156,1,0,1,0,0,1,0,0
30900,4,37,1,150,1,326,1,0,1,0,0,0,1,0
30900,1,15,1,150,1,55,1,0,1,0,0,0,0,0
30900,3,77,1,150,1,346,1,0,1,0,0,0,0,1
30900,2,26,1,116,1,65,1,0,1,0,0,0,0,0
30900,4,30,1,306,1,216,0,0,0,1,0,1,0,0
30970,1,12,1,116,1,177,1,0,1,0,0,1,0,0
30990,5,51,1,190,1,214,1,0,1,0,0,1,0,0
31000,2,15,1,116,1,228,1,0,1,0,0,0,0,0
31000,2,20,1,116,1,186,1,0,1,0,0,0,0,0
31000,1,7,1,150,1,177,1,0,1,0,0,1,0,0
31000,1,6,1,150,1,177,1,0,1,0,0,1,0,0
31000,1,5,1,150,1,177,1,0,1,0,0,1,0,0
31000,1,8,1,150,1,177,1,0,1,0,0,1,0,0
31000,1,10,1,150,1,177,1,0,1,0,0,1,0,0
31000,1,8,1,150,1,177,1,0,1,0,0,1,0,0
31000,1,8,1,150,1,177,1,0,1,0,0,1,0,0
31000,1,7,1,150,1,177,1,0,1,0,0,1,0,0
31000,1,6,1,150,1,177,1,0,1,0,0,1,0,0
31000,1,6,1,150,1,177,1,0,1,0,0,1,0,0
31000,1,7,1,150,1,177,1,0,1,0,0,1,0,0
31000,1,7,1,150,1,177,1,0,1,0,0,1,0,0
31000,1,5,1,150,1,177,1,0,1,0,0,1,0,0
31000,1,4,1,150,1,177,1,0,1,0,0,1,0,0
31000,1,10,1,150,1,177,1,0,1,0,0,1,0,0
31000,1,14,1,150,1,177,1,0,1,0,0,1,0,0
31000,1,9,1,150,1,177,1,0,1,0,0,1,0,0
31000,1,5,1,150,1,177,1,0,1,0,0,1,0,0
31000,2,32,1,136,1,750,0,0,1,0,0,0,0,1
31000,0,0,1,150,1,177,1,0,1,0,0,1,0,0
31000,1,9,1,150,1,177,1,0,1,0,0,1,0,0
31000,1,9,1,150,1,177,1,0,1,0,0,1,0,0
31000,1,9,1,150,1,177,1,0,1,0,0,1,0,0
31000,1,9,1,150,1,177,1,0,1,0,0,1,0,0
31000,1,6,1,150,1,177,1,0,1,0,0,1,0,0
31000,1,8,1,150,1,177,1,0,1,0,0,1,0,0
31000,1,11,1,150,1,177,1,0,1,0,0,1,0,0
31000,1,8,1,150,1,177,1,0,1,0,0,1,0,0
31000,1,7,1,150,1,177,1,0,1,0,0,1,0,0
31000,1,4,1,150,1,177,1,0,1,0,0,1,0,0
31000,1,8,1,150,1,177,1,0,1,0,0,1,0,0
31000,1,11,1,150,1,177,1,0,1,0,0,1,0,0
31010,2,26,1,116,1,164,1,0,1,0,0,0,1,0
31010,2,26,1,116,1,132,1,0,1,0,0,0,0,0
31190,1,12,1,136,1,162,0,0,1,0,0,0,0,0
31190,1,12,1,136,1,163,0,0,1,0,0,0,0,0
31190,1,12,1,136,1,101,0,0,1,0,0,0,0,0
31190,3,10,1,136,1,286,0,0,0,0,0,1,0,0
31200,3,54,1,150,1,40,1,0,1,0,0,0,0,0
31310,2,27,1,116,1,132,1,0,1,0,0,0,0,0
31310,2,27,1,116,1,164,1,0,1,0,0,0,1,0
31400,0,0,1,116,1,146,1,0,0,1,0,1,0,0
31400,4,86,1,306,1,177,0,0,0,1,0,1,0,0
31499,2,4,1,136,1,490,0,0,1,0,0,0,0,1
31500,4,34,1,190,1,177,1,0,0,0,1,1,0,0
31500,5,75,1,306,1,724,0,0,0,1,0,0,0,1
31500,4,34,1,150,1,228,1,0,1,0,0,0,0,0
31500,1,14,1,136,1,101,0,0,1,0,0,0,0,0
31500,1,14,1,136,1,163,0,0,1,0,0,0,0,0
31500,1,14,1,136,1,162,0,0,1,0,0,0,0,0
31500,1,6,1,150,1,276,1,0,1,0,0,1,0,0
31500,3,64,1,150,1,101,1,0,1,0,0,0,1,0
31500,5,74,1,306,1,177,0,0,0,1,0,1,0,0
31500,2,14,1,150,1,129,1,0,1,0,0,1,0,0
31500,2,30,1,190,1,326,1,0,1,0,0,0,1,0
31500,1,15,1,190,1,326,1,0,1,0,0,0,1,0
31500,4,34,1,150,1,86,1,0,1,0,0,0,0,0
31500,3,64,1,150,1,98,1,0,1,0,0,0,1,0
31500,2,55,1,116,1,611,1,0,1,0,0,0,0,1
31600,2,49,1,150,1,628,1,0,1,0,0,0,0,1
31600,1,24,1,116,1,164,1,0,1,0,0,0,1,0
31600,1,24,1,116,1,132,1,0,1,0,0,0,0,0
31690,1,9,1,136,1,162,0,0,1,0,0,0,0,0
31690,1,8,1,136,1,162,0,0,1,0,0,0,0,0
31690,1,9,1,136,1,162,0,0,1,0,0,0,0,0
31690,1,8,1,136,1,101,0,0,1,0,0,0,0,0
31690,1,9,1,136,1,101,0,0,1,0,0,0,0,0
31690,1,9,1,136,1,101,0,0,1,0,0,0,0,0
31690,1,8,1,136,1,163,0,0,1,0,0,0,0,0
31690,1,9,1,136,1,163,0,0,1,0,0,0,0,0
31690,1,9,1,136,1,163,0,0,1,0,0,0,0,0
31699,5,52,1,306,1,490,0,0,0,1,0,0,0,1
31900,1,22,1,150,1,246,1,0,1,0,0,1,0,0
31900,1,22,1,150,1,193,1,0,1,0,0,1,0,0
31900,1,19,1,150,1,193,1,0,1,0,0,1,0,0
31900,3,50,1,150,1,77,1,0,1,0,0,0,0,0
31900,1,22,1,150,1,121,1,0,1,0,0,1,0,0
31900,1,27,1,150,1,121,1,0,1,0,0,1,0,0
31900,1,11,1,150,1,187,1,0,1,0,0,1,0,0
31900,5,66,1,306,1,131,0,0,0,1,0,0,0,0
31900,4,56,1,190,1,838,1,0,1,0,0,0,0,1
31900,1,15,1,136,1,184,0,0,1,0,0,1,0,0
31900,2,21,1,136,1,186,0,0,1,0,0,0,0,0
31900,2,19,1,265,1,262,0,0,0,1,0,1,0,0
31900,1,30,1,150,1,65,1,0,1,0,0,0,0,0
31900,4,73,1,265,1,101,0,0,1,0,0,0,1,0
31900,1,14,1,150,1,156,1,0,1,0,0,0,0,0
31900,1,14,1,150,1,156,1,0,1,0,0,0,0,0
31900,3,28,1,116,1,819,1,0,1,0,0,0,0,1
31900,3,28,1,116,1,807,1,0,1,0,0,0,0,1
31900,3,28,1,116,1,861,1,0,1,0,0,0,0,1
31900,3,28,1,116,1,750,1,0,1,0,0,0,0,1
31900,1,36,1,150,1,186,1,0,1,0,0,0,0,0
31900,2,51,1,150,1,292,1,0,1,0,0,0,1,0
31900,3,48,1,150,1,623,1,0,1,0,0,0,0,1
31900,2,21,1,136,1,86,0,0,1,0,0,0,0,0
31900,2,37,1,116,1,104,1,0,1,0,0,0,1,0
31900,5,48,1,190,1,156,1,0,1,0,0,0,0,0
31900,4,73,1,265,1,98,0,0,1,0,0,0,1,0
31950,5,107,1,190,1,356,1,0,1,0,0,0,1,0
31990,3,44,1,150,1,288,1,0,1,0,0,1,0,0
31990,5,60,1,306,1,520,0,0,1,0,0,0,0,1
31990,5,33,1,306,1,326,0,0,0,1,0,0,1,0
31999,4,52,1,306,1,86,0,0,0,1,0,0,0,0
31999,4,52,1,306,1,861,0,0,0,1,0,0,0,1
31999,4,52,1,306,1,490,0,0,0,1,0,0,0,1
31999,4,52,1,306,1,283,0,0,0,1,0,1,0,0
31999,4,52,1,306,1,611,0,0,0,1,0,0,0,1
31999,4,52,1,306,1,130,0,0,0,1,0,0,1,0
31999,4,52,1,306,1,485,0,0,0,1,0,0,0,1
31999,4,52,1,306,1,628,0,0,0,1,0,0,0,1
32000,1,9,1,150,1,177,1,0,1,0,0,1,0,0
32000,3,37,1,116,1,233,1,0,1,0,0,1,0,0
32000,0,0,1,150,1,177,1,0,1,0,0,1,0,0
32000,1,4,1,150,1,177,1,0,1,0,0,1,0,0
32000,1,4,1,150,1,177,1,0,1,0,0,1,0,0
32000,5,39,1,190,1,177,1,0,1,0,0,1,0,0
32000,4,75,1,306,1,101,0,0,0,1,0,0,1,0
32000,4,46,1,306,1,208,0,0,0,1,0,1,0,0
32000,4,39,1,265,1,807,0,0,1,0,0,0,0,1
32000,4,75,1,306,1,98,0,0,0,1,0,0,1,0
32025,2,30,1,116,1,630,1,0,1,0,0,0,0,1
32050,4,38,1,178,1,215,0,0,1,0,0,1,0,0
32300,1,20,1,150,1,164,1,0,1,0,0,0,1,0
32300,1,20,1,150,1,132,1,0,1,0,0,0,0,0
32400,5,48,1,190,1,127,1,0,1,0,0,0,0,0
32400,1,22,1,150,1,127,1,0,1,0,0,0,0,0
32470,3,40,1,306,1,177,0,0,0,1,0,1,0,0
32500,4,18,1,116,1,200,1,0,1,0,0,1,0,0
32500,4,45,1,190,1,381,1,0,1,0,0,0,1,0
32500,1,15,1,150,1,381,1,0,1,0,0,0,1,0
32500,1,10,1,150,1,368,1,0,1,0,0,0,1,0
32500,4,45,1,190,1,368,1,0,1,0,0,0,1,0
32500,1,15,1,150,1,368,1,0,1,0,0,0,1,0
32500,1,10,1,150,1,381,1,0,1,0,0,0,1,0
32500,2,15,1,116,1,750,1,0,1,0,0,0,0,1
32500,3,59,1,150,1,101,1,0,1,0,0,0,1,0
32500,3,59,1,150,1,98,1,0,1,0,0,0,1,0
32500,2,32,1,150,1,186,1,0,1,0,0,0,0,0
32500,4,49,1,306,1,216,0,0,0,1,0,1,0,0
32500,1,34,1,150,1,101,1,0,1,0,0,0,1,0
32500,2,32,1,150,1,86,1,0,1,0,0,0,0,0
32500,1,34,1,150,1,98,1,0,1,0,0,0,1,0
32500,4,55,1,306,1,177,0,0,0,1,0,1,0,0
32599,1,12,1,136,1,490,0,0,1,0,0,0,0,1
32600,3,38,1,150,1,623,1,0,1,0,0,0,0,1
32800,1,23,1,150,1,146,1,0,1,0,0,1,0,0
32800,3,39,1,265,1,326,0,0,1,0,0,0,1,0
32890,2,16,1,150,1,178,1,0,1,0,0,1,0,0
32890,1,12,1,150,1,178,1,0,1,0,0,1,0,0
32899,3,42,1,190,1,490,1,0,1,0,0,0,0,1
32900,3,22,1,116,1,45,1,0,1,0,0,0,0,0
32900,4,11,1,178,1,177,0,0,1,0,0,1,0,0
32900,3,4,1,190,1,271,1,0,1,0,0,1,0,0
32900,2,7,1,190,1,381,1,0,1,0,0,0,1,0
32900,1,31,1,150,1,101,1,0,0,1,0,0,1,0
32900,1,30,1,150,1,156,1,0,1,0,0,1,0,0
32900,2,91,1,265,1,101,0,0,1,0,0,0,1,0
32900,3,31,1,190,1,819,1,0,1,0,0,0,0,1
32900,3,31,1,190,1,807,1,0,1,0,0,0,0,1
32900,3,31,1,190,1,750,1,0,1,0,0,0,0,1
32900,3,31,1,190,1,861,1,0,1,0,0,0,0,1
32900,1,34,1,150,1,270,1,0,1,0,0,1,0,0
32900,1,14,1,150,1,270,1,0,1,0,0,1,0,0
32900,4,75,1,306,1,208,0,0,0,1,0,1,0,0
32900,2,48,1,150,1,233,1,0,1,0,0,1,0,0
32900,4,56,1,265,1,177,0,0,1,0,0,1,0,0
32900,2,91,1,265,1,98,0,0,1,0,0,0,1,0
32900,1,31,1,150,1,98,1,0,0,1,0,0,1,0
32940,1,13,1,136,1,162,0,0,1,0,0,0,0,0
32940,1,14,1,136,1,162,0,0,1,0,0,0,0,0
32940,1,12,1,136,1,162,0,0,1,0,0,0,0,0
32940,1,12,1,136,1,101,0,0,1,0,0,0,0,0
32940,1,12,1,136,1,163,0,0,1,0,0,0,0,0
32940,1,14,1,136,1,163,0,0,1,0,0,0,0,0
32940,1,13,1,136,1,163,0,0,1,0,0,0,0,0
32940,1,13,1,136,1,101,0,0,1,0,0,0,0,0
32940,1,14,1,136,1,101,0,0,1,0,0,0,0,0
32950,4,67,1,306,1,25,0,0,0,1,0,0,0,0
32980,2,13,1,150,1,25,1,0,0,0,0,0,0,0
32999,4,58,1,306,1,490,0,0,0,1,0,0,0,1
33000,3,20,1,116,1,229,1,0,1,0,0,1,0,0
33000,2,35,1,150,1,724,1,0,1,0,0,0,0,1
33000,3,54,1,306,1,130,0,0,0,1,0,1,0,0
33000,0,0,1,150,1,177,1,0,1,0,0,1,0,0
33000,1,22,1,116,1,101,1,0,0,1,0,0,1,0
33000,1,25,1,150,1,101,1,0,1,0,0,0,1,0
33000,1,25,1,150,1,98,1,0,1,0,0,0,1,0
33000,1,24,1,116,1,98,1,0,0,1,0,0,1,0
33200,1,18,1,150,1,86,1,0,1,0,0,0,0,0
33200,1,13,1,150,1,177,1,0,1,0,0,1,0,0
33499,4,43,1,306,1,68,0,0,0,1,0,0,0,0
33500,1,17,1,150,1,695,1,0,1,0,0,0,0,1
33500,1,15,1,150,1,177,1,0,1,0,0,1,0,0
33500,1,27,1,150,1,101,1,0,0,1,0,0,1,0
33500,1,28,1,150,1,233,1,0,1,0,0,1,0,0
33500,1,29,1,150,1,101,1,0,1,0,0,0,1,0
33500,1,29,1,150,1,98,1,0,1,0,0,0,1,0
33500,1,27,1,150,1,98,1,0,0,1,0,0,1,0
33600,5,87,1,306,1,630,0,0,0,1,0,0,0,1
33700,1,15,1,150,1,326,1,0,1,0,0,0,1,0
33700,1,18,1,150,1,326,1,0,1,0,0,0,1,0
33700,1,14,1,150,1,326,1,0,1,0,0,0,1,0
33700,1,18,1,150,1,326,1,0,1,0,0,0,1,0
33790,4,41,1,306,1,259,0,0,0,1,0,1,0,0
33800,3,28,1,190,1,245,1,0,1,0,0,1,0,0
33800,1,18,1,150,1,164,1,0,1,0,0,0,1,0
33800,1,18,1,150,1,132,1,0,1,0,0,0,0,0
33900,4,91,1,265,1,164,0,0,1,0,0,0,1,0
33900,5,43,1,150,1,166,1,0,1,0,0,1,0,0
33900,5,43,1,150,1,166,1,0,1,0,0,1,0,0
33900,4,16,1,150,1,101,1,0,1,0,0,0,1,0
33900,1,6,1,150,1,25,1,0,1,0,0,0,0,0
33900,3,51,1,150,1,346,1,0,1,0,0,0,0,1
33900,3,92,1,190,1,381,1,0,1,0,0,0,1,0
33900,3,92,1,190,1,368,1,0,1,0,0,0,1,0
33900,1,15,1,150,1,149,1,0,1,0,0,0,0,0
33900,4,53,1,190,1,156,1,0,1,0,0,0,0,0
33900,1,14,1,150,1,500,1,0,1,0,0,0,0,1
33900,2,60,1,190,1,147,1,0,1,0,0,1,0,0
33900,2,20,1,265,1,177,0,0,1,0,0,1,0,0
33900,1,25,1,150,1,163,1,0,1,0,0,0,0,0
33900,1,21,1,150,1,25,1,0,1,0,0,0,0,0
33900,1,23,1,150,1,25,1,0,1,0,0,0,0,0
33900,1,21,1,150,1,25,1,0,1,0,0,0,0,0
33900,1,18,1,150,1,25,1,0,1,0,0,0,0,0
33900,1,18,1,150,1,25,1,0,1,0,0,0,0,0
33900,1,20,1,150,1,25,1,0,1,0,0,0,0,0
33900,1,25,1,150,1,162,1,0,1,0,0,0,0,0
33900,2,74,1,190,1,200,1,0,1,0,0,0,1,0
33900,1,25,1,150,1,101,1,0,1,0,0,0,0,0
33900,0,0,1,150,1,763,1,0,0,1,0,0,0,1
33900,3,44,1,306,1,86,0,0,1,0,0,0,0,0
33900,1,31,1,150,1,101,1,0,1,0,0,0,1,0
33900,1,31,1,150,1,98,1,0,1,0,0,0,1,0
33990,5,30,1,190,1,214,1,0,1,0,0,1,0,0
33990,5,54,1,190,1,214,1,0,1,0,0,1,0,0
34200,2,20,1,136,1,178,0,0,1,0,0,1,0,0
34290,4,57,1,306,1,156,0,0,0,1,0,0,0,0
34300,2,12,1,150,1,326,1,0,1,0,0,0,1,0
34399,3,19,1,265,1,490,0,0,1,0,0,0,0,1
34400,1,15,1,150,1,202,1,0,1,0,0,0,1,0
34450,1,38,1,150,1,200,1,0,1,0,0,0,1,0
34490,3,38,1,150,1,800,1,0,1,0,0,0,0,1
34500,2,25,1,150,1,223,1,0,1,0,0,0,1,0
34500,1,15,1,150,1,356,1,0,1,0,0,0,1,0
34500,3,96,1,306,1,177,0,0,0,1,0,1,0,0
34500,3,96,1,306,1,201,0,0,0,1,0,1,0,0
34500,3,96,1,306,1,233,0,0,0,1,0,1,0,0
34600,4,63,1,306,1,239,0,0,0,1,0,1,0,0
34700,4,650,1,306,1,271,0,0,0,1,0,1,0,0
34800,1,20,1,150,1,200,1,0,0,0,0,0,1,0
34890,1,20,1,150,1,178,1,0,1,0,0,1,0,0
34900,4,24,1,150,1,101,1,0,1,0,0,0,1,0
34900,1,22,1,150,1,201,1,0,1,0,0,1,0,0
34900,1,13,1,150,1,201,1,0,1,0,0,1,0,0
34900,0,6,1,178,1,276,0,0,1,0,0,1,0,0
34900,0,6,1,178,1,276,0,0,1,0,0,1,0,0
34900,1,6,1,109,1,807,0,0,1,0,0,0,0,1
34900,1,6,1,109,1,750,0,0,1,0,0,0,0,1
34900,1,6,1,109,1,861,0,0,1,0,0,0,0,1
34900,2,48,1,190,1,326,1,0,1,0,0,0,1,0
34900,2,22,1,178,1,270,0,0,1,0,0,1,0,0
34900,3,12,1,265,1,86,0,0,1,0,0,0,0,0
34900,1,23,1,150,1,200,1,0,1,0,0,0,1,0
34900,1,6,1,150,1,819,1,0,1,0,0,0,0,1
34900,1,6,1,150,1,807,1,0,1,0,0,0,0,1
34900,1,6,1,150,1,861,1,0,1,0,0,0,0,1
34900,1,6,1,150,1,750,1,0,1,0,0,0,0,1
34900,3,16,1,306,1,262,0,0,0,1,0,1,0,0
34900,3,18,1,306,1,262,0,0,0,1,0,1,0,0
34900,4,66,1,306,1,86,0,0,0,1,0,0,0,0
34900,1,10,1,150,1,270,1,0,1,0,0,1,0,0
34999,0,6,1,150,1,326,1,0,1,0,0,0,1,0
35000,1,20,1,150,1,177,1,0,1,0,0,1,0,0
35400,0,0,1,150,1,146,1,0,0,1,0,1,0,0
35470,2,6,1,150,1,177,1,0,1,0,0,1,0,0
35490,4,10,1,306,1,271,0,0,0,1,0,1,0,0
35500,4,49,1,306,1,246,0,0,0,1,0,1,0,0
35500,1,32,1,190,1,177,1,0,1,0,0,1,0,0
35500,1,21,1,190,1,133,1,0,1,0,0,0,0,0
35550,1,18,1,150,1,200,1,0,1,0,0,0,1,0
35590,1,14,1,150,1,257,1,0,1,0,0,0,1,0
35620,0,0,1,116,1,286,1,0,0,1,0,1,0,0
35680,4,0,1,150,1,20,1,0,1,0,0,0,0,0
35700,1,21,1,150,1,200,1,0,1,0,0,0,1,0
35800,4,41,1,150,1,20,1,0,1,0,0,0,0,0
35800,1,16,1,150,1,200,1,0,1,0,0,0,1,0
35800,3,37,1,265,1,177,0,0,1,0,0,1,0,0
35900,4,41,1,150,1,20,1,0,1,0,0,0,0,0
35900,1,26,1,150,1,101,1,0,0,1,0,0,1,0
35900,3,60,1,306,1,233,0,0,0,1,0,1,0,0
35900,2,11,1,178,1,262,0,0,1,0,0,1,0,0
35900,1,26,1,150,1,98,1,0,0,1,0,0,1,0
35990,3,21,1,306,1,495,0,0,0,1,0,0,0,1
36000,0,0,1,150,1,177,1,0,1,0,0,1,0,0
36300,2,25,1,190,1,20,1,0,1,0,0,0,0,0
36500,3,16,1,150,1,623,1,0,1,0,0,0,0,1
36500,1,20,1,150,1,232,1,0,1,0,0,0,1,0
36580,1,10,1,150,1,25,1,0,1,0,0,0,0,0
36600,2,11,1,190,1,326,1,0,1,0,0,0,1,0
36600,1,12,1,150,1,177,1,0,1,0,0,1,0,0
36800,0,0,1,150,1,121,1,0,1,0,0,1,0,0
36850,1,12,1,150,1,200,1,0,1,0,0,0,1,0
36890,1,9,1,150,1,178,1,0,1,0,0,1,0,0
36900,4,39,1,150,1,568,1,0,1,0,0,0,0,1
36900,0,0,1,178,1,423,0,0,0,1,0,0,0,1
36900,1,5,1,150,1,86,1,0,1,0,0,0,0,0
36900,1,3,1,150,1,86,1,0,1,0,0,0,0,0
36980,1,2,1,150,1,25,1,0,1,0,0,0,0,0
36980,1,5,1,150,1,25,1,0,1,0,0,0,0,0
36980,1,2,1,150,1,25,1,0,1,0,0,0,0,0
36980,1,3,1,150,1,25,1,0,1,0,0,0,0,0
36980,1,1,1,150,1,25,1,0,1,0,0,0,0,0
36980,1,1,1,150,1,25,1,0,1,0,0,0,0,0
37000,4,15,1,150,1,101,1,0,1,0,0,0,1,0
37000,2,14,1,150,1,861,1,0,1,0,0,0,0,1
37200,1,6,1,150,1,132,1,0,1,0,0,0,0,0
37350,0,0,1,150,1,146,1,0,1,0,0,1,0,0
37399,1,8,1,265,1,283,0,0,1,0,0,1,0,0
37399,1,8,1,265,1,86,0,0,1,0,0,0,0,0
37399,1,8,1,265,1,326,0,0,1,0,0,0,1,0
37399,1,8,1,265,1,99,0,0,1,0,0,0,1,0
37399,1,8,1,265,1,611,0,0,1,0,0,0,0,1
37399,1,8,1,265,1,177,0,0,1,0,0,1,0,0
37399,1,8,1,265,1,25,0,0,1,0,0,0,0,0
37399,1,8,1,265,1,485,0,0,1,0,0,0,0,1
37399,1,8,1,265,1,628,0,0,1,0,0,0,0,1
37400,1,13,1,150,1,286,1,0,1,0,0,1,0,0
37499,4,96,1,306,1,869,0,0,0,1,0,0,0,1
37500,3,66,1,306,1,101,0,0,0,1,0,0,1,0
37500,3,66,1,306,1,98,0,0,0,1,0,0,1,0
37700,1,6,1,150,1,132,1,0,1,0,0,0,0,0
37890,1,12,1,150,1,326,1,0,1,0,0,0,1,0
37890,1,3,1,150,1,178,1,0,1,0,0,1,0,0
37890,1,12,1,150,1,178,1,0,1,0,0,1,0,0
37900,1,6,1,265,1,256,0,0,1,0,0,1,0,0
37900,1,6,1,150,1,896,1,0,0,1,0,0,0,1
37900,2,16,1,150,1,234,1,0,1,0,0,0,0,0
37900,1,8,1,150,1,86,1,0,1,0,0,0,0,0
37900,4,42,1,150,1,65,1,0,1,0,0,0,0,0
37900,1,8,1,150,1,292,1,0,1,0,0,0,1,0
37900,3,27,1,306,1,667,0,0,0,1,0,0,0,1
37900,1,9,1,150,1,121,1,0,1,0,0,1,0,0
37950,1,9,1,150,1,348,1,0,1,0,0,0,0,1
37950,1,5,1,150,1,25,1,0,1,0,0,0,0,0
37990,2,12,1,265,1,296,0,0,1,0,0,0,1,0
37990,3,8,1,150,1,286,1,0,1,0,0,1,0,0
37990,1,10,1,150,1,276,1,0,1,0,0,1,0,0
37990,2,29,1,306,1,177,0,0,0,1,0,1,0,0
38000,4,49,1,306,1,346,0,0,0,1,0,0,1,0
38000,1,2,1,150,1,286,1,0,1,0,0,1,0,0
38200,0,6,1,190,1,196,1,0,1,0,0,1,0,0
38200,0,6,1,190,1,25,1,0,1,0,0,0,0,0
38200,0,6,1,190,1,25,1,0,1,0,0,0,0,0
38200,0,6,1,190,1,184,1,0,1,0,0,1,0,0
38400,1,15,1,178,1,201,0,0,1,0,0,1,0,0
38499,0,6,1,150,1,691,1,0,1,0,0,0,0,1
38500,1,7,1,150,1,101,1,0,1,0,0,0,1,0
38500,1,7,1,150,1,98,1,0,1,0,0,0,1,0
38550,1,4,1,150,1,25,1,0,1,0,0,0,0,0
38600,1,16,1,150,1,286,1,0,1,0,0,1,0,0
38800,4,44,1,150,1,552,1,0,1,0,0,0,0,1
38800,1,9,1,190,1,355,1,0,1,0,0,0,1,0
38900,0,6,1,178,1,270,0,0,1,0,0,1,0,0
38900,1,9,1,150,1,156,1,0,1,0,0,1,0,0
38900,0,6,1,190,1,196,1,0,1,0,0,1,0,0
38900,0,6,1,150,1,25,1,0,1,0,0,0,0,0
38900,0,6,1,190,1,25,1,0,1,0,0,0,0,0
38900,1,2,1,150,1,101,1,0,1,0,0,0,1,0
38900,1,6,1,150,1,184,1,0,1,0,0,1,0,0
38900,1,11,1,150,1,184,1,0,1,0,0,1,0,0
38900,0,6,1,150,1,184,1,0,1,0,0,1,0,0
38900,1,2,1,150,1,101,1,0,1,0,0,0,1,0
38900,1,4,1,150,1,101,1,0,1,0,0,0,1,0
38900,0,8,1,150,1,140,1,0,1,0,0,0,1,0
38900,1,10,1,150,1,286,1,0,1,0,0,1,0,0
38900,1,8,1,150,1,121,1,0,1,0,0,1,0,0
38900,2,25,1,306,1,99,0,0,0,0,0,0,1,0
38900,1,2,1,150,1,98,1,0,1,0,0,0,1,0
38900,1,2,1,150,1,98,1,0,1,0,0,0,1,0
39000,0,0,1,150,1,368,1,0,1,0,0,0,1,0
39000,0,0,1,150,1,177,1,0,1,0,0,1,0,0
39000,0,100,1,150,1,177,1,0,1,0,0,1,0,0
39000,0,0,1,150,1,177,1,0,1,0,0,1,0,0
39000,0,0,1,150,1,177,1,0,1,0,0,1,0,0
39299,1,8,1,265,1,490,0,0,1,0,0,0,0,1
39500,3,19,1,150,1,100,1,0,1,0,0,1,0,0
39500,2,13,1,178,1,177,0,0,1,0,0,1,0,0
39500,1,4,1,190,1,141,0,1,1,0,0,1,0,0
39600,4,24,1,150,1,20,1,0,1,0,0,0,0,0
39700,1,24,1,150,1,132,1,0,1,0,0,0,0,0
39890,0,10,1,150,1,478,1,0,1,0,0,0,0,1
39900,4,26,1,306,1,807,0,0,0,1,0,0,0,1
39900,2,7,1,190,1,177,1,0,1,0,0,1,0,0
39900,3,33,1,306,1,76,0,0,0,1,0,0,1,0
39900,1,4,1,150,1,283,1,0,1,0,0,0,1,0
39900,2,78,1,150,1,628,1,0,1,0,0,0,0,1
39900,1,5,1,150,1,156,1,0,1,0,0,1,0,0
39900,1,14,1,190,1,147,0,1,1,0,0,1,0,0
39900,1,4,1,190,1,147,1,0,1,0,0,1,0,0
39900,0,6,1,150,1,25,1,0,1,0,0,0,0,0
39900,0,6,1,190,1,178,1,0,1,0,0,1,0,0
39900,0,6,1,190,1,178,1,0,1,0,0,1,0,0
39900,0,6,1,150,1,184,1,0,1,0,0,1,0,0
39900,1,1,1,190,1,667,0,1,1,0,0,0,0,1
39900,0,6,1,150,1,177,1,0,1,0,0,1,0,0
39900,1,6,1,190,1,861,1,0,1,0,0,0,0,1
39900,1,6,1,190,1,750,1,0,1,0,0,0,0,1
39900,1,6,1,190,1,819,1,0,1,0,0,0,0,1
39900,1,6,1,190,1,807,1,0,1,0,0,0,0,1
39900,0,0,1,150,1,121,1,0,1,0,0,1,0,0
39990,1,6,1,150,1,750,1,0,1,0,0,0,0,1
40000,3,35,1,306,1,259,0,0,0,1,0,1,0,0
40000,1,25,1,190,1,56,1,0,1,0,0,1,0,0
40230,0,0,1,150,1,178,1,0,1,0,0,1,0,0
40500,3,5,1,190,1,270,1,0,1,0,0,1,0,0
40700,1,6,1,150,1,132,1,0,1,0,0,0,0,0
40900,3,14,1,306,1,581,0,0,0,1,0,0,0,1
40900,0,10,1,190,1,653,0,1,1,0,0,0,0,1
40990,1,11,1,306,1,488,0,0,1,0,0,0,0,1
41000,2,9,1,306,1,296,0,0,0,1,0,0,1,0
41000,0,100,1,150,1,177,1,0,1,0,0,1,0,0
41500,1,15,1,190,1,156,1,0,1,0,0,0,0,0
41500,0,0,1,190,1,286,1,0,0,1,0,1,0,0
41600,0,0,1,150,1,767,1,0,0,0,0,0,0,1
41800,1,11,1,178,1,177,0,1,1,0,0,1,0,0
41900,1,11,1,178,1,147,0,0,1,0,0,1,0,0
41900,1,6,1,150,1,883,1,0,1,0,0,0,0,1
41900,1,4,1,150,1,623,1,0,1,0,0,0,0,1
41900,1,19,1,150,1,168,1,0,1,0,0,0,1,0
41900,0,6,1,190,1,177,1,0,1,0,0,1,0,0
41900,1,10,1,178,1,86,0,1,1,0,0,0,0,0
41900,0,0,1,150,1,623,1,0,1,0,0,0,0,1
41990,1,100,1,150,1,724,1,0,1,0,0,0,0,1
42000,1,26,1,190,1,68,0,1,1,0,0,0,0,0
42000,1,15,1,190,1,68,0,1,1,0,0,0,0,0
42400,0,0,1,150,1,121,1,0,1,0,0,1,0,0
42500,0,0,1,150,1,350,1,0,1,0,0,0,1,0
42500,2,10,1,306,1,270,0,0,0,1,0,1,0,0
42500,0,6,1,150,1,25,1,0,1,0,0,0,0,0
42500,0,6,1,150,1,178,1,0,1,0,0,1,0,0
42500,1,10,1,190,1,156,1,0,1,0,0,0,0,0
42500,1,22,1,150,1,98,1,0,1,0,0,0,1,0
42500,0,6,1,190,1,292,0,1,1,0,0,0,1,0
42500,1,22,1,150,1,101,1,0,1,0,0,0,1,0
42630,0,0,1,190,1,25,1,0,1,0,0,0,0,0
42900,0,6,1,150,1,750,1,0,1,0,0,0,0,1
42900,0,6,1,150,1,807,1,0,1,0,0,0,0,1
42900,1,14,1,190,1,101,0,1,0,1,0,0,1,0
42900,1,14,1,190,1,98,0,1,0,1,0,0,1,0
42950,1,19,1,265,1,14,0,0,1,0,0,0,0,0
42950,1,6,1,150,1,747,1,0,1,0,0,0,0,1
42999,1,12,1,190,1,415,0,1,1,0,0,0,1,0
43000,1,20,1,190,1,101,0,1,0,1,0,0,1,0
43000,1,4,1,150,1,98,1,0,1,0,0,0,1,0
43000,1,20,1,190,1,98,0,1,0,1,0,0,1,0
43200,1,12,1,150,1,86,1,0,1,0,0,0,0,0
43200,1,5,1,178,1,86,0,1,1,0,0,0,0,0
43500,0,6,1,190,1,178,1,0,1,0,0,1,0,0
43500,1,22,1,190,1,86,0,1,1,0,0,0,0,0
43500,0,0,1,190,1,121,1,0,1,0,0,1,0,0
43500,1,14,1,190,1,101,0,1,0,1,0,0,1,0
43500,1,11,1,190,1,101,0,1,0,1,0,0,1,0
43500,1,1,1,150,1,98,1,0,1,0,0,0,1,0
43500,1,15,1,190,1,98,0,1,0,1,0,0,1,0
43500,1,11,1,190,1,98,0,1,0,1,0,0,1,0
43800,1,7,1,150,1,208,1,0,1,0,0,1,0,0
43800,1,12,1,150,1,86,1,0,1,0,0,0,0,0
43800,1,15,1,150,1,86,1,0,1,0,0,0,0,0
43800,1,7,1,150,1,196,1,0,1,0,0,1,0,0
43800,1,9,1,150,1,196,1,0,1,0,0,1,0,0
43800,1,6,1,150,1,196,1,0,1,0,0,1,0,0
43800,1,5,1,150,1,196,1,0,1,0,0,1,0,0
43800,1,2,1,150,1,177,1,0,1,0,0,1,0,0
43800,1,11,1,150,1,177,1,0,1,0,0,1,0,0
43800,1,8,1,150,1,177,1,0,1,0,0,1,0,0
43900,0,6,1,190,1,807,1,0,1,0,0,0,0,1
43900,0,6,1,150,1,807,1,0,1,0,0,0,0,1
43900,0,6,1,150,1,750,1,0,1,0,0,0,0,1
43900,0,6,1,190,1,861,1,0,1,0,0,0,0,1
43900,0,6,1,150,1,861,1,0,1,0,0,0,0,1
43900,0,6,1,150,1,819,1,0,1,0,0,0,0,1
43900,0,6,1,190,1,819,1,0,1,0,0,0,0,1
43900,0,6,1,190,1,750,1,0,1,0,0,0,0,1
43900,1,7,1,190,1,623,0,1,1,0,0,0,0,1
43900,1,22,1,150,1,623,1,0,1,0,0,0,0,1
43900,1,13,1,190,1,101,0,1,0,1,0,0,1,0
43900,0,6,1,190,1,292,0,1,0,1,0,0,1,0
43900,1,20,1,190,1,121,0,1,1,0,0,1,0,0
43900,1,14,1,190,1,98,0,1,0,1,0,0,1,0
44000,1,15,1,190,1,68,0,1,1,0,0,0,0,0
44000,1,15,1,190,1,101,0,1,0,1,0,0,1,0
44000,1,15,1,190,1,98,0,1,0,1,0,0,1,0
44000,1,6,1,306,1,164,1,0,0,1,0,0,1,0
44000,1,6,1,306,1,132,1,0,0,1,0,0,0,0
44200,0,0,1,190,1,121,1,0,1,0,0,1,0,0
44200,1,13,1,190,1,86,0,1,1,0,0,0,0,0
44200,1,10,1,150,1,196,1,0,1,0,0,1,0,0
44500,0,6,1,190,1,178,1,0,1,0,0,1,0,0
44500,0,6,1,190,1,25,1,0,1,0,0,0,0,0
44500,1,9,1,190,1,389,0,1,1,0,0,0,0,1
44900,0,6,1,190,1,807,1,0,1,0,0,0,0,1
44900,0,6,1,190,1,807,1,0,1,0,0,0,0,1
44900,0,6,1,190,1,861,1,0,1,0,0,0,0,1
44900,0,6,1,190,1,861,1,0,1,0,0,0,0,1
44900,0,6,1,190,1,819,1,0,1,0,0,0,0,1
44900,0,6,1,190,1,819,1,0,1,0,0,0,0,1
44900,0,6,1,190,1,750,1,0,1,0,0,0,0,1
44900,0,6,1,190,1,750,1,0,1,0,0,0,0,1
44900,2,31,1,306,1,611,0,0,0,1,0,0,0,1
44900,1,6,1,190,1,270,1,0,0,1,0,1,0,0
44900,0,6,1,150,1,819,1,0,1,0,0,0,0,1
44900,0,0,1,190,1,121,1,0,1,0,0,1,0,0
44900,0,6,1,150,1,861,1,0,1,0,0,0,0,1
44900,0,6,1,150,1,750,1,0,1,0,0,0,0,1
44900,0,6,1,150,1,807,1,0,1,0,0,0,0,1
45200,1,6,1,150,1,177,1,0,1,0,0,1,0,0
45200,1,1,1,178,1,177,0,1,1,0,0,1,0,0
45300,0,0,1,190,1,121,1,0,1,0,0,1,0,0
45300,0,0,1,190,1,121,1,0,1,0,0,1,0,0
45500,0,6,1,190,1,25,1,0,1,0,0,0,0,0
45500,0,6,1,190,1,178,1,0,1,0,0,1,0,0
45500,0,6,1,190,1,724,1,0,1,0,0,0,0,1
45700,1,6,1,178,1,86,0,1,1,0,0,0,0,0
45700,1,8,1,190,1,86,0,1,1,0,0,0,0,0
45900,1,2,1,190,1,750,0,1,1,0,0,0,0,1
45900,1,2,1,190,1,819,0,1,1,0,0,0,0,1
45900,1,2,1,190,1,807,0,1,1,0,0,0,0,1
45900,1,2,1,190,1,861,0,1,1,0,0,0,0,1
45900,0,6,1,190,1,25,1,0,1,0,0,0,0,0
45900,0,6,1,190,1,178,1,0,1,0,0,1,0,0
45900,0,6,1,150,1,93,1,0,1,0,0,0,1,0
45900,0,6,1,150,1,93,1,0,1,0,0,0,1,0
46000,0,1,1,190,1,177,0,1,1,0,0,1,0,0
46200,1,12,1,150,1,177,1,0,1,0,0,1,0,0
46200,1,8,1,150,1,177,1,0,1,0,0,1,0,0
46400,0,0,1,150,1,86,1,0,1,0,0,0,0,0
46500,0,0,1,190,1,121,1,0,1,0,0,1,0,0
46500,0,0,1,150,1,286,1,0,0,1,0,1,0,0
46900,1,12,1,306,1,861,0,0,0,1,0,0,0,1
46900,1,12,1,306,1,819,0,0,0,1,0,0,0,1
46900,1,12,1,306,1,807,0,0,0,1,0,0,0,1
46900,1,12,1,306,1,750,0,0,0,1,0,0,0,1
46900,0,6,1,190,1,25,1,0,1,0,0,0,0,0
46900,0,6,1,190,1,25,1,0,1,0,0,0,0,0
46900,0,6,1,190,1,177,1,0,1,0,0,1,0,0
46900,0,6,1,190,1,177,1,0,1,0,0,1,0,0
46900,0,0,1,150,1,286,1,0,0,1,0,1,0,0
46900,0,0,1,150,1,286,1,0,0,1,0,1,0,0
47000,1,18,1,190,1,86,0,1,1,0,0,0,0,0
47000,0,0,1,150,1,86,1,0,1,0,0,0,0,0
47100,0,0,1,150,1,86,1,0,1,0,0,0,0,0
47200,1,9,1,150,1,86,1,0,1,0,0,0,0,0
47200,1,10,1,178,1,208,0,1,1,0,0,1,0,0
47400,0,0,1,150,1,86,1,0,1,0,0,0,0,0
47400,0,0,1,150,1,86,1,0,1,0,0,0,0,0
47500,0,6,1,190,1,177,1,0,1,0,0,1,0,0
47500,0,6,1,190,1,25,1,0,1,0,0,0,0,0
47700,1,12,1,150,1,86,1,0,1,0,0,0,0,0
47700,1,10,1,178,1,86,0,1,1,0,0,0,0,0
47700,1,10,1,178,1,177,0,1,1,0,0,1,0,0
47800,1,2,1,190,1,177,0,1,1,0,0,1,0,0
47900,0,6,1,190,1,184,1,0,1,0,0,1,0,0
47900,0,6,1,190,1,25,1,0,1,0,0,0,0,0
47900,0,6,1,150,1,91,1,0,1,0,0,0,1,0
47999,1,100,1,150,1,607,1,0,1,0,0,0,0,1
47999,1,100,1,150,1,848,1,0,1,0,0,0,0,1
48500,1,6,1,190,1,86,1,0,1,0,0,0,0,0
48500,1,6,1,190,1,86,1,0,1,0,0,0,0,0
48800,1,14,1,190,1,86,0,1,1,0,0,0,0,0
48800,1,8,1,190,1,216,0,1,1,0,0,1,0,0
50000,1,20,1,150,1,200,1,0,1,0,0,0,1,0
50000,1,11,1,150,1,200,1,0,1,0,0,0,1,0
50000,1,13,1,150,1,200,1,0,1,0,0,0,1,0
50200,1,8,1,190,1,208,0,1,1,0,0,1,0,0
50200,1,10,1,190,1,177,0,1,1,0,0,1,0,0
50500,1,32,1,150,1,200,1,0,1,0,0,0,1,0
50710,0,0,1,150,1,86,1,0,1,0,0,0,0,0
51000,1,9,1,150,1,200,1,0,1,0,0,0,1,0
51200,1,15,1,190,1,196,0,1,1,0,0,1,0,0
51950,0,0,1,265,1,20,0,0,1,0,0,0,0,0
53000,1,12,1,150,1,200,1,0,1,0,0,0,1,0
53300,2,3,1,265,1,20,0,0,1,0,0,0,0,0
53870,0,0,1,190,1,216,1,0,1,0,0,1,0,0
53870,0,0,1,190,1,177,1,0,1,0,0,1,0,0
54460,0,0,1,150,1,86,1,0,1,0,0,0,0,0
54460,0,0,1,150,1,86,1,0,1,0,0,0,0,0
54460,0,0,1,150,1,196,1,0,1,0,0,1,0,0
54460,0,0,1,150,1,86,1,0,1,0,0,0,0,0
54460,0,0,1,150,1,196,1,0,1,0,0,1,0,0
54460,0,0,1,150,1,86,1,0,1,0,0,0,0,0
54460,0,0,1,150,1,86,1,0,1,0,0,0,0,0
54460,0,0,1,150,1,208,1,0,1,0,0,1,0,0
62824,0,0,1,190,1,270,1,0,0,1,0,1,0,0
63104,0,0,1,190,1,270,1,0,0,1,0,1,0,0
22900,4,65,1,150,1,326,1,0,0,0,1,0,1,0
23999,2,59,1,136,1,326,0,0,1,0,0,0,1,0
19104,5,92,0,141,1,326,0,0,0,0,0,0,1,0
33700,1,25,1,191,1,326,1,0,1,0,0,0,1,0
21500,3,65,1,138,1,350,0,0,0,0,0,0,1,0
32300,1,24,1,191,1,326,1,0,1,0,0,0,1,0
20900,4,56,0,136,1,326,0,0,1,0,0,0,1,0
27900,2,7,1,136,1,326,0,0,1,0,0,0,1,0
28900,2,49,1,179,1,326,0,0,1,0,0,0,1,0
38499,0,100,1,150,1,691,1,0,1,0,0,0,0,1
26800,4,85,1,150,1,250,1,0,1,0,0,0,1,0
28500,4,116,1,308,1,99,0,0,0,1,0,0,1,0
20900,4,86,1,116,1,611,1,0,0,0,0,0,0,1
26900,3,22,1,142,1,93,0,0,1,0,0,0,1,0
22899,4,95,1,116,1,656,1,0,0,0,0,0,0,1
32200,3,27,1,266,1,250,0,0,0,1,0,0,1,0
20900,4,78,0,116,1,169,1,0,0,0,0,0,0,0
29900,1,14,1,150,1,59,1,0,1,0,0,0,0,0
20700,5,115,1,150,1,186,1,0,0,1,0,0,0,0
21900,4,91,1,150,1,149,1,0,0,0,0,0,0,0
31900,5,66,1,306,1,131,0,0,0,1,0,0,0,0
29900,1,21,1,136,1,59,0,0,1,0,0,0,0,0
29890,1,20,1,136,1,129,0,0,1,0,0,0,0,0
25300,4,79,1,116,1,105,1,0,1,0,0,0,1,0
27500,5,99,1,191,1,155,1,0,1,0,0,0,0,0
30900,1,6,1,150,1,59,1,0,1,0,0,0,0,0
33990,1,25,1,150,1,129,1,0,1,0,0,0,0,0
21990,4,85,1,136,1,129,0,0,0,0,0,0,0,0
27500,5,58,1,141,1,121,0,0,1,0,0,1,0,0
29900,3,26,1,116,1,120,1,0,1,0,0,0,1,0
21990,4,74,1,136,1,129,0,0,0,0,0,0,0,0
17850,5,176,1,116,1,20,1,0,1,0,0,0,0,0
33900,1,15,1,150,1,149,1,0,1,0,0,0,0,0
30800,1,18,1,150,1,122,1,0,1,0,0,0,0,0
27500,4,40,1,191,1,25,1,0,0,1,0,0,0,0
21990,4,71,1,136,1,129,0,0,0,0,0,0,0,0
33990,1,25,1,150,1,129,1,0,1,0,0,0,0,0
21490,4,114,1,116,1,74,1,0,1,0,0,0,0,0
21900,3,111,1,116,1,121,1,0,0,0,0,1,0,0
41400,1,15,1,170,1,121,0,0,1,0,0,1,0,0
25900,3,75,1,116,1,121,1,0,1,0,0,1,0,0
35500,1,32,1,191,1,177,1,0,1,0,0,1,0,0
36500,2,68,1,306,1,177,0,0,0,1,0,1,0,0
24900,2,44,1,116,1,121,1,0,0,0,0,1,0,0
36500,2,68,1,306,1,177,0,0,0,1,0,1,0,0
63900,1,5,1,301,1,130,0,0,1,0,0,1,0,0
25900,4,119,1,191,1,121,1,0,1,0,0,1,0,0
36900,4,28,1,179,1,177,0,0,1,0,0,1,0,0
32800,1,23,1,150,1,146,1,0,1,0,0,1,0,0
19500,4,163,1,150,1,108,1,0,0,0,1,1,0,0
34200,5,39,1,306,1,153,0,0,0,1,0,1,0,0
31900,1,10,1,136,1,155,0,0,1,0,0,1,0,0
18900,5,94,0,116,1,162,1,0,0,0,0,1,0,0
24800,3,106,0,116,1,233,1,0,1,0,0,1,0,0
17800,5,167,1,116,1,629,1,0,0,1,0,0,0,1
23900,4,54,1,116,1,286,1,0,1,0,0,1,0,0
25400,4,47,0,136,1,180,0,0,0,0,0,1,0,0
17999,4,129,1,116,1,201,1,0,0,0,0,1,0,0
24490,5,84,1,116,1,275,1,0,1,0,0,1,0,0
28700,2,15,1,136,1,275,0,0,1,0,0,1,0,0
30500,1,15,1,136,1,222,0,0,1,0,0,1,0,0
32800,3,63,1,266,1,197,0,0,1,0,0,1,0,0
29900,2,31,1,150,1,276,1,0,1,0,0,1,0,0
32900,2,25,1,179,1,275,0,0,1,0,0,1,0,0
32890,1,7,1,150,1,275,1,0,1,0,0,1,0,0
23900,2,19,0,136,1,275,0,0,0,0,0,1,0,0
23900,2,17,0,141,1,275,0,0,0,0,0,1,0,0
29900,2,9,1,136,1,275,0,0,1,0,0,1,0,0
28700,2,13,1,141,1,275,0,0,1,0,0,1,0,0
26500,2,6,0,136,1,275,0,0,1,0,0,1,0,0
31500,1,9,1,141,1,275,0,0,1,0,0,1,0,0
27800,5,101,1,306,1,197,0,0,0,1,0,1,0,0
23900,2,31,0,136,1,275,0,0,0,0,0,1,0,0
23900,2,22,0,141,1,275,0,0,0,0,0,1,0,0
32900,3,4,1,191,1,271,1,0,1,0,0,1,0,0
29500,2,12,1,136,1,275,0,0,1,0,0,1,0,0
29900,2,7,1,136,1,275,0,0,1,0,0,1,0,0
29900,5,61,1,191,1,286,1,0,1,0,0,1,0,0
30500,3,53,1,150,1,197,1,0,1,0,0,1,0,0
23900,2,23,0,136,1,275,0,0,0,0,0,1,0,0
29500,2,9,1,136,1,275,0,0,1,0,0,1,0,0
28700,2,17,1,136,1,275,0,0,1,0,0,1,0,0
29500,2,12,1,136,1,275,0,0,1,0,0,1,0,0
41900,1,8,1,191,1,121,1,0,1,0,0,1,0,0
