Annuncio,Modello,Link,Prezzo,Chilometraggio,Cambio,Immatricolazione,Carburante,Tipologia,CV,Località
Toyota Corolla 2.0h Style cvt,2.0h Style cvt,https://autosupermarket.it/annunci/toyota-corolla-2-0-hybrid-ibrida-benzina-2020-01fab84825b938fa,20.900 €,29.000 km,Automatico,Febbraio 2020,Ibrida Benzina,Usata,112kW (153 CV),Limatola (BN)
Toyota Corolla Corollì1.8Hybrid  Cvt Business - Neopatentati - Pronta Consegna,Corollì1.8Hybrid  Cvt Business - Neopatentati - Pronta Consegna,https://autosupermarket.it/annunci/toyota-corolla-1-8-hybrid-ibrida-benzina-2022-3d30e5a2aeb50eb8,18.900 €,75.651 km,Automatico,Febbraio 2022,Ibrida Benzina,Usata,72kW (98 CV),San san pietro in casale (BO)
Toyota Corolla Corolla Cross 2.0h Trend fwd 197cv e-cvt,Corolla Cross 2.0h Trend fwd 197cv e-cvt,https://autosupermarket.it/annunci/toyota-corolla-2-0-hybrid-ibrida-benzina-2023-9129df9cc1d6d319,25.900 €,113.000 km,Automatico,Maggio 2023,Ibrida Benzina,Usata,112kW (153 CV),Porto san giorgio (FM)
Toyota Corolla 1.8 Hybrid Business Uniprò Navig Poss.legge 104,1.8 Hybrid Business Uniprò Navig Poss.legge 104,https://autosupermarket.it/annunci/toyota-corolla-1-8-hybrid-ibrida-benzina-2022-dd1099b6ff0e2536,18.500 €,111.000 km,Automatico,Febbraio 2022,Ibrida Benzina,Usata,72kW (98 CV),Tivoli terme (RM)
Toyota Corolla 1.8h Style cvt,1.8h Style cvt,https://autosupermarket.it/annunci/toyota-corolla-1-8-hybrid-ibrida-benzina-2022-5252ee2c0862d026,19.300 €,89.905 km,Automatico,Giugno 2022,Ibrida Benzina,Usata,72kW (98 CV),Carlentini (SR)
Toyota Corolla Corolla 1.8 hybrid Business Tech cvt,Corolla 1.8 hybrid Business Tech cvt,https://autosupermarket.it/annunci/toyota-corolla-1-8-hybrid-ibrida-benzina-2023-3fad24578d88db3d,17.890 €,90.544 km,Automatico,Gennaio 2023,Ibrida Benzina,Usata,72kW (98 CV),Latina (LT)
Toyota Corolla Corolla XII 2019 Touring Sports Touring Sports 1.8h Business cvt,Corolla XII 2019 Touring Sports Touring Sports 1.8h Business cvt,https://autosupermarket.it/annunci/toyota-corolla-1-8-hybrid-ibrida-benzina-2019-0e393c2d816d807c,16.500 €,97.000 km,Automatico,Settembre 2019,Ibrida Benzina,Usata,72kW (98 CV),Milano (MI)
Toyota Corolla Business(NESSUN VINCOLO),Business(NESSUN VINCOLO),https://autosupermarket.it/annunci/toyota-corolla-1-8-hybrid-ibrida-benzina-2023-9446688237e49f37,17.900 €,104.776 km,Automatico,Gennaio 2023,Ibrida Benzina,Usata,72kW (98 CV),Roma (RM)
Toyota Corolla Corolla Active 1.8 Hybrid Touring Sports / AUTO IN CONTO VENDITA CLIENTE,Corolla Active 1.8 Hybrid Touring Sports / AUTO IN CONTO VENDITA CLIENTE,https://autosupermarket.it/annunci/toyota-corolla-1-8-hybrid-benzina-2024-4c18d2c635d1edeb,24.000 €,36.138 km,Automatico,Luglio 2024,Benzina,Usata,103kW (141 CV),Castelfranco veneto (TV)
Toyota Corolla 1.8 Hybrid Style,1.8 Hybrid Style,https://autosupermarket.it/annunci/toyota-corolla-1-8-hybrid-ibrida-benzina-2021-f1a498f52b53aa7d,17.800 €,66.994 km,Automatico,Aprile 2021,Ibrida Benzina,Usata,90kW (123 CV),San vito dei normanni (BR)
Toyota Corolla 2022 Touring Sports Touring Sports 2.0h Business cvt,2022 Touring Sports Touring Sports 2.0h Business cvt,https://autosupermarket.it/annunci/toyota-corolla-2-0-hybrid-ibrida-benzina-2022-b231b21cda3af5f7,17.500 €,104.000 km,Automatico,Maggio 2022,Ibrida Benzina,Usata,112kW (153 CV),Triuggio (MB)
Toyota Corolla 1.8h Business cvt PROMO FINANZIAMENTO,1.8h Business cvt PROMO FINANZIAMENTO,https://autosupermarket.it/annunci/toyota-corolla-1-8-hybrid-ibrida-benzina-2021-10e68acf5799b574,15.900 €,69.000 km,Automatico,Gennaio 2021,Ibrida Benzina,Usata,72kW (98 CV),Roma (RM)
Toyota Corolla touring sports 1.8h business cvt,touring sports 1.8h business cvt,https://autosupermarket.it/annunci/toyota-corolla-1-8-hybrid-ibrida-benzina-2022-7b47a346591f261d,18.400 €,81.865 km,Automatico,Marzo 2022,Ibrida Benzina,Usata,90kW (123 CV),Assago (MI)
Toyota Corolla 1.8h Business cvt,1.8h Business cvt,https://autosupermarket.it/annunci/toyota-corolla-1-8-hybrid-ibrida-benzina-2021-cd53c404743d2f2b,16.950 €,103.400 km,Automatico,Ottobre 2021,Ibrida Benzina,Usata,72kW (98 CV),San zenone degli ezzelini (TV)
Toyota Corolla Corolla Touring Sports 2.0h Style cvt,Corolla Touring Sports 2.0h Style cvt,https://autosupermarket.it/annunci/toyota-corolla-2-0-hybrid-ibrida-benzina-2020-9492bb73a6635bcb,22.400 €,53.972 km,Automatico,Gennaio 2020,Ibrida Benzina,Usata,112kW (153 CV),Varese (VA)
Toyota Corolla Touring Sports 1.8 98 cv hybrid  Business cvt PREZZO REALE,Touring Sports 1.8 98 cv hybrid  Business cvt PREZZO REALE,https://autosupermarket.it/annunci/toyota-corolla-2-0-16v-d-4d-ibrida-benzina-2020-4a3437b8b34ce7fd,16.900 €,98.000 km,Automatico,Marzo 2020,Ibrida Benzina,Usata,72kW (98 CV),Nichelino (TO)
Toyota Corolla 1.8 Hybrid Active,1.8 Hybrid Active,https://autosupermarket.it/annunci/toyota-corolla-1-8-hybrid-ibrida-benzina-2021-1ef77a7d7798b487,18.250 €,85.960 km,Automatico,Gennaio 2021,Ibrida Benzina,Usata,90kW (123 CV),Varese (VA)
Toyota Corolla Touring Sports 1.8 Hybrid Style,Touring Sports 1.8 Hybrid Style,https://autosupermarket.it/annunci/toyota-corolla-1-8-hybrid-ibrida-benzina-2021-c725f87e1f7f8d55,14.600 €,140.602 km,Automatico,Marzo 2021,Ibrida Benzina,Usata,72kW (98 CV),Striano (NA)
Toyota Corolla Touring Sports 1.8 Hybrid Business,Touring Sports 1.8 Hybrid Business,https://autosupermarket.it/annunci/toyota-corolla-1-8-hybrid-ibrida-benzina-2021-f30ade17a5471266,16.900 €,83.786 km,Automatico,Gennaio 2021,Ibrida Benzina,Usata,90kW (123 CV),San vito dei normanni (BR)
Toyota Corolla 1.8h Style cvt UNICO PROPRIETARIO BELLISSIMA,1.8h Style cvt UNICO PROPRIETARIO BELLISSIMA,https://autosupermarket.it/annunci/toyota-corolla-1-8-hybrid-ibrida-benzina-2021-867f4d603ab7908b,17.800 €,97.000 km,Automatico,Febbraio 2021,Ibrida Benzina,Usata,72kW (98 CV),Cesano maderno (MB)
Toyota Corolla SW Hybrid Business NO OBBL. FINANZ.,SW Hybrid Business NO OBBL. FINANZ.,https://autosupermarket.it/annunci/toyota-corolla-1-8-hybrid-ibrida-benzina-2020-b8b6ef1b5a6a028a,16.800 €,106.000 km,Automatico,Maggio 2020,Ibrida Benzina,Usata,72kW (98 CV),Roma (RM)
Toyota Corolla Touring Sports 1.8h Business cvt UNICO PROPRIETARIO,Touring Sports 1.8h Business cvt UNICO PROPRIETARIO,https://autosupermarket.it/annunci/toyota-corolla-1-8-hybrid-ibrida-benzina-2023-8ba9b5f215c56bb7,18.900 €,74.000 km,Automatico,Gennaio 2023,Ibrida Benzina,Usata,72kW (98 CV),Cesano maderno (MB)
Toyota Corolla TOYOTA Corolla Touring Sports 2.0 Hybrid Lounge,TOYOTA Corolla Touring Sports 2.0 Hybrid Lounge,https://autosupermarket.it/annunci/toyota-corolla-2-0-hybrid-ibrida-benzina-2019-2084dfb1a024ac0e,15.299 €,115.000 km,Automatico,Novembre 2019,Ibrida Benzina,Usata,132kW (180 CV),Roma (RM)
Toyota Corolla TS 1.8 Hybrid Business Tech,TS 1.8 Hybrid Business Tech,https://autosupermarket.it/annunci/toyota-corolla-1-8-hybrid-ibrida-benzina-2021-eade7cca707ee07d,19.800 €,97.000 km,Automatico,Dicembre 2021,Ibrida Benzina,Usata,72kW (98 CV),Roma (RM)
Toyota Corolla SW Hybrid Business NO OBBL. FINANZ.,SW Hybrid Business NO OBBL. FINANZ.,https://autosupermarket.it/annunci/toyota-corolla-1-8-hybrid-ibrida-benzina-2020-822ef04bd46660e8,20.800 €,60.000 km,Automatico,Dicembre 2020,Ibrida Benzina,Usata,72kW (98 CV),Roma (RM)
Toyota Corolla SW Hybrid Business NO OBBL. FINANZ.,SW Hybrid Business NO OBBL. FINANZ.,https://autosupermarket.it/annunci/toyota-corolla-1-8-hybrid-ibrida-benzina-2021-6bb440c05a64865a,19.800 €,63.000 km,Automatico,Maggio 2021,Ibrida Benzina,Usata,72kW (98 CV),Roma (RM)
Toyota Corolla 1.8 Hybrid Business,1.8 Hybrid Business,https://autosupermarket.it/annunci/toyota-corolla-1-8-hybrid-ibrida-benzina-2022-a2ec32f6884c004b,17.900 €,99.367 km,Automatico,Marzo 2022,Ibrida Benzina,Usata,90kW (123 CV),Roma (RM)
Toyota Corolla SW Hybrid Business NO OBBL. FINANZ.,SW Hybrid Business NO OBBL. FINANZ.,https://autosupermarket.it/annunci/toyota-corolla-1-8-hybrid-ibrida-benzina-2022-71dfa7461d03b8a8,21.800 €,49.000 km,Automatico,Agosto 2022,Ibrida Benzina,Usata,72kW (98 CV),Roma (RM)
Toyota Corolla SW Hybrid NO OBBL. FINANZ. Business,SW Hybrid NO OBBL. FINANZ. Business,https://autosupermarket.it/annunci/toyota-corolla-1-8-hybrid-ibrida-benzina-2021-e896208c3c34487d,17.800 €,98.000 km,Automatico,Novembre 2021,Ibrida Benzina,Usata,72kW (98 CV),Roma (RM)
Toyota Corolla 1.8 Hybrid Active,1.8 Hybrid Active,https://autosupermarket.it/annunci/toyota-corolla-1-8-hybrid-ibrida-benzina-2022-c52ac24adc1b65a1,14.900 €,127.000 km,Automatico,Maggio 2022,Ibrida Benzina,Usata,72kW (98 CV),Sesto san giovanni (MI)
Toyota Corolla TS 1.8 Hybrid Business NO OBBL. FINANZ.,TS 1.8 Hybrid Business NO OBBL. FINANZ.,https://autosupermarket.it/annunci/toyota-corolla-1-8-hybrid-ibrida-benzina-2021-6180734be18c24df,22.800 €,75.000 km,Automatico,Gennaio 2021,Ibrida Benzina,Usata,72kW (98 CV),Roma (RM)
