Annuncio,Link,Prezzo,Tipologia,Immatricolazione,Chilometraggio,Carburante,Cambio,Unico_Proprietario,Località
Seat Leon Sportstourer 2.0 TDI 150 CV DSG Xcellence,https://www.automobile.it/massafra-seat-leon-sportstourer-2-0-tdi-150-cv-dsg-xcellence/180597198,€ 15.900,Usato,Maggio 2021,98.000 km,Diesel - Euro 6,Semiautomatico,,Massafra (TA)
SEAT Leon Sportstourer 2.0 TDI 116 CV Style ARGENTO 2022,https://www.automobile.it/gorizia-seat-leon-sportstourer-2-0-tdi-116-cv-style-argento-2022/179215195,€ 15.800,Usato,Maggio 2022,75.315 km,Diesel - Euro 6,Manuale,,Gorizia (GO)
Seat Leon 1.5 TSI FR,https://www.automobile.it/vigodarzere-seat-leon-1-5-tsi-fr/179541080,€ 18.500,Usato,Novembre 2021,45.000 km,Benzina - Euro 6,Manuale,Unico proprietario,Vigodarzere (PD)
SEAT Leon Sportstourer 1.5 eTSI 150 CV DSG Xcellence,https://www.automobile.it/abbiategrasso-seat-leon-sportstourer-1-5-etsi-150-cv-dsg-xcellence/179830819,€ 15.990,Usato,Marzo 2021,72.869 km,Ibrido - Euro 6,Automatico,,Abbiategrasso (MI)
SEAT Leon Sportstourer 1.5 eTSI 150 CV DSG Xcellence,https://www.automobile.it/abbiategrasso-seat-leon-sportstourer-1-5-etsi-150-cv-dsg-xcellence/179830814,€ 15.490,Usato,Maggio 2021,85.596 km,Ibrido - Euro 6,Automatico,,Abbiategrasso (MI)
SEAT Leon Sportstourer 1.5 eTSI 150 CV DSG Xcellence,https://www.automobile.it/abbiategrasso-seat-leon-sportstourer-1-5-etsi-150-cv-dsg-xcellence/179830812,€ 14.390,Usato,Giugno 2021,124.961 km,Ibrido - Euro 6,Automatico,,Abbiategrasso (MI)
SEAT Leon 1.5 tgi FR 130cv dsg,https://www.automobile.it/fiume-veneto-seat-leon-1-5-tgi-fr-130cv-dsg/180406187,€ 20.900,Usato,Dicembre 2021,70.120 km,Metano,Automatico,,Fiume Veneto (PN)
Seat Leon Sportstourer 2.0 TDI 150 CV DSG Business sinistrata,https://www.automobile.it/qualiano-seat-leon-sportstourer-2-0-tdi-150-cv-dsg-business-sinistrata/184640568,€ 5.500,Usato,Marzo 2023,35.000 km,Diesel - Euro 6,Manuale,,Qualiano (NA)
Seat Leon Sportstourer 2.0 TDI 150 CV DSG Business,https://www.automobile.it/qualiano-seat-leon-sportstourer-2-0-tdi-150-cv-dsg-business/183975428,€ 8.500,Usato,Marzo 2024,14.000 km,Diesel - Euro 6,Automatico,,Qualiano (NA)
SEAT Leon Sportstourer 2.0 tdi Xcellence 150cv dsg - GF989SA,https://www.automobile.it/basiliano-seat-leon-sportstourer-2-0-tdi-xcellence-150cv-dsg-gf989sa/184670315,€ 9.500,Usato,Maggio 2021,280.000 km,Diesel - Euro 6,Automatico,,Basiliano (UD)
SEAT Leon Sportstourer 2.0 tdi Xcellence 150cv dsg - GF989SA,https://www.automobile.it/basiliano-seat-leon-sportstourer-2-0-tdi-xcellence-150cv-dsg-gf989sa/183180094,€ 10.900,Usato,Maggio 2021,280.000 km,Diesel - Euro 6,Automatico,,Basiliano (UD)
Seat Leon Sportstourer Business DSG BR850793 2.0 Diesel 150CV,https://www.automobile.it/cinisello-balsamo-seat-leon-sportstourer-business-dsg-br850793-2-0-diesel-150cv/184602106,€ 10.990,Usato,Febbraio 2022,120.440 km,Diesel,Automatico,Unico proprietario,Cinisello Balsamo (MI)
Seat Leon Sportstourer Business DSG BR850793 2.0 Diesel 150CV,https://www.automobile.it/reggio-emilia-seat-leon-sportstourer-business-dsg-br850793-2-0-diesel-150cv/184602095,€ 10.990,Usato,Febbraio 2022,120.440 km,Diesel,Automatico,Unico proprietario,Reggio Emilia (RE)
Seat Leon Sportstourer Business DSG BR110263 1.0 Mild Hybrid 110CV,https://www.automobile.it/cinisello-balsamo-seat-leon-sportstourer-business-dsg-br110263-1-0-mild-hybrid-110cv/184526087,€ 10.990,Usato,Marzo 2022,125.725 km,Ibrido,Automatico,Unico proprietario,Cinisello Balsamo (MI)
Seat Leon Sportstourer Business DSG BR110263 1.0 Mild Hybrid 110CV,https://www.automobile.it/reggio-emilia-seat-leon-sportstourer-business-dsg-br110263-1-0-mild-hybrid-110cv/184526089,€ 10.990,Usato,Marzo 2022,125.725 km,Ibrido,Automatico,Unico proprietario,Reggio Emilia (RE)
SEAT Leon sw SPORTSTOUR 2.0 tdi Busin 150cv dsg tg : GK419FZ,https://www.automobile.it/basiliano-seat-leon-sw-sportstour-2-0-tdi-busin-150cv-dsg-tg-gk419fz/184563076,€ 11.200,Usato,Maggio 2022,166.000 km,Diesel - Euro 6,Automatico,,Basiliano (UD)
SEAT Leon SUPERPROMO!!!!!!!!Sportstourer 110 CV DSG Business,https://www.automobile.it/piacenza-seat-leon-superpromo-sportstourer-110-cv-dsg-business/184620352,€ 11.500,Usato,Giugno 2022,79.999 km,Ibrido - Euro 6,Automatico,Unico proprietario,Piacenza (PC)
SEAT Leon SUPERPROMO!!!!!!!!Sportstourer 110 CV DSG Business,https://www.automobile.it/piacenza-seat-leon-superpromo-sportstourer-110-cv-dsg-business/184620364,€ 11.500,Usato,Giugno 2022,79.999 km,Benzina - Euro 6,Automatico,Unico proprietario,Piacenza (PC)
SEAT LEON ST 1.0 TSI 66 KW BUSINESS STATION WAGON,https://www.automobile.it/roma-seat-leon-st-1-0-tsi-66-kw-business-station-wagon/184663582,€ 11.800,Usato,Marzo 2021,97.010 km,Benzina - Euro 6,Manuale,Unico proprietario,Roma (RM)
SEAT LEON ST 1.0 TSI 66 KW BUSINESS STATION WAGON,https://www.automobile.it/bentivoglio-seat-leon-st-1-0-tsi-66-kw-business-station-wagon/184663623,€ 11.800,Usato,Marzo 2021,97.010 km,Benzina - Euro 6,Manuale,Unico proprietario,Bentivoglio (BO)
SEAT LEON ST 1.0 TSI 66 KW BUSINESS STATION WAGON,https://www.automobile.it/verona-seat-leon-st-1-0-tsi-66-kw-business-station-wagon/184663840,€ 11.800,Usato,Marzo 2021,97.010 km,Benzina - Euro 6,Manuale,Unico proprietario,Verona (VR)
SEAT LEON ST 1.0 TSI 66 KW BUSINESS STATION WAGON,https://www.automobile.it/pozzuoli-seat-leon-st-1-0-tsi-66-kw-business-station-wagon/184663721,€ 11.800,Usato,Marzo 2021,97.010 km,Benzina - Euro 6,Manuale,Unico proprietario,Pozzuoli (NA)
SEAT LEON ST 1.0 TSI 66 KW BUSINESS STATION WAGON,https://www.automobile.it/firenze-seat-leon-st-1-0-tsi-66-kw-business-station-wagon/184663774,€ 11.800,Usato,Marzo 2021,97.010 km,Benzina - Euro 6,Manuale,Unico proprietario,Firenze (FI)
SEAT Leon 1.5 eTSI 150cv XCELLENCE DSG,https://www.automobile.it/modena-seat-leon-1-5-etsi-150cv-xcellence-dsg/183698555,€ 11.900,Usato,Aprile 2021,132.980 km,Ibrido - Euro 6,Automatico,,Modena (MO)
Seat Leon Sportstourer 2.0 TDI Business,https://www.automobile.it/sarego-seat-leon-sportstourer-2-0-tdi-business/184643906,€ 11.900,Usato,Ottobre 2022,170.000 km,Diesel - Euro 6,Manuale,Unico proprietario,Sarego (VI)
Seat Leon Sportstourer 1.5 eTSI 150 CV DSG FR,https://www.automobile.it/broni-seat-leon-sportstourer-1-5-etsi-150-cv-dsg-fr/183933620,€ 11.990,Usato,Agosto 2021,141.840 km,Ibrido - Euro 6,Automatico,,Broni (PV)
Seat Leon Leon 1.0 tsi Business 110cv,https://www.automobile.it/settimo-milanese-seat-leon-leon-1-0-tsi-business-110cv/183924662,€ 11.990,Usato,2021,77.000 km,Benzina - Euro 6,Manuale,,Settimo Milanese (MI)
SEAT Leon Sportstourer 2.0 TDI 150 CV DSG Style,https://www.automobile.it/este-seat-leon-sportstourer-2-0-tdi-150-cv-dsg-style/184272613,€ 12.490,Usato,Novembre 2023,66.000 km,Diesel - Euro 6,Automatico,,Este (PD)
Seat Leon Business DSG BR008052 1.0 Mild Hybrid 110CV,https://www.automobile.it/reggio-emilia-seat-leon-business-dsg-br008052-1-0-mild-hybrid-110cv/184629442,€ 12.790,Usato,Aprile 2022,101.615 km,Altro,Automatico,Unico proprietario,Reggio Emilia (RE)
Seat Leon Business DSG BR008052 1.0 Mild Hybrid 110CV,https://www.automobile.it/cinisello-balsamo-seat-leon-business-dsg-br008052-1-0-mild-hybrid-110cv/184629439,€ 12.790,Usato,Aprile 2022,101.615 km,Altro,Automatico,Unico proprietario,Cinisello Balsamo (MI)
SEAT Leon Leon Sportstourer Sportstourer 2.0 tdi Style 115cv PRONTA CONSEGNA,https://www.automobile.it/roma-seat-leon-leon-sportstourer-sportstourer-2-0-tdi-style-115cv-pronta-consegna/184569923,€ 12.899,Usato,Ottobre 2023,76.000 km,Diesel,Manuale,Unico proprietario,Roma (RM)
SEAT Leon Sportstourer 2.0 TDI 150 CV DSG,https://www.automobile.it/polesella-seat-leon-sportstourer-2-0-tdi-150-cv-dsg/184345399,€ 12.900,Usato,Giugno 2021,153.000 km,Diesel - Euro 6,Automatico,Unico proprietario,Polesella (RO)
Seat Leon Sportstourer 2.0 TDI Style,https://www.automobile.it/prato-seat-leon-sportstourer-2-0-tdi-style/184033362,€ 12.900,Usato,Luglio 2023,130.000 km,Diesel - Euro 6,Manuale,,Prato (PO)
SEAT Leon ST 2.0 TDI 150CV DSG FR,https://www.automobile.it/este-seat-leon-st-2-0-tdi-150cv-dsg-fr/183785593,€ 12.900,Usato,Luglio 2022,148.000 km,Diesel,Semiautomatico,Unico proprietario,Este (PD)
Seat Leon Sportstourer 2.0 TDI 150 CV DSG Style,https://www.automobile.it/roma-seat-leon-sportstourer-2-0-tdi-150-cv-dsg-style/184629272,€ 12.900,Usato,Febbraio 2024,79.900 km,Diesel - Euro 6,Automatico,,Roma (RM)
SEAT LEON ST 1.0 TSI 66 KW BUSINESS STATION WAGON,https://www.automobile.it/roma-seat-leon-st-1-0-tsi-66-kw-business-station-wagon/184656187,€ 12.900,Usato,Maggio 2022,91.386 km,Benzina - Euro 6,Manuale,Unico proprietario,Roma (RM)
SEAT LEON ST 1.0 TSI 66 KW BUSINESS STATION WAGON,https://www.automobile.it/verona-seat-leon-st-1-0-tsi-66-kw-business-station-wagon/184656226,€ 12.900,Usato,Maggio 2022,91.386 km,Benzina - Euro 6,Manuale,Unico proprietario,Verona (VR)
SEAT LEON ST 1.0 TSI 66 KW BUSINESS STATION WAGON,https://www.automobile.it/firenze-seat-leon-st-1-0-tsi-66-kw-business-station-wagon/184656473,€ 12.900,Usato,Maggio 2022,91.386 km,Benzina - Euro 6,Manuale,Unico proprietario,Firenze (FI)
SEAT LEON ST 1.0 TSI 66 KW BUSINESS STATION WAGON,https://www.automobile.it/bentivoglio-seat-leon-st-1-0-tsi-66-kw-business-station-wagon/184656281,€ 12.900,Usato,Maggio 2022,91.386 km,Benzina - Euro 6,Manuale,Unico proprietario,Bentivoglio (BO)
SEAT LEON ST 1.0 TSI 66 KW BUSINESS STATION WAGON,https://www.automobile.it/pozzuoli-seat-leon-st-1-0-tsi-66-kw-business-station-wagon/184656401,€ 12.900,Usato,Maggio 2022,91.386 km,Benzina - Euro 6,Manuale,Unico proprietario,Pozzuoli (NA)
Seat Leon 2.0 TDI 150 CV DSG Style,https://www.automobile.it/tricesimo-seat-leon-2-0-tdi-150-cv-dsg-style/184572479,€ 12.900,Usato,Settembre 2022,159.000 km,Diesel - Euro 6,Automatico,,Tricesimo (UD)
SEAT LEON IV 2020 Sportstourer 2.0 tdi Style 115cv IVA ESPOSTA,https://www.automobile.it/prato-seat-leon-iv-2020-sportstourer-2-0-tdi-style-115cv-iva-esposta/184134590,€ 12.999,Usato,Ottobre 2023,59.000 km,Diesel - Euro 6,Manuale,,Prato (PO)
SEAT Leon Sportstourer 2.0 tdi Style 115cv *IVA ESPOSTA*,https://www.automobile.it/pistoia-seat-leon-sportstourer-2-0-tdi-style-115cv-iva-esposta/184634924,€ 12.999,Usato,Luglio 2023,130.000 km,Diesel - Euro 6,Manuale,,Pistoia (PT)
Seat Leon Sportstourer 1.0 TSI 90 CV Business,https://www.automobile.it/taranto-seat-leon-sportstourer-1-0-tsi-90-cv-business/183059066,€ 13.000,Usato,Luglio 2023,54.500 km,Benzina - Euro 6,Manuale,Unico proprietario,Taranto (TA)
Seat Leon Sportstourer 2.0 TDI 150 CV DSG Style,https://www.automobile.it/villadose-seat-leon-sportstourer-2-0-tdi-150-cv-dsg-style/184661063,€ 13.000,Usato,Novembre 2023,63.600 km,Diesel - Euro 6,Automatico,Unico proprietario,Villadose (RO)
SEAT Leon Sportstourer 1.0 eTSI 110 CV DSG Style,https://www.automobile.it/milano-seat-leon-sportstourer-1-0-etsi-110-cv-dsg-style/184550863,€ 13.299,Usato,Maggio 2022,125.525 km,Ibrido - Euro 6,Automatico,,Milano (MI)
SEAT Leon Sportstourer 1.0 eTSI 110 CV DSG Style,https://www.automobile.it/beinasco-seat-leon-sportstourer-1-0-etsi-110-cv-dsg-style/184549484,€ 13.299,Usato,Maggio 2022,125.525 km,Ibrido - Euro 6,Automatico,,Beinasco (TO)
SEAT Leon Sportstourer 1.0 eTSI 110 CV DSG Style,https://www.automobile.it/palermo-seat-leon-sportstourer-1-0-etsi-110-cv-dsg-style/184551536,€ 13.299,Usato,Maggio 2022,125.525 km,Ibrido - Euro 6,Automatico,,Palermo (PA)
SEAT Leon Sportstourer 1.0 eTSI 110 CV DSG Style,https://www.automobile.it/roma-seat-leon-sportstourer-1-0-etsi-110-cv-dsg-style/184550481,€ 13.299,Usato,Maggio 2022,125.525 km,Ibrido - Euro 6,Automatico,,Roma (RM)
SEAT Leon Sportstourer 1.0 eTSI 110 CV DSG Style,https://www.automobile.it/firenze-seat-leon-sportstourer-1-0-etsi-110-cv-dsg-style/184550571,€ 13.299,Usato,Maggio 2022,125.525 km,Ibrido - Euro 6,Automatico,,Firenze (FI)
SEAT Leon Sportstourer 1.0 eTSI 110 CV DSG Style,https://www.automobile.it/bari-seat-leon-sportstourer-1-0-etsi-110-cv-dsg-style/184551226,€ 13.299,Usato,Maggio 2022,125.525 km,Ibrido - Euro 6,Automatico,,Bari (BA)
SEAT Leon Sportstourer 1.0 eTSI 110 CV DSG Style,https://www.automobile.it/venezia-seat-leon-sportstourer-1-0-etsi-110-cv-dsg-style/184551601,€ 13.299,Usato,Maggio 2022,125.525 km,Ibrido - Euro 6,Automatico,,Venezia (VE)
Seat Leon Sportstourer 2.0 TDI 150 CV DSG Style,https://www.automobile.it/prato-seat-leon-sportstourer-2-0-tdi-150-cv-dsg-style/184632972,€ 13.400,Usato,Dicembre 2023,68.000 km,Diesel - Euro 6,Automatico,,Prato (PO)
Seat Leon Style DSG BR602619 2.0 Diesel 150CV,https://www.automobile.it/cinisello-balsamo-seat-leon-style-dsg-br602619-2-0-diesel-150cv/184571525,€ 13.490,Usato,Dicembre 2021,105.678 km,Diesel,Automatico,Unico proprietario,Cinisello Balsamo (MI)
Seat Leon Style DSG BR602619 2.0 Diesel 150CV,https://www.automobile.it/reggio-emilia-seat-leon-style-dsg-br602619-2-0-diesel-150cv/184571528,€ 13.490,Usato,Dicembre 2021,105.678 km,Diesel,Automatico,Unico proprietario,Reggio Emilia (RE)
Seat Leon ST 2.0 TDI Business *IVA DEDUCIBILE*,https://www.automobile.it/lentate-seveso-seat-leon-st-2-0-tdi-business-iva-deducibile/183906720,€ 13.500,Usato,Ottobre 2023,79.115 km,Diesel,Manuale,Unico proprietario,Lentate sul Seveso (MB)
Seat Leon Sportstourer 2.0 TDI 150 CV DSG Style,https://www.automobile.it/villadose-seat-leon-sportstourer-2-0-tdi-150-cv-dsg-style/184465768,€ 13.500,Usato,Novembre 2023,77.600 km,Diesel - Euro 6,Manuale,Unico proprietario,Villadose (RO)
Seat Leon Sportstourer 2.0 TDI 150 CV DSG Style,https://www.automobile.it/villadose-seat-leon-sportstourer-2-0-tdi-150-cv-dsg-style/184502184,€ 13.500,Usato,Febbraio 2024,76.000 km,Diesel - Euro 6,Automatico,,Villadose (RO)
Seat Leon Sportstourer 2.0 TDI 150 CV DSG Style,https://www.automobile.it/torino-seat-leon-sportstourer-2-0-tdi-150-cv-dsg-style/184662918,€ 13.500,Usato,Novembre 2023,87.382 km,Diesel - Euro 6,Semiautomatico,Unico proprietario,Torino (TO)
Seat Leon 2.0 TDI 116 cv Business,https://www.automobile.it/carovigno-seat-leon-2-0-tdi-116-cv-business/184636441,€ 13.700,Usato,Dicembre 2022,122.000 km,Diesel - Euro 6,Manuale,,Carovigno (BR)
SEAT Leon Sportstourer 2.0 TDI Style,https://www.automobile.it/roma-seat-leon-sportstourer-2-0-tdi-style/184202729,€ 13.900,Usato,Ottobre 2023,78.100 km,Diesel - Euro 6,Manuale,,Roma (RM)
SEAT Leon Sportstourer 2.0 TDI 150 CV DSG Business - PROMO,https://www.automobile.it/este-seat-leon-sportstourer-2-0-tdi-150-cv-dsg-business-promo/184272610,€ 13.900,Usato,Ottobre 2023,79.500 km,Diesel - Euro 6,Automatico,,Este (PD)
Seat Leon Sportstourer 2.0 TDI 150 CV DSG Business,https://www.automobile.it/castel-goffredo-seat-leon-sportstourer-2-0-tdi-150-cv-dsg-business/184459757,€ 13.900,Usato,Dicembre 2021,159.000 km,Diesel - Euro 6,Automatico,Unico proprietario,Castel Goffredo (MN)
SEAT Leon Sportstourer 2.0 TDI 150 CV DSG Business - PROMO,https://www.automobile.it/este-seat-leon-sportstourer-2-0-tdi-150-cv-dsg-business-promo/184534912,€ 13.900,Usato,Ottobre 2023,63.000 km,Diesel - Euro 6,Automatico,,Este (PD)
Seat Leon Sportstourer 2.0 TDI 150 CV DSG Business - 2023,https://www.automobile.it/rimini-seat-leon-sportstourer-2-0-tdi-150-cv-dsg-business-2023/184632470,€ 13.900,Usato,Agosto 2023,167.000 km,Diesel - Euro 6,Automatico,Unico proprietario,Rimini (RN)
SEAT Leon 1.0 TSI 110 CV Style C/GRIMALDI SPECIAL DAY,https://www.automobile.it/vigevano-seat-leon-1-0-tsi-110-cv-style-grimaldi-special-day/184603617,€ 13.900,Usato,Maggio 2022,39.549 km,Benzina - Euro 6,Manuale,,Vigevano (PV)
Seat Leon 2.0 TDI FR,https://www.automobile.it/orbassano-seat-leon-2-0-tdi-fr/184403131,€ 13.900,Usato,Settembre 2023,100.000 km,Diesel - Euro 6,Automatico,Unico proprietario,Orbassano (TO)
Seat Leon 1.5 eTSI 150 CV DSG Business,https://www.automobile.it/montecchio-emilia-seat-leon-1-5-etsi-150-cv-dsg-business/184653961,€ 13.900,Usato,Ottobre 2022,100.800 km,Ibrido - Euro 6,Semiautomatico,,Montecchio Emilia (RE)
Seat Leon 1.0 TSI Business 90cv GARANTITA,https://www.automobile.it/quartucciu-seat-leon-1-0-tsi-business-90cv-garantita/182209247,€ 13.990,Usato,Aprile 2021,70.000 km,Benzina - Euro 6,Manuale,,Quartucciu (CA)
Seat Leon Sportstourer 2.0 TDI 115cv KM CERTIFICATI / FINANZIABILE,https://www.automobile.it/san-severino-marche-seat-leon-sportstourer-2-0-tdi-115cv-km-certificati-finanziabile/184103036,€ 13.990,Usato,Novembre 2023,89.000 km,Diesel - Euro 6,Manuale,,San Severino Marche (MC)
SEAT Leon SW 2.0 TDI 150 CV DSG Business 2021,https://www.automobile.it/deruta-seat-leon-sw-2-0-tdi-150-cv-dsg-business-2021/184562123,€ 13.990,Usato,2021,143.500 km,Diesel,Automatico,,Deruta (PG)
Seat Leon Sportstourer 2.0 TDI 150 CV DSG Style,https://www.automobile.it/torino-seat-leon-sportstourer-2-0-tdi-150-cv-dsg-style/184502058,€ 14.000,Usato,Novembre 2023,95.000 km,Diesel - Euro 6,Automatico,,Torino (TO)
Seat Leon 2.0 TDI 150 CV DSG FR,https://www.automobile.it/gragnano-seat-leon-2-0-tdi-150-cv-dsg-fr/183800306,€ 14.190,Usato,Ottobre 2022,130.000 km,Diesel - Euro 6,Automatico,,Gragnano (NA)
Seat Leon ST Style DSG BR663689 2.0 Diesel 150CV,https://www.automobile.it/reggio-emilia-seat-leon-st-style-dsg-br663689-2-0-diesel-150cv/184610788,€ 14.490,Usato,Febbraio 2024,60.514 km,Diesel,Automatico,Unico proprietario,Reggio Emilia (RE)
Seat Leon ST Style DSG BR663689 2.0 Diesel 150CV,https://www.automobile.it/cinisello-balsamo-seat-leon-st-style-dsg-br663689-2-0-diesel-150cv/184610797,€ 14.490,Usato,Febbraio 2024,60.514 km,Diesel,Automatico,Unico proprietario,Cinisello Balsamo (MI)
SEAT Leon ST 2.0 TDi 115CV - UNIPRO TAGLIANDATA,https://www.automobile.it/ciampino-seat-leon-st-2-0-tdi-115cv-unipro-tagliandata/184539786,€ 14.500,Usato,Ottobre 2023,67.584 km,Diesel - Euro 6,Manuale,Unico proprietario,Ciampino (RM)
Seat Leon Sportstourer 2.0 TDI 150 CV DSG Style,https://www.automobile.it/copparo-seat-leon-sportstourer-2-0-tdi-150-cv-dsg-style/184614591,€ 14.500,Usato,Ottobre 2023,60.000 km,Diesel - Euro 6,Automatico,Unico proprietario,Copparo (FE)
SEAT Leon 4ª serie - Leon Sportstourer 2.0 TDI Style,https://www.automobile.it/legnano-seat-leon-4-serie-leon-sportstourer-2-0-tdi-style/184492860,€ 14.800,Usato,Ottobre 2023,65.659 km,Diesel - Euro 6,Manuale,,Legnano (MI)
Seat Leon 1.5 TGI Style,https://www.automobile.it/roma-seat-leon-1-5-tgi-style/184607866,€ 14.800,Usato,Agosto 2022,151.361 km,Metano - Euro 6,Manuale,,Roma (RM)
Seat Leon Sportstourer 2.0 TDI 150 CV DSG Style,https://www.automobile.it/torino-seat-leon-sportstourer-2-0-tdi-150-cv-dsg-style/184178057,€ 14.900,Usato,Febbraio 2024,65.000 km,Diesel - Euro 6,Automatico,Unico proprietario,Torino (TO)
SEAT Leon 2.0 TDI 110KW BUSINESS DSG,https://www.automobile.it/san-vito-normanni-seat-leon-2-0-tdi-110kw-business-dsg/184618041,€ 14.900,Usato,Ottobre 2023,75.344 km,Diesel - Euro 6,Automatico,Unico proprietario,San Vito dei Normanni (BR)
Seat Leon 1.0 TSI Business,https://www.automobile.it/firenze-seat-leon-1-0-tsi-business/184641945,€ 14.900,Usato,Luglio 2022,70.000 km,Benzina - Euro 6,Manuale,2 Proprietari,Firenze (FI)
SEAT Leon SW 2.0 TDI 150cv STYLE DSG - GS020DW,https://www.automobile.it/basiliano-seat-leon-sw-2-0-tdi-150cv-style-dsg-gs020dw/184621265,€ 14.900,Usato,Novembre 2023,77.000 km,Diesel - Euro 6,Automatico,,Basiliano (UD)
Seat Leon Sportstourer 2.0 TDI 150 CV DSG Style,https://www.automobile.it/torino-seat-leon-sportstourer-2-0-tdi-150-cv-dsg-style/184178057,€ 14.900,Usato,Febbraio 2024,65.000 km,Diesel - Euro 6,Automatico,Unico proprietario,Torino (TO)
SEAT Leon Sportstourer 2.0TDI 150 DSG Style - 2024,https://www.automobile.it/teramo-seat-leon-sportstourer-2-0tdi-150-dsg-style-2024/184623768,€ 14.900,Usato,Gennaio 2024,61.198 km,Diesel,Automatico,Unico proprietario,Teramo (TE)
Seat Leon Sportstourer 2.0 TDI Business,https://www.automobile.it/marino-seat-leon-sportstourer-2-0-tdi-business/184654002,€ 14.900,Usato,Gennaio 2024,89.500 km,Diesel - Euro 6,Manuale,,Marino (RM)
SEAT Leon 2.0 TDI Business 115 CV C/GRIMALDI SPECIAL DAY,https://www.automobile.it/vigevano-seat-leon-2-0-tdi-business-115-cv-grimaldi-special-day/184658664,€ 14.900,Usato,Gennaio 2022,86.856 km,Diesel - Euro 6,Manuale,,Vigevano (PV)
SEAT Leon 2.0 TDI Style FULL LED C/GRIMALDI SPECIAL DAY,https://www.automobile.it/vigevano-seat-leon-2-0-tdi-style-full-led-grimaldi-special-day/184658686,€ 14.900,Usato,Giugno 2021,72.341 km,Diesel - Euro 6,Manuale,,Vigevano (PV)
SEAT Leon Sportstourer 2.0 TDI 150 CV DSG Style - PROMO,https://www.automobile.it/este-seat-leon-sportstourer-2-0-tdi-150-cv-dsg-style-promo/184281465,€ 14.900,Usato,Febbraio 2024,76.000 km,Diesel - Euro 6,Automatico,,Este (PD)
Seat Leon 2.0 TDI Business berlina neopatentati,https://www.automobile.it/casalecchio-reno-seat-leon-2-0-tdi-business-berlina-neopatentati/182154348,€ 14.990,Usato,Maggio 2022,124.995 km,Diesel - Euro 6,Manuale,Unico proprietario,Casalecchio di Reno (BO)
Seat Leon 2.0 TDI Business berlina neopatentati,https://www.automobile.it/casalecchio-reno-seat-leon-2-0-tdi-business-berlina-neopatentati/182285691,€ 14.990,Usato,Maggio 2022,124.995 km,Diesel - Euro 6,Manuale,Unico proprietario,Casalecchio di Reno (BO)
Seat Leon Sportstourer 2.0 TDI 150 CV DSG,https://www.automobile.it/morgano-seat-leon-sportstourer-2-0-tdi-150-cv-dsg/184008970,€ 14.990,Usato,Ottobre 2023,70.000 km,Diesel - Euro 6,Semiautomatico,,Morgano (TV)
Seat Leon Sportstourer 2.0 TDI 150 CV DSG Business,https://www.automobile.it/morgano-seat-leon-sportstourer-2-0-tdi-150-cv-dsg-business/184060243,€ 14.990,Usato,Ottobre 2023,70.000 km,Diesel - Euro 6,Semiautomatico,,Morgano (TV)
SEAT Leon Sportstourer 2.0 tdi Business 150cv dsg *PRONTA CONSEGNA,https://www.automobile.it/roma-seat-leon-sportstourer-2-0-tdi-business-150cv-dsg-pronta-consegna/184591891,€ 14.990,Usato,Gennaio 2024,59.000 km,Diesel,Semiautomatico,Unico proprietario,Roma (RM)
Seat Leon 2.0 116cv TDI Business,https://www.automobile.it/palermo-seat-leon-2-0-116cv-tdi-business/184649345,€ 14.990,Aziendale,Settembre 2022,141.000 km,Diesel - Euro 6,Manuale,,Palermo (PA)
Seat Leon 2.0 TDI Business PREZZO REALE,https://www.automobile.it/reggio-emilia-seat-leon-2-0-tdi-business-prezzo-reale/184645563,€ 14.999,Usato,Maggio 2022,100.000 km,Diesel - Euro 6,Manuale,Unico proprietario,Reggio Emilia (RE)
Seat Leon 1.5 TGI Style,https://www.automobile.it/roma-seat-leon-1-5-tgi-style/184607865,€ 15.300,Usato,Agosto 2022,112.851 km,Metano - Euro 6,Manuale,,Roma (RM)
SEAT LEON SportsTourer 2.0 TDI DSG-Led Carplay,https://www.automobile.it/monte-san-vito-seat-leon-sportstourer-2-0-tdi-dsg-led-carplay/184583245,€ 15.400,Usato,Febbraio 2024,60.000 km,Diesel - Euro 6,Automatico,,Monte San Vito (AN)
SEAT Leon SW 2.0 TDI 150cv STYLE DSG - GR107HC,https://www.automobile.it/basiliano-seat-leon-sw-2-0-tdi-150cv-style-dsg-gr107hc/184563070,€ 15.400,Usato,Ottobre 2023,66.000 km,Diesel - Euro 6,Automatico,,Basiliano (UD)
SEAT Leon SW 2.0 TDI 150cv STYLE DSG - GS785LL,https://www.automobile.it/basiliano-seat-leon-sw-2-0-tdi-150cv-style-dsg-gs785ll/184670226,€ 15.400,Usato,Dicembre 2023,62.000 km,Diesel - Euro 6,Automatico,,Basiliano (UD)
SEAT Leon Sportstourer 1.5 eTSI 150 CV DSG Xcellence del 2021,https://www.automobile.it/firenze-seat-leon-sportstourer-1-5-etsi-150-cv-dsg-xcellence-2021/183690029,€ 15.470,Usato,Maggio 2021,96.718 km,Ibrido - Euro 6,Automatico,,Firenze (FI)
Seat Leon Sportstourer 2.0 TDI Style,https://www.automobile.it/torino-seat-leon-sportstourer-2-0-tdi-style/182985379,€ 15.490,Usato,Settembre 2023,98.000 km,Diesel - Euro 6,Manuale,,Torino (TO)
SEAT LEON SW 2.0 TDI 150 CV DSG CERTIFICATA ITALIA,https://www.automobile.it/afragola-seat-leon-sw-2-0-tdi-150-cv-dsg-certificata-italia/184612853,€ 15.499,Usato,Gennaio 2023,99.000 km,Diesel - Euro 6,Automatico,,Afragola (NA)
SEAT Leon 2.0 TDI 150CV DSG Style,https://www.automobile.it/san-michele-salentino-seat-leon-2-0-tdi-150cv-dsg-style/183670838,€ 15.500,Usato,Settembre 2021,112.000 km,Diesel,Automatico,Unico proprietario,San Michele Salentino (BR)
SEAT Leon Sportstourer 2.0 TDI 150 CV DSG Style,https://www.automobile.it/roma-seat-leon-sportstourer-2-0-tdi-150-cv-dsg-style/184391650,€ 15.500,Usato,Ottobre 2023,76.316 km,Diesel - Euro 6,Semiautomatico,,Roma (RM)
Seat Leon Sportstourer 2.0 TDI Business,https://www.automobile.it/manoppello-seat-leon-sportstourer-2-0-tdi-business/184427979,€ 15.500,Usato,Agosto 2021,87.230 km,Diesel - Euro 6,Manuale,,Manoppello (PE)
Seat Leon 2.0 TDI 150 CV DSG Business,https://www.automobile.it/lanciano-seat-leon-2-0-tdi-150-cv-dsg-business/184305952,€ 15.500,Usato,Ottobre 2023,72.500 km,Diesel - Euro 6,Automatico,,Lanciano (CH)
Seat Leon Sportstourer 2.0 TDI Style,https://www.automobile.it/sora-seat-leon-sportstourer-2-0-tdi-style/184581751,€ 15.500,Usato,Ottobre 2023,77.493 km,Diesel - Euro 6,Manuale,Unico proprietario,Sora (FR)
Seat Leon 2.0 TDI Style MAN. **KM 87974**,https://www.automobile.it/verona-seat-leon-2-0-tdi-style-man-km-87974/184535603,€ 15.600,Usato,Novembre 2022,87.974 km,Diesel - Euro 6,Manuale,Unico proprietario,Verona (VR)
Seat Leon 2.0 TDI Business 2022,https://www.automobile.it/erba-seat-leon-2-0-tdi-business-2022/183557411,€ 15.700,Usato,Maggio 2022,122.930 km,Diesel - Euro 6,Manuale,Unico proprietario,Erba (CO)
SEAT Leon 1.0 TSI 110CV Style,https://www.automobile.it/sala-bolognese-seat-leon-1-0-tsi-110cv-style/184277248,€ 15.891,Usato,Marzo 2021,69.127 km,Benzina,Manuale,,Sala Bolognese (BO)
SEAT Leon 1.0 TSI 110CV Style,https://www.automobile.it/meda-seat-leon-1-0-tsi-110cv-style/184277439,€ 15.891,Usato,Marzo 2021,69.127 km,Benzina,Manuale,,Meda (MB)
SEAT Leon 1.0 TSI 110CV Style,https://www.automobile.it/san-giorgio-bosco-seat-leon-1-0-tsi-110cv-style/184277474,€ 15.891,Usato,Marzo 2021,69.127 km,Benzina,Manuale,,San Giorgio in Bosco (PD)
SEAT Leon 1.0 TSI 110CV Style,https://www.automobile.it/barzago-seat-leon-1-0-tsi-110cv-style/184277397,€ 15.891,Usato,Marzo 2021,69.127 km,Benzina,Manuale,,Barzago (LC)
SEAT Leon 1.0 TSI 110CV Style,https://www.automobile.it/milano-seat-leon-1-0-tsi-110cv-style/184277282,€ 15.891,Usato,Marzo 2021,69.127 km,Benzina,Manuale,,Milano (MI)
SEAT Leon 1.0 TSI 110CV Style,https://www.automobile.it/curno-seat-leon-1-0-tsi-110cv-style/184277312,€ 15.891,Usato,Marzo 2021,69.127 km,Benzina,Manuale,,Curno (BG)
SEAT Leon 1.0 TSI 110CV Style,https://www.automobile.it/roma-seat-leon-1-0-tsi-110cv-style/184277351,€ 15.891,Usato,Marzo 2021,69.127 km,Benzina,Manuale,,Roma (RM)
SEAT Leon ST 1.0 eTSI 110 CV DSG Style,https://www.automobile.it/assago-seat-leon-st-1-0-etsi-110-cv-dsg-style/182223194,€ 15.900,Usato,Novembre 2022,67.916 km,Ibrido,Automatico,,Assago (MI)
SEAT Leon ST 1.0 eTSI 110 CV DSG Style,https://www.automobile.it/assago-seat-leon-st-1-0-etsi-110-cv-dsg-style/182308163,€ 15.900,Usato,Novembre 2022,67.916 km,Ibrido,Automatico,,Assago (MI)
SEAT Leon 1.0 eTSI DSG Business MHEV C/GRIMALDI SPECIAL DAY,https://www.automobile.it/vigevano-seat-leon-1-0-etsi-dsg-business-mhev-grimaldi-special-day/184505849,€ 15.900,Usato,Novembre 2021,70.253 km,Ibrido - Euro 6,Automatico,,Vigevano (PV)
SEAT Leon SW 2.0 TDI 150cv STYLE DSG - GT432FV,https://www.automobile.it/basiliano-seat-leon-sw-2-0-tdi-150cv-style-dsg-gt432fv/184550412,€ 15.900,Usato,Marzo 2024,62.000 km,Diesel - Euro 6,Automatico,,Basiliano (UD)
SEAT Leon Leon Sportstourer 1.5 etsi Business 150cv dsg,https://www.automobile.it/altivole-seat-leon-leon-sportstourer-1-5-etsi-business-150cv-dsg/184602782,€ 15.900,Usato,Giugno 2023,92.000 km,Ibrido,Automatico,Unico proprietario,Altivole (TV)
SEAT Leon 1.0 TSI 110cv MOVE!,https://www.automobile.it/vitulazio-seat-leon-1-0-tsi-110cv-move/184545117,€ 15.900,Usato,Giugno 2022,40.358 km,Benzina - Euro 6,Manuale,,Vitulazio (CE)
Seat Leon S.W. 2.0 Tdi 150Cv Dsg Style,https://www.automobile.it/latina-seat-leon-s-w-2-0-tdi-150cv-dsg-style/184654264,€ 15.900,Usato,Novembre 2023,72.200 km,Diesel - Euro 6,Semiautomatico,Unico proprietario,Latina (LT)
Seat Leon S.W. 2.0 Tdi 150Cv Dsg Style,https://www.automobile.it/latina-seat-leon-s-w-2-0-tdi-150cv-dsg-style/184654278,€ 15.900,Usato,Febbraio 2024,58.700 km,Diesel - Euro 6,Semiautomatico,Unico proprietario,Latina (LT)
SEAT Leon 2.0 TDI Style FULL LED,https://www.automobile.it/vigevano-seat-leon-2-0-tdi-style-full-led/184658667,€ 15.900,Usato,Giugno 2021,72.341 km,Diesel - Euro 6,Manuale,,Vigevano (PV)
SEAT Leon 2.0 TDI Business 115 CV,https://www.automobile.it/vigevano-seat-leon-2-0-tdi-business-115-cv/184658678,€ 15.900,Usato,Gennaio 2022,86.856 km,Diesel - Euro 6,Manuale,,Vigevano (PV)
Seat Leon METANO - PREZZO PROMO FINANZIAMENTO !,https://www.automobile.it/pollenza-seat-leon-metano-prezzo-promo-finanziamento/184667785,€ 15.950,Usato,Febbraio 2023,119.000 km,Metano - Euro 6,Semiautomatico,Unico proprietario,Pollenza (MC)
Seat Leon Leon 2.0 tdi Business 150cv AUTOMATICA,https://www.automobile.it/latina-seat-leon-leon-2-0-tdi-business-150cv-automatica/183809939,€ 15.990,Usato,2023,72.162 km,Diesel - Euro 6,Automatico,,Latina (LT)
SEAT Leon Sportstourer 1.5 eTSI 150 CV DSG Xcellence,https://www.automobile.it/olbia-seat-leon-sportstourer-1-5-etsi-150-cv-dsg-xcellence/180137126,€ 15.990,Usato,Marzo 2021,75.697 km,Ibrido - Euro 6,Automatico,,Olbia (OT)
Seat Leon 2.0 TDI 150 CV DSG Style,https://www.automobile.it/settimo-torinese-seat-leon-2-0-tdi-150-cv-dsg-style/184414549,€ 15.990,Usato,Febbraio 2024,64.000 km,Diesel - Euro 6,Semiautomatico,Unico proprietario,Settimo Torinese (TO)
SEAT Leon Sportstourer 1.5 eTSI 150 CV DSG Xcellence,https://www.automobile.it/spinea-seat-leon-sportstourer-1-5-etsi-150-cv-dsg-xcellence/184319506,€ 15.990,Usato,Marzo 2021,99.850 km,Ibrido,Semiautomatico,Unico proprietario,Spinea (VE)
Seat Leon Sw 2.0 116 CV Full Led Virtual Cockpit Garantita,https://www.automobile.it/viadana-seat-leon-sw-2-0-116-cv-full-led-virtual-cockpit-garantita/184617959,€ 15.990,Usato,Aprile 2023,95.000 km,Diesel - Euro 6,Manuale,Unico proprietario,Viadana (MN)
Seat Leon Sportstourer 2.0 TDI 150 CV DSG Style,https://www.automobile.it/gattatico-seat-leon-sportstourer-2-0-tdi-150-cv-dsg-style/184629383,€ 15.999,Usato,Settembre 2022,99.000 km,Diesel - Euro 6,Automatico,Unico proprietario,Gattatico (RE)
Seat Leon 2.0 TDI 150 CV DSG Style,https://www.automobile.it/rende-seat-leon-2-0-tdi-150-cv-dsg-style/184480828,€ 16.000,Usato,Maggio 2021,70.000 km,Diesel - Euro 6,Semiautomatico,,Rende (CS)
Seat Leon ST Business DSG BR570314 1.5 Mild Hybrid 150CV,https://www.automobile.it/reggio-emilia-seat-leon-st-business-dsg-br570314-1-5-mild-hybrid-150cv/184629444,€ 16.290,Usato,Maggio 2023,90.369 km,Altro,Automatico,Unico proprietario,Reggio Emilia (RE)
Seat Leon ST Business DSG BR570314 1.5 Mild Hybrid 150CV,https://www.automobile.it/cinisello-balsamo-seat-leon-st-business-dsg-br570314-1-5-mild-hybrid-150cv/184629436,€ 16.290,Usato,Maggio 2023,90.369 km,Altro,Automatico,Unico proprietario,Cinisello Balsamo (MI)
SEAT Leon Sportstourer 1.5 eTSI 150 CV DSG Xcellence,https://www.automobile.it/olbia-seat-leon-sportstourer-1-5-etsi-150-cv-dsg-xcellence/180137110,€ 16.400,Usato,Giugno 2021,70.000 km,Ibrido - Euro 6,Automatico,,Olbia (OT)
SEAT Leon Sportstourer 1.5 eTSI 150 CV DSG Xcellence,https://www.automobile.it/olbia-seat-leon-sportstourer-1-5-etsi-150-cv-dsg-xcellence/180137125,€ 16.400,Usato,Marzo 2021,68.116 km,Ibrido - Euro 6,Automatico,,Olbia (OT)
SEAT Leon 1.5 tsi fr 150cv del 2021,https://www.automobile.it/limena-seat-leon-1-5-tsi-fr-150cv-2021/183626460,€ 16.400,Usato,Giugno 2021,122.000 km,Benzina - Euro 6,Manuale,,Limena (PD)
Seat Leon 2.0 TDI 115 CV BERLINA - CAR PLAY / VIRTUAL COCKPIT,https://www.automobile.it/sala-consilina-seat-leon-2-0-tdi-115-cv-berlina-car-play-virtual-cockpit/184370599,€ 16.500,Usato,Marzo 2024,169.000 km,Diesel - Euro 6,Manuale,,Sala Consilina (SA)
Seat Leon 1.5 TGI DSG Business,https://www.automobile.it/civitanova-marche-seat-leon-1-5-tgi-dsg-business/183939495,€ 16.500,Usato,Aprile 2022,127.000 km,Metano - Euro 6,Automatico,Unico proprietario,Civitanova Marche (MC)
SEAT Leon 2.0 TDI 150 CV DSG Style PREZZO REALE!,https://www.automobile.it/torino-seat-leon-2-0-tdi-150-cv-dsg-style-prezzo-reale/184536817,€ 16.500,Usato,Febbraio 2024,49.000 km,Diesel,Semiautomatico,Unico proprietario,Torino (TO)
SEAT Leon 1.5 TGI Style Metano della Casa,https://www.automobile.it/oderzo-seat-leon-1-5-tgi-style-metano-casa/183765382,€ 16.900,Usato,Agosto 2022,79.890 km,Metano - Euro 6,Manuale,,Oderzo (TV)
SEAT Leon 1.0 eTSI DSG Business MHEV,https://www.automobile.it/vigevano-seat-leon-1-0-etsi-dsg-business-mhev/184505808,€ 16.900,Usato,Novembre 2021,70.253 km,Ibrido - Euro 6,Automatico,,Vigevano (PV)
Seat Leon Sportstourer 2.0 TDI 150 CV DSG Style,https://www.automobile.it/monte-san-vito-seat-leon-sportstourer-2-0-tdi-150-cv-dsg-style/184573711,€ 16.900,Usato,Febbraio 2024,60.000 km,Diesel,Automatico,Unico proprietario,Monte San Vito (AN)
Seat Leon Sportstourer 2.0 TDI 150 CV DSG Business,https://www.automobile.it/agrigento-seat-leon-sportstourer-2-0-tdi-150-cv-dsg-business/184522787,€ 16.900,Usato,Ottobre 2023,74.000 km,Diesel - Euro 6,Automatico,Unico proprietario,Agrigento (AG)
Seat Leon Sportstourer 2.0 TDI 150 CV DSG Style,https://www.automobile.it/verona-seat-leon-sportstourer-2-0-tdi-150-cv-dsg-style/184605955,€ 16.900,Usato,Marzo 2022,86.449 km,Diesel - Euro 6,Automatico,Unico proprietario,Verona (VR)
Seat Leon SportsTourer 2.0 TDI 116 Cv.,https://www.automobile.it/alessano-seat-leon-sportstourer-2-0-tdi-116-cv/184660781,€ 16.900,Usato,Novembre 2023,69.818 km,Diesel - Euro 6,Manuale,,Alessano (LE)
Seat Leon Sportstourer 2.0 TDI Business,https://www.automobile.it/nardo-seat-leon-sportstourer-2-0-tdi-business/184660506,€ 16.900,Usato,Novembre 2023,69.818 km,Diesel - Euro 6,Manuale,,Nardò (LE)
"SEAT LEON 2.0 SPORTSTOURER TDI DSG 150CV - FULL LED, VIRTUAL COCKPIT, CAR PLAY",https://www.automobile.it/brescello-seat-leon-2-0-sportstourer-tdi-dsg-150cv-full-led-virtual-cockpit-car-play/184592204,€ 16.999,Usato,Novembre 2021,98.000 km,Diesel - Euro 6,Automatico,Unico proprietario,Brescello (RE)
"SEAT LEON SPORTSTOURER 2.0 STYLE TDI 116 CV - FULL LED, VIRTUAL COCKPIT, NEOPATENTATI",https://www.automobile.it/brescello-seat-leon-sportstourer-2-0-style-tdi-116-cv-full-led-virtual-cockpit-neopatentati/184592206,€ 16.999,Usato,Ottobre 2023,67.000 km,Diesel - Euro 6,Manuale,Unico proprietario,Brescello (RE)
SEAT Leon Leon Sportstourer 1.5 etsi Business 150cv dsg,https://www.automobile.it/altivole-seat-leon-leon-sportstourer-1-5-etsi-business-150cv-dsg/184132683,€ 17.000,Usato,Giugno 2023,92.000 km,Ibrido,Automatico,Unico proprietario,Altivole (TV)
SEAT Leon 1.5 eTSI 150 CV DSG Xcellence,https://www.automobile.it/olbia-seat-leon-1-5-etsi-150-cv-dsg-xcellence/180137121,€ 17.300,Usato,Aprile 2021,71.481 km,Ibrido - Euro 6,Automatico,,Olbia (OT)
SEAT Leon 2.0 TDI 110KW BUSINESS DSG,https://www.automobile.it/bordano-seat-leon-2-0-tdi-110kw-business-dsg/184420702,€ 17.450,Usato,Giugno 2022,86.239 km,Diesel - Euro 6,Automatico,,Bordano (UD)
Seat Leon Sportstourer 2.0 TDI 150 CV DSG Style,https://www.automobile.it/calderara-reno-seat-leon-sportstourer-2-0-tdi-150-cv-dsg-style/184031713,€ 17.500,Usato,Febbraio 2024,85.559 km,Diesel - Euro 6,Automatico,,Calderara di Reno (BO)
Seat Leon 1.5 TGI DSG FR,https://www.automobile.it/cesena-seat-leon-1-5-tgi-dsg-fr/184447884,€ 17.500,Usato,Dicembre 2021,70.850 km,Metano - Euro 6,Automatico,Unico proprietario,Cesena (FC)
Seat Leon Sw 2.0 116 CV Full Led Virtual Cockpit Garantita,https://www.automobile.it/viadana-seat-leon-sw-2-0-116-cv-full-led-virtual-cockpit-garantita/184617865,€ 17.500,Usato,Settembre 2023,60.000 km,Diesel - Euro 6,Manuale,Unico proprietario,Viadana (MN)
Seat Leon Sportstourer 1.5 TGI DSG Business,https://www.automobile.it/pollenza-seat-leon-sportstourer-1-5-tgi-dsg-business/184501407,€ 17.550,Usato,Febbraio 2023,119.000 km,Metano - Euro 6,Semiautomatico,Unico proprietario,Pollenza (MC)
Seat Leon Sportstourer 1.5 TGI DSG Business,https://www.automobile.it/pollenza-seat-leon-sportstourer-1-5-tgi-dsg-business/184510726,€ 17.550,Usato,Febbraio 2023,119.000 km,Metano - Euro 6,Semiautomatico,Unico proprietario,Pollenza (MC)
SEAT Leon Sportstourer 2.0 TDI 150 CV DSG Style,https://www.automobile.it/maniago-seat-leon-sportstourer-2-0-tdi-150-cv-dsg-style/184374172,€ 17.800,Usato,Aprile 2024,56.000 km,Diesel - Euro 6,Automatico,,Maniago (PN)
Seat Leon Sportstourer 2.0 TDI 150 CV DSG Style,https://www.automobile.it/viadana-seat-leon-sportstourer-2-0-tdi-150-cv-dsg-style/184617900,€ 17.800,Usato,Ottobre 2023,75.000 km,Diesel - Euro 6,Automatico,Unico proprietario,Viadana (MN)
SEAT Leon Sportstourer 1.0 eTSI 110 CV DSG Style,https://www.automobile.it/cagliari-seat-leon-sportstourer-1-0-etsi-110-cv-dsg-style/182950772,€ 17.900,Usato,Ottobre 2022,38.500 km,Ibrido - Euro 6,Semiautomatico,,Cagliari (CA)
SEAT Leon FR 2.0 TDI 150CV DSG,https://www.automobile.it/borgetto-seat-leon-fr-2-0-tdi-150cv-dsg/184393014,€ 17.900,Usato,Aprile 2022,110.441 km,Diesel - Euro 6,Automatico,Unico proprietario,Borgetto (PA)
Seat Leon 2.0 tdi Business 115cv,https://www.automobile.it/verona-seat-leon-2-0-tdi-business-115cv/184477567,€ 17.900,Usato,Gennaio 2024,79.000 km,Diesel,Manuale,Unico proprietario,Verona (VR)
SEAT Leon 2.0 tdi Style 150cv dsg,https://www.automobile.it/sarteano-seat-leon-2-0-tdi-style-150cv-dsg/183123678,€ 17.900,Usato,Marzo 2023,80.500 km,Diesel - Euro 6,Automatico,2 Proprietari,Sarteano (SI)
Seat Leon 2.0 TDI 150 CV DSG Xcellence,https://www.automobile.it/fara-vicentino-seat-leon-2-0-tdi-150-cv-dsg-xcellence/183061406,€ 17.990,Usato,Giugno 2021,67.000 km,Diesel - Euro 6,Semiautomatico,Unico proprietario,Fara Vicentino (VI)
"SEAT LEON 2.0 SPORTSTOURER TDI DSG 150CV - FULL LED, VIRTUAL COCKPIT, CAR PLAY",https://www.automobile.it/brescello-seat-leon-2-0-sportstourer-tdi-dsg-150cv-full-led-virtual-cockpit-car-play/182312898,€ 17.999,Usato,Settembre 2021,95.000 km,Diesel - Euro 6,Automatico,Unico proprietario,Brescello (RE)
Seat Leon 1.0 tsi Style 90cv,https://www.automobile.it/alghero-seat-leon-1-0-tsi-style-90cv/181339372,€ 18.000,Usato,2022,59.000 km,Benzina - Euro 6,Manuale,,Alghero (SS)
SEAT Leon 1.5 eTSI 150 CV DSG Business,https://www.automobile.it/collesalvetti-seat-leon-1-5-etsi-150-cv-dsg-business/184529464,€ 18.199,Usato,Aprile 2022,74.102 km,Ibrido - Euro 6,Automatico,,Collesalvetti (LI)
SEAT Leon 1.5 eTSI 150 CV DSG Business,https://www.automobile.it/milano-seat-leon-1-5-etsi-150-cv-dsg-business/184533401,€ 18.199,Usato,Aprile 2022,74.102 km,Ibrido - Euro 6,Automatico,,Milano (MI)
SEAT Leon 1.5 eTSI 150 CV DSG Business,https://www.automobile.it/bari-seat-leon-1-5-etsi-150-cv-dsg-business/184533212,€ 18.199,Usato,Aprile 2022,74.102 km,Ibrido - Euro 6,Automatico,,Bari (BA)
SEAT Leon 1.5 eTSI 150 CV DSG Business,https://www.automobile.it/casoria-seat-leon-1-5-etsi-150-cv-dsg-business/184532347,€ 18.199,Usato,Aprile 2022,74.102 km,Ibrido - Euro 6,Automatico,,Casoria (NA)
SEAT Leon 1.5 eTSI 150 CV DSG Business,https://www.automobile.it/verona-seat-leon-1-5-etsi-150-cv-dsg-business/184531997,€ 18.199,Usato,Aprile 2022,74.102 km,Ibrido - Euro 6,Automatico,,Verona (VR)
SEAT Leon 1.5 eTSI 150 CV DSG Business,https://www.automobile.it/sassari-seat-leon-1-5-etsi-150-cv-dsg-business/184532750,€ 18.199,Usato,Aprile 2022,74.102 km,Ibrido - Euro 6,Automatico,,Sassari (SS)
SEAT Leon 1.5 eTSI 150 CV DSG Business,https://www.automobile.it/firenze-seat-leon-1-5-etsi-150-cv-dsg-business/184533166,€ 18.199,Usato,Aprile 2022,74.102 km,Ibrido - Euro 6,Automatico,,Firenze (FI)
SEAT Leon 1.5 eTSI 150 CV DSG Business,https://www.automobile.it/cagliari-seat-leon-1-5-etsi-150-cv-dsg-business/184532595,€ 18.199,Usato,Aprile 2022,74.102 km,Ibrido - Euro 6,Automatico,,Cagliari (CA)
SEAT Leon 1.5 eTSI 150 CV DSG Business,https://www.automobile.it/bologna-seat-leon-1-5-etsi-150-cv-dsg-business/184532783,€ 18.199,Usato,Aprile 2022,74.102 km,Ibrido - Euro 6,Automatico,,Bologna (BO)
SEAT Leon 1.5 eTSI 150 CV DSG Business,https://www.automobile.it/palermo-seat-leon-1-5-etsi-150-cv-dsg-business/184533680,€ 18.199,Usato,Aprile 2022,74.102 km,Ibrido - Euro 6,Automatico,,Palermo (PA)
Seat Leon 1.5 TGI DSG FR,https://www.automobile.it/chiaravalle-seat-leon-1-5-tgi-dsg-fr/184402939,€ 18.400,Usato,Aprile 2021,91.000 km,Metano - Euro 6,Automatico,,Chiaravalle (AN)
Seat Leon Berlina 2.0 150 CV DSG Business,https://www.automobile.it/viadana-seat-leon-berlina-2-0-150-cv-dsg-business/184617861,€ 18.490,Usato,Maggio 2022,80.000 km,Diesel,Automatico,Unico proprietario,Viadana (MN)
Seat Leon Sportstourer 2.0 TDI 150 CV DSG Style,https://www.automobile.it/rivignano-teor-seat-leon-sportstourer-2-0-tdi-150-cv-dsg-style/184448338,€ 18.500,Usato,Giugno 2024,50.000 km,Diesel - Euro 6,Automatico,,Rivignano Teor (UD)
Seat Leon Sportstourer 2.0 TDI 150 CV DSG FR,https://www.automobile.it/parma-seat-leon-sportstourer-2-0-tdi-150-cv-dsg-fr/184617694,€ 18.500,Usato,Febbraio 2024,59.000 km,Diesel - Euro 6,Automatico,Unico proprietario,Parma (PR)
SEAT Leon 1.4 e-HYBRID 204 CV DSG FR,https://www.automobile.it/ferentino-seat-leon-1-4-hybrid-204-cv-dsg-fr/184620130,€ 18.500,Usato,Luglio 2021,76.300 km,Ibrido - Euro 6,Automatico,,Ferentino (FR)
SEAT Leon 4ª serie - Leon 1.5 TGI DSG FR,https://www.automobile.it/ancona-seat-leon-4-serie-leon-1-5-tgi-dsg-fr/183689534,€ 18.900,Usato,Dicembre 2021,97.450 km,Metano - Euro 6,Automatico,,Ancona (AN)
SEAT Leon 1.5 TGI DSG Style,https://www.automobile.it/treviso-seat-leon-1-5-tgi-dsg-style/182039233,€ 19.500,Usato,Dicembre 2022,34.000 km,Metano,Automatico,,Treviso (TV)
SEAT LEON RF 2000 TDI 150 CV DSG,https://www.automobile.it/buja-seat-leon-rf-2000-tdi-150-cv-dsg/184636101,€ 19.700,Usato,Ottobre 2022,110.000 km,Diesel - Euro 6,Manuale,,Buja (UD)
Seat Leon 1.0 etsi FR 110cv dsg,https://www.automobile.it/rovigo-seat-leon-1-0-etsi-fr-110cv-dsg/183444027,€ 19.900,Usato,Dicembre 2023,29.900 km,Ibrido,Automatico,Unico proprietario,Rovigo (RO)
Seat Leon Sportstourer 1.5 TGI Business,https://www.automobile.it/macerata-seat-leon-sportstourer-1-5-tgi-business/183327603,€ 19.950,Usato,Febbraio 2022,40.000 km,Metano - Euro 6,Manuale,,Macerata (MC)
SEAT LEON 2.0 TDI FR neopatentati km 33.000,https://www.automobile.it/trento-seat-leon-2-0-tdi-fr-neopatentati-km-33-000/184311572,€ 20.000,Usato,Marzo 2024,33.000 km,Diesel - Euro 6,Manuale,Unico proprietario,Trento (TN)
SEAT LEON 2.0 TDI FR neopatentati km 33.000,https://www.automobile.it/trento-seat-leon-2-0-tdi-fr-neopatentati-km-33-000/184466445,€ 20.000,Usato,Marzo 2024,33.000 km,Diesel - Euro 6,Manuale,Unico proprietario,Trento (TN)
SEAT Leon Leon 1.5 etsi FR 150cv dsg - PHEV - Pari al nuovo,https://www.automobile.it/rho-seat-leon-leon-1-5-etsi-fr-150cv-dsg-phev-pari-nuovo/184445194,€ 20.490,Usato,Aprile 2024,63.803 km,Ibrido - Euro 6,Semiautomatico,Unico proprietario,Rho (MI)
SEAT Leon 4ª serie Leon 1.5 eTSI 150 CV DSG FR,https://www.automobile.it/molteno-seat-leon-4-serie-leon-1-5-etsi-150-cv-dsg-fr/184489131,€ 20.700,Usato,2023,32.100 km,Ibrido - Euro 6,Automatico,,Molteno (LC)
Seat Leon Sportstourer 1.0 TSI 110 CV Style,https://www.automobile.it/rosta-seat-leon-sportstourer-1-0-tsi-110-cv-style/183044302,€ 20.900,Usato,Marzo 2024,6.000 km,Benzina - Euro 6,Manuale,,Rosta (TO)
Seat Leon 1.5 hybrid Style 116cv dsg,https://www.automobile.it/liscate-seat-leon-1-5-hybrid-style-116cv-dsg/183266646,€ 20.990,Usato,Marzo 2025,22.000 km,Ibrido,Automatico,Unico proprietario,Liscate (MI)
Seat Leon Sportstourer 1.5 TGI DSG FR TETTO PANORAMICO,https://www.automobile.it/castelfidardo-seat-leon-sportstourer-1-5-tgi-dsg-fr-tetto-panoramico/183827341,€ 20.999,Usato,Dicembre 2021,59.880 km,Metano - Euro 6,Semiautomatico,,Castelfidardo (AN)
SEAT LEON 1.5 ETSI 110 KW FR DSG 5 PORTE BERLINA,https://www.automobile.it/firenze-seat-leon-1-5-etsi-110-kw-fr-dsg-5-porte-berlina/184609346,€ 21.400,Usato,Giugno 2023,56.286 km,Ibrido - Euro 6,Automatico,Unico proprietario,Firenze (FI)
SEAT LEON 1.5 ETSI 110 KW FR DSG 5 PORTE BERLINA,https://www.automobile.it/verona-seat-leon-1-5-etsi-110-kw-fr-dsg-5-porte-berlina/184609294,€ 21.400,Usato,Giugno 2023,56.286 km,Ibrido - Euro 6,Automatico,Unico proprietario,Verona (VR)
SEAT LEON 1.5 ETSI 110 KW FR DSG 5 PORTE BERLINA,https://www.automobile.it/bentivoglio-seat-leon-1-5-etsi-110-kw-fr-dsg-5-porte-berlina/184609173,€ 21.400,Usato,Giugno 2023,56.286 km,Ibrido - Euro 6,Automatico,Unico proprietario,Bentivoglio (BO)
SEAT LEON 1.5 ETSI 110 KW FR DSG 5 PORTE BERLINA,https://www.automobile.it/roma-seat-leon-1-5-etsi-110-kw-fr-dsg-5-porte-berlina/184609158,€ 21.400,Usato,Giugno 2023,56.286 km,Ibrido - Euro 6,Automatico,Unico proprietario,Roma (RM)
SEAT LEON 1.5 ETSI 110 KW FR DSG 5 PORTE BERLINA,https://www.automobile.it/pozzuoli-seat-leon-1-5-etsi-110-kw-fr-dsg-5-porte-berlina/184609344,€ 21.400,Usato,Giugno 2023,56.286 km,Ibrido - Euro 6,Automatico,Unico proprietario,Pozzuoli (NA)
Seat Leon 2.0 TDI 150 CV DSG Style,https://www.automobile.it/ferrara-seat-leon-2-0-tdi-150-cv-dsg-style/183791167,€ 21.900,Usato,Aprile 2025,20.000 km,Diesel - Euro 6,Automatico,Unico proprietario,Ferrara (FE)
SEAT Leon 1.5 TSI 150 CV FR,https://www.automobile.it/pace-mela-seat-leon-1-5-tsi-150-cv-fr/184186694,€ 22.500,Usato,Luglio 2023,36.000 km,Benzina - Euro 6,Manuale,,Pace del Mela (ME)
SEAT Leon 1.0 etsi Business 110cv dsg,https://www.automobile.it/san-giovanni-teatino-seat-leon-1-0-etsi-business-110cv-dsg/179825683,€ 25.500,Usato,Febbraio 2025,5 km,Ibrido - Euro 6,Automatico,,San Giovanni Teatino (CH)
SEAT Leon IV 2020 Sportstourer - Leon Sportstourer 2.0 tdi Business 150cv dsg,https://www.automobile.it/misterbianco-seat-leon-iv-2020-sportstourer-leon-sportstourer-2-0-tdi-business-150cv-dsg/184661756,€ 25.500,Usato,Novembre 2024,100 km,Diesel - Euro 6,Automatico,,Misterbianco (CT)
SEAT Leon Leon 1.5 hybrid Business 116cv dsg,https://www.automobile.it/palermo-seat-leon-leon-1-5-hybrid-business-116cv-dsg/183714878,€ 26.600,KM 0,Marzo 2026,Ibrido,115 CV (85 KW),Automatico,,Palermo (PA)
Seat Leon 1.5 tsi fr 116cv,https://www.automobile.it/padova-seat-leon-1-5-tsi-fr-116cv/183336577,€ 26.900,KM 0,Giugno 2025,Altro,115 CV (85 KW),Manuale,,Padova (PD)
Seat Leon 1.5 hybrid 116 CV DSG FR,https://www.automobile.it/occhiobello-seat-leon-1-5-hybrid-116-cv-dsg-fr/183375925,€ 26.990,KM 0,Marzo 2026,Ibrido,115 CV (85 KW),Semiautomatico,,Occhiobello (RO)
SEAT Leon 2.0 TDI 85KW STYLE,https://www.automobile.it/potenza-seat-leon-2-0-tdi-85kw-style/183588875,€ 27.000,KM 0,Aprile 2026,Diesel - Euro 6,115 CV (85 KW),Manuale,,Potenza (PZ)
SEAT Leon IV 2020 - Leon 2.0 tdi FR 150cv dsg,https://www.automobile.it/misterbianco-seat-leon-iv-2020-leon-2-0-tdi-fr-150cv-dsg/183930156,€ 27.900,Usato,Giugno 2024,18.981 km,Diesel - Euro 6,Automatico,,Misterbianco (CT)
SEAT Leon 2.0 tdi Business 150cv dsg,https://www.automobile.it/san-giovanni-teatino-seat-leon-2-0-tdi-business-150cv-dsg/181041543,€ 27.900,Usato,Luglio 2025,5 km,Diesel - Euro 6,Automatico,,San Giovanni Teatino (CH)
Seat Leon sportstourer 2.0 tdi fr 116cv,https://www.automobile.it/padova-seat-leon-sportstourer-2-0-tdi-fr-116cv/183410784,€ 27.900,KM 0,Agosto 2025,Altro,115 CV (85 KW),Manuale,,Padova (PD)
SEAT Leon 2.0 tdi FR 150cv dsg,https://www.automobile.it/san-giovanni-teatino-seat-leon-2-0-tdi-fr-150cv-dsg/184431038,€ 28.300,KM 0,Dicembre 2025,Diesel - Euro 6,149 CV (110 KW),Automatico,,San Giovanni Teatino (CH)
SEAT Leon 2.0 tdi FR 150cv dsg,https://www.automobile.it/san-giovanni-teatino-seat-leon-2-0-tdi-fr-150cv-dsg/184541345,€ 28.300,KM 0,Dicembre 2025,Diesel - Euro 6,149 CV (110 KW),Automatico,,San Giovanni Teatino (CH)
Seat Leon 1.5 hybrid fr 116cv dsg,https://www.automobile.it/padova-seat-leon-1-5-hybrid-fr-116cv-dsg/181882387,€ 28.900,KM 0,Ottobre 2025,Altro,115 CV (85 KW),Automatico,,Padova (PD)
Seat Leon sportstourer 2.0 tdi fr 150cv dsg,https://www.automobile.it/padova-seat-leon-sportstourer-2-0-tdi-fr-150cv-dsg/182460841,€ 29.900,KM 0,Dicembre 2025,Altro,149 CV (110 KW),Automatico,,Padova (PD)
Seat Leon 2.0 tdi fr 150cv dsg,https://www.automobile.it/padova-seat-leon-2-0-tdi-fr-150cv-dsg/183143871,€ 29.900,KM 0,Gennaio 2026,Altro,149 CV (110 KW),Automatico,,Padova (PD)
