Annuncio,Prezzo,Tipologia,Immatricolazione,Chilometraggio,Carburante,Cambio,Classe Euro,Località,Provincia,Venditore,Link
SEAT Leon ST 2.0 TDI 150CV DSG Business,18500,Usato,12/2023,62680 Km,Diesel,Sequenziale,Euro 6,Torrenova,ME,Rivenditore,https://www.subito.it/auto/seat-leon-st-2-0-tdi-150cv-dsg-business-messina-662627883.htm
Stupenda  Seat Leon Dsg,21000,Usato,08/2022,58000 Km,Diesel,Sequenziale,Euro 6d-TEMP,Catania,CT,Privato,https://www.subito.it/auto/stupenda-seat-leon-dsg-catania-662233358.htm
Seat Leon METANO - PREZZO PROMO FINANZIAMENTO !,15950,Usato,02/2023,119000 Km,Benzina/Metano,Sequenziale,Euro 6,Pollenza,MC,Rivenditore,https://www.subito.it/auto/seat-leon-metano-prezzo-promo-finanziamento-macerata-663990905.htm
Seat Leon Sportstourer 2.0 TDI Style,15490,Usato,09/2023,98000 Km,Diesel,Manuale,Euro 6e,Torino,TO,Rivenditore,https://www.subito.it/auto/seat-leon-sportstourer-2-0-tdi-style-torino-637000164.htm
Seat Leon sportstourer 2.0 tdi fr 150cv dsg,29900,Km0,12/2025,,Diesel,Automatico,Euro 6d-TEMP,Padova,PD,Rivenditore,https://www.subito.it/auto/seat-leon-sportstourer-2-0-tdi-fr-150cv-dsg-padova-652931563.htm
SEAT Leon Sportstourer 2.0 TDI 150 CV DSG,12900,Usato,06/2021,153000 Km,Diesel,Automatico,Euro 6,Badia Polesine,RO,Rivenditore,https://www.subito.it/auto/seat-leon-sportstourer-2-0-tdi-150-cv-dsg-rovigo-658402019.htm
SEAT Leon IV 2020 - Leon 2.0 tdi FR 115cv U35939,23900,Usato,12/2023,12680 Km,Diesel,Manuale,Euro 6,Misterbianco,CT,Rivenditore,https://www.subito.it/auto/seat-leon-iv-2020-leon-2-0-tdi-fr-115cv-u35939-catania-663972256.htm
SEAT Leon 2.0 tdi fr 150cv dsg,25900,Usato,12/2025,12283 Km,Diesel,Automatico,Euro 6,Vicenza,VI,Rivenditore,https://www.subito.it/auto/seat-leon-2-0-tdi-fr-150cv-dsg-vicenza-663515676.htm
SEAT LEON ST 1.0 TSI 66 KW BUSINESS STATION WAGON,11800,Usato,03/2021,97010 Km,Benzina,Manuale,Euro 6,Verona,VR,Rivenditore,https://www.subito.it/auto/seat-leon-st-1-0-tsi-66-kw-business-station-wagon-verona-663933369.htm
SEAT LEON ST 1.0 TSI 66 KW BUSINESS STATION WAGON,11800,Usato,03/2021,97010 Km,Benzina,Manuale,Euro 6,Firenze,FI,Rivenditore,https://www.subito.it/auto/seat-leon-st-1-0-tsi-66-kw-business-station-wagon-firenze-663933258.htm
SEAT LEON ST 1.0 TSI 66 KW BUSINESS STATION WAGON,11800,Usato,03/2021,97010 Km,Benzina,Manuale,Euro 6,Pozzuoli,NA,Rivenditore,https://www.subito.it/auto/seat-leon-st-1-0-tsi-66-kw-business-station-wagon-napoli-663933193.htm
SEAT LEON ST 1.0 TSI 66 KW BUSINESS STATION WAGON,11800,Usato,03/2021,97010 Km,Benzina,Manuale,Euro 6,Roma,RM,Rivenditore,https://www.subito.it/auto/seat-leon-st-1-0-tsi-66-kw-business-station-wagon-roma-663932117.htm
SEAT LEON ST 1.0 TSI 66 KW BUSINESS STATION WAGON,11800,Usato,03/2021,97010 Km,Benzina,Manuale,Euro 6,Bentivoglio,BO,Rivenditore,https://www.subito.it/auto/seat-leon-st-1-0-tsi-66-kw-business-station-wagon-bologna-663932003.htm
Seat Leon Sportstourer 1.0 etsi 110cv dsg “PREZZO ,14800,Usato,05/2022,79000 Km,Mild Hybrid Benzina,Automatico,Euro 6,Scorze',VE,Rivenditore,https://www.subito.it/auto/seat-leon-sportstourer-1-0-etsi-110cv-dsg-prezzo-venezia-644556342.htm
Seat Leon 1.0 tsi Style 90cv,18000,Usato,07/2022,59000 Km,Benzina,Manuale,Euro 6e,Sassari,SS,Rivenditore,https://www.subito.it/auto/seat-leon-1-0-tsi-style-90cv-sassari-642502581.htm
Seat Leon 2.0 TDI 150 CV DSG FR,14190,Usato,10/2022,130000 Km,Diesel,Automatico,Euro 6,Gragnano,NA,Rivenditore,https://www.subito.it/auto/seat-leon-2-0-tdi-150-cv-dsg-fr-napoli-649663467.htm
SEAT Leon SUPERPROMO!!!!!!!!Sportstourer 110 CV,11500,Usato,06/2022,79999 Km,Benzina,Automatico,Euro 6,Piacenza,PC,Rivenditore,https://www.subito.it/auto/seat-leon-superpromo-sportstourer-110-cv-piacenza-663074471.htm
SEAT Leon 2.0 TDI 150 CV DSG Style PREZZO REALE,15800,Usato,02/2024,68675 Km,Diesel,Sequenziale,Euro 6,Torino,TO,Rivenditore,https://www.subito.it/auto/seat-leon-2-0-tdi-150-cv-dsg-style-prezzo-reale-torino-662547056.htm
Seat Leon 1.5 tsi fr 116cv,26900,Km0,06/2025,,Benzina,Manuale,Euro 6d-TEMP,Padova,PD,Rivenditore,https://www.subito.it/auto/seat-leon-1-5-tsi-fr-116cv-padova-652931571.htm
Seat Leon Sportstourer 2.0 TDI 150 CV DSG Style,13500,Usato,11/2023,87382 Km,Diesel,Sequenziale,Euro 6,Torino,TO,Rivenditore,https://www.subito.it/auto/seat-leon-sportstourer-2-0-tdi-150-cv-dsg-style-torino-663920269.htm
Seat Leon 2.0 TDI Business 116cv (85kw),14990,Usato,08/2022,141000 Km,Diesel,Manuale,Euro 6d-TEMP,Lecce,LE,Privato,https://www.subito.it/auto/seat-leon-2-0-tdi-business-116cv-85kw-lecce-663904752.htm
SEAT Leon SUPERPROMO!!!!!!!!Sportstourer 110 CV,11500,Usato,06/2022,79999 Km,Ibrida,Automatico,Euro 6,Piacenza,PC,Rivenditore,https://www.subito.it/auto/seat-leon-superpromo-sportstourer-110-cv-piacenza-663075497.htm
Seat Leon Sportstourer 2.0 TDI 150 CV DSG Style,13000,Usato,11/2023,63600 Km,Diesel,Automatico,Euro 6,Villadose,RO,Rivenditore,https://www.subito.it/auto/seat-leon-sportstourer-2-0-tdi-150-cv-dsg-style-rovigo-663883976.htm
Seat Leon SportsTourer 2.0 TDI 116 Cv.,16900,Usato,11/2023,69818 Km,Diesel,Manuale,Euro 6,Alessano,LE,Rivenditore,https://www.subito.it/auto/seat-leon-sportstourer-2-0-tdi-116-cv-lecce-663879868.htm
Seat Leon 2.0 TDI 150 CV DSG Style,12900,Usato,09/2022,159000 Km,Diesel,Automatico,Euro 6,Tricesimo,UD,Rivenditore,https://www.subito.it/auto/seat-leon-2-0-tdi-150-cv-dsg-style-udine-663877489.htm
Seat Leon Sportstourer 2.0 TDI Business,16900,Usato,11/2023,69818 Km,Diesel,Manuale,Euro 6,Nardo',LE,Rivenditore,https://www.subito.it/auto/seat-leon-sportstourer-2-0-tdi-business-lecce-663874385.htm
Seat Leon 1.5 hybrid fr 116cv dsg,28900,Km0,10/2025,,Ibrida,Automatico,Euro 6d-TEMP,Padova,PD,Rivenditore,https://www.subito.it/auto/seat-leon-1-5-hybrid-fr-116cv-dsg-padova-643453848.htm
SEAT Leon 2.0 TDI 150CV DSG Style,15500,Usato,09/2021,112000 Km,Diesel,Automatico,Euro 6e,San Michele Salentino,BR,Rivenditore,https://www.subito.it/auto/seat-leon-2-0-tdi-150cv-dsg-style-brindisi-647576118.htm
Seat Leon Sportstourer 1.5 eTSI 150 CV DSG FR,11990,Usato,08/2021,141840 Km,Mild Hybrid Benzina,Automatico,Euro 6e,Broni,PV,Rivenditore,https://www.subito.it/auto/seat-leon-sportstourer-1-5-etsi-150-cv-dsg-fr-pavia-651879546.htm
SEAT Leon 2.0 TDI Business 115 CV,15900,Usato,01/2022,86856 Km,Diesel,Manuale,Euro 6,Vigevano,PV,Rivenditore,https://www.subito.it/auto/seat-leon-2-0-tdi-business-115-cv-pavia-663834148.htm
SEAT Leon sportstourer 2.0 tdi business 115cv,14500,Usato,02/2022,106196 Km,Diesel,Manuale,Euro 6,Vicenza,VI,Rivenditore,https://www.subito.it/auto/seat-leon-sportstourer-2-0-tdi-business-115cv-vicenza-663515182.htm
SEAT LEON ST 1.0 TSI 66 KW BUSINESS STATION WAGON,12900,Usato,05/2022,91386 Km,Benzina,Manuale,Euro 6,Pozzuoli,NA,Rivenditore,https://www.subito.it/auto/seat-leon-st-1-0-tsi-66-kw-business-station-wagon-napoli-663799098.htm
SEAT LEON ST 1.0 TSI 66 KW BUSINESS STATION WAGON,12900,Usato,05/2022,91386 Km,Benzina,Manuale,Euro 6,Roma,RM,Rivenditore,https://www.subito.it/auto/seat-leon-st-1-0-tsi-66-kw-business-station-wagon-roma-663797519.htm
SEAT Leon Sportstourer 2.0 TDI 150 CV DSG Style,15500,Usato,10/2023,76316 Km,Diesel,Sequenziale,Euro 6,Roma,RM,Rivenditore,https://www.subito.it/auto/seat-leon-sportstourer-2-0-tdi-150-cv-dsg-style-roma-659199292.htm
Seat Leon Sportstourer 2.0 TDI 150 CV DSG Style,15999,Usato,09/2022,99000 Km,Diesel,Automatico,Euro 6,Gattatico,RE,Rivenditore,https://www.subito.it/auto/seat-leon-sportstourer-2-0-tdi-150-cv-dsg-style-reggio-emilia-663415826.htm
Seat Leon ST 2.0 TDI Business *IVA DEDUCIBILE*,13500,Usato,10/2023,79115 Km,Diesel,Manuale,Euro 6d,Lentate sul Seveso,MB,Rivenditore,https://www.subito.it/auto/seat-leon-st-2-0-tdi-business-iva-deducibile-monza-651399781.htm
SEAT Leon IV 2020 Leon 1.0 tsi Style 110cv,15891,Usato,03/2021,69127 Km,Benzina,Manuale,Euro 6,Barzago,LC,Rivenditore,https://www.subito.it/auto/seat-leon-iv-2020-leon-1-0-tsi-style-110cv-lecco-657075557.htm
Seat Leon Sportstourer 1.5 TGI DSG FR TETTO PANORA,20999,Usato,12/2021,59880 Km,Benzina/Metano,Sequenziale,Euro 6,Castelfidardo,AN,Rivenditore,https://www.subito.it/auto/seat-leon-sportstourer-1-5-tgi-dsg-fr-tetto-panora-ancona-650210642.htm
SEAT Leon Sportstourer 2.0 TDI Style,13900,Usato,10/2023,78100 Km,Diesel,Manuale,Euro 6,Roma,RM,Rivenditore,https://www.subito.it/auto/seat-leon-sportstourer-2-0-tdi-style-roma-655785742.htm
SEAT Leon 1.5 hybrid Business 116cv dsg,26600,Km0,03/2026,,Ibrida,Automatico,Euro 6,Palermo,PA,Rivenditore,https://www.subito.it/auto/seat-leon-1-5-hybrid-business-116cv-dsg-palermo-648211100.htm
SEAT Leon Sportstourer 2.0 TDI Style 115CV,14500,Usato,09/2023,60926 Km,Diesel,Manuale,Euro 6,Torino,TO,Rivenditore,https://www.subito.it/auto/seat-leon-sportstourer-2-0-tdi-style-115cv-torino-661148995.htm
SEAT Leon IV 2020 Sportstourer - Leon Sport U33666,25500,Usato,11/2024,100 Km,Diesel,Automatico,Euro 6,Palermo,PA,Rivenditore,https://www.subito.it/auto/seat-leon-iv-2020-sportstourer-leon-sport-u33666-palermo-663779654.htm
Seat Leon S.W. 2.0 Tdi 150Cv Dsg Style,15900,Usato,02/2024,58700 Km,Diesel,Sequenziale,Euro 6,Latina,LT,Rivenditore,https://www.subito.it/auto/seat-leon-s-w-2-0-tdi-150cv-dsg-style-latina-663779189.htm
Seat Leon S.W. 2.0 Tdi 150Cv Dsg Style,15900,Usato,11/2023,72200 Km,Diesel,Sequenziale,Euro 6,Latina,LT,Rivenditore,https://www.subito.it/auto/seat-leon-s-w-2-0-tdi-150cv-dsg-style-latina-663779040.htm
Seat Leon Sportstourer 2.0 TDI Business,14900,Usato,01/2024,89500 Km,Diesel,Manuale,Euro 6,Marino,RM,Rivenditore,https://www.subito.it/auto/seat-leon-sportstourer-2-0-tdi-business-roma-663772824.htm
Seat Leon Sportstourer 2.0 TDI 150 CV DSG Business,8500,Usato,03/2024,14000 Km,Diesel,Automatico,Euro 6,Qualiano,NA,Rivenditore,https://www.subito.it/auto/seat-leon-sportstourer-2-0-tdi-150-cv-dsg-business-napoli-652446662.htm
Seat Leon Sportstourer 2.0 TDI 150 CV DSG Style,14999,Usato,02/2024,59000 Km,Diesel,Automatico,Euro 6,Roma,RM,Rivenditore,https://www.subito.it/auto/seat-leon-sportstourer-2-0-tdi-150-cv-dsg-style-roma-661945003.htm
Seat Leon 1.5 eTSI 150 CV DSG Business,13900,Usato,10/2022,100800 Km,Mild Hybrid Benzina,Sequenziale,Euro 6,Montecchio Emilia,RE,Rivenditore,https://www.subito.it/auto/seat-leon-1-5-etsi-150-cv-dsg-business-reggio-emilia-663770672.htm
Seat Leon 2.0 TDI Style 116 CV CAMBIO MANUALE 6 MA,12900,Usato,10/2023,72000 Km,Diesel,Manuale,Euro 6,Borgaro Torinese,TO,Rivenditore,https://www.subito.it/auto/seat-leon-2-0-tdi-style-116-cv-cambio-manuale-6-ma-torino-656450271.htm
Seat Leon 2.0 tdi fr 150cv dsg,29900,Km0,01/2026,,Diesel,Automatico,Euro 6d-TEMP,Padova,PD,Rivenditore,https://www.subito.it/auto/seat-leon-2-0-tdi-fr-150cv-dsg-padova-653117919.htm
SEAT Leon 1.0 etsi FR 110cv dsg,20900,Usato,03/2024,34212 Km,Ibrida,Sequenziale,Euro 6,Bari,BA,Rivenditore,https://www.subito.it/auto/seat-leon-1-0-etsi-fr-110cv-dsg-bari-659540325.htm
Seat Leon 2.0 TDI 150 CV DSG Style - KM. 57000 - U,15900,Usato,02/2024,57000 Km,Diesel,Automatico,Euro 6,Borgaro Torinese,TO,Rivenditore,https://www.subito.it/auto/seat-leon-2-0-tdi-150-cv-dsg-style-km-57000-u-torino-663381487.htm
SEAT Leon Sportstourer 2.0 tdi Style 115cv *IVA ES,12999,Usato,07/2023,130000 Km,Diesel,Manuale,Euro 6,Pistoia,PT,Rivenditore,https://www.subito.it/auto/seat-leon-sportstourer-2-0-tdi-style-115cv-iva-es-pistoia-663489747.htm
SEAT Leon FR 2.0 TDI 150CV DSG,17900,Usato,04/2022,110441 Km,Diesel,Automatico,Euro 6,Borgetto,PA,Rivenditore,https://www.subito.it/auto/seat-leon-fr-2-0-tdi-150cv-dsg-palermo-661201190.htm
SEAT Leon 1.4 e-HYBRID 204 CV DSG FR 2021,13999,Usato,10/2021,98000 Km,Ibrida,Automatico,Euro 6,Firenze,FI,Rivenditore,https://www.subito.it/auto/seat-leon-1-4-e-hybrid-204-cv-dsg-fr-2021-firenze-660704236.htm
Seat Leon Sportstourer 2.0 TDI 150 CV DSG Style,13500,Usato,02/2024,76000 Km,Diesel,Automatico,Euro 6,Villadose,RO,Rivenditore,https://www.subito.it/auto/seat-leon-sportstourer-2-0-tdi-150-cv-dsg-style-rovigo-661215918.htm
Seat Leon 1.0 TSI Style *SENZA VINCOLI DI FINANZIA,18000,Usato,03/2021,61630 Km,Benzina,Manuale,Euro 6,Costigliole d'Asti,AT,Rivenditore,https://www.subito.it/auto/seat-leon-1-0-tsi-style-senza-vincoli-di-finanzia-asti-582591173.htm
Seat Leon 1.5 hybrid 116 CV DSG FR,26990,Km0,03/2026,,Mild Hybrid Benzina,Sequenziale,Euro 6e,Occhiobello,RO,Rivenditore,https://www.subito.it/auto/seat-leon-1-5-hybrid-116-cv-dsg-fr-rovigo-643065003.htm
Seat Leon 2.0 TDI 150 CV DSG Business,15500,Usato,10/2023,72500 Km,Diesel,Automatico,Euro 6,Lanciano,CH,Rivenditore,https://www.subito.it/auto/seat-leon-2-0-tdi-150-cv-dsg-business-chieti-657678614.htm
Seat Leon 2.0 116cv TDI Business,14990,Usato,09/2022,141000 Km,Diesel,Manuale,Euro 6,Palermo,PA,Rivenditore,https://www.subito.it/auto/seat-leon-2-0-116cv-tdi-business-palermo-663728333.htm
Seat Leon Sportorer 2.0 tdi 150cv DSG,15790,Usato,10/2022,62900 Km,Diesel,Automatico,Euro 6,Volpiano,TO,Rivenditore,https://www.subito.it/auto/seat-leon-sportorer-2-0-tdi-150cv-dsg-torino-663723915.htm
SEAT LEON 1.5 TGI METANO NERA METALIZZATA,24500,Usato,09/2022,55000 Km,Benzina/Metano,Sequenziale,Euro 6d-TEMP,Venezia,VE,Privato,https://www.subito.it/auto/seat-leon-1-5-tgi-metano-nera-metalizzata-venezia-663686063.htm
Seat Leon 2.0 TDI Business PREZZO REALE,14999,Usato,05/2022,100000 Km,Diesel,Manuale,Euro 6,Reggio nell'Emilia,RE,Rivenditore,https://www.subito.it/auto/seat-leon-2-0-tdi-business-prezzo-reale-reggio-emilia-663671688.htm
Seat Leon Sportstourer 2.0 TDI Style,15500,Usato,10/2023,77493 Km,Diesel,Manuale,Euro 6,Sora,FR,Rivenditore,https://www.subito.it/auto/seat-leon-sportstourer-2-0-tdi-style-frosinone-662698878.htm
Seat Leon Sportstourer 2.0 TDI Business,11900,Usato,10/2022,170000 Km,Diesel,Manuale,Euro 6,Sarego,VI,Rivenditore,https://www.subito.it/auto/seat-leon-sportstourer-2-0-tdi-business-vicenza-663642300.htm
SEAT Leon 4ª serie - Leon Sportstourer 2.0 TDI Sty,14800,Usato,10/2023,65659 Km,Diesel,Manuale,Euro 6,Legnano,MI,Rivenditore,https://www.subito.it/auto/seat-leon-4-serie-leon-sportstourer-2-0-tdi-sty-milano-660971336.htm
SEAT Leon 2.0 TDI Style FULL LED,15900,Usato,06/2021,72341 Km,Diesel,Manuale,Euro 6,Vigevano,PV,Rivenditore,https://www.subito.it/auto/seat-leon-2-0-tdi-style-full-led-pavia-659434535.htm
SEAT LEON RF 2000 TDI 150 CV DSG,19700,Usato,10/2022,110000 Km,Diesel,Manuale,Euro 6,Buja,UD,Rivenditore,https://www.subito.it/auto/seat-leon-rf-2000-tdi-150-cv-dsg-udine-663518172.htm
Seat Leon 1.5 etsi FR 150cv dsg,23500,Usato,09/2023,47150 Km,Ibrida,Automatico,Euro 6,Monza,MB,Rivenditore,https://www.subito.it/auto/seat-leon-1-5-etsi-fr-150cv-dsg-monza-661785092.htm
SEAT Leon IV 2020 Leon 1.0 tsi Style 110cv,15891,Usato,03/2021,69127 Km,Benzina,Manuale,Euro 6,Curno,BG,Rivenditore,https://www.subito.it/auto/seat-leon-iv-2020-leon-1-0-tsi-style-110cv-bergamo-657075513.htm
Seat Leon 1.0 TSI Business,14900,Usato,07/2022,70000 Km,Benzina,Manuale,Euro 6,Firenze,FI,Rivenditore,https://www.subito.it/auto/seat-leon-1-0-tsi-business-firenze-663603098.htm
SEAT Leon 1.0 eTSI DSG Business MHEV C/GRIMALDI,15900,Usato,11/2021,70253 Km,Ibrida,Automatico,Euro 6,Vigevano,PV,Rivenditore,https://www.subito.it/auto/seat-leon-1-0-etsi-dsg-business-mhev-c-grimaldi-pavia-661627492.htm
Seat Leon 2.0 tdi Business 115cv,17900,Usato,01/2024,79000 Km,Diesel,Manuale,Euro 6,Verona,VR,Rivenditore,https://www.subito.it/auto/seat-leon-2-0-tdi-business-115cv-verona-661041441.htm
Seat Leon Sportstourer 2.0 TDI 150 CV DSG Business,5500,Usato,03/2023,35000 Km,Diesel,Manuale,Euro 6,Qualiano,NA,Rivenditore,https://www.subito.it/auto/seat-leon-sportstourer-2-0-tdi-150-cv-dsg-business-napoli-663585976.htm
SEAT LEON DSG STYLE 2.0TDI 150cv,15250,Usato,02/2024,75000 Km,Diesel,Sequenziale,Euro 6d-TEMP,Venezia,VE,Privato,https://www.subito.it/auto/seat-leon-dsg-style-2-0tdi-150cv-venezia-663548566.htm
Seat Leon 1.5 hybrid Style 116cv dsg,25500,Km0,03/2026,,Ibrida,Automatico,Euro 6,Monza,MB,Rivenditore,https://www.subito.it/auto/seat-leon-1-5-hybrid-style-116cv-dsg-monza-661783320.htm
Seat Leon 2.0 TDI 116 cv Business,13700,Usato,12/2022,122000 Km,Diesel,Manuale,Euro 6,Carovigno,BR,Rivenditore,https://www.subito.it/auto/seat-leon-2-0-tdi-116-cv-business-brindisi-663522938.htm
Seat Leon Sportstourer 2.0 TDI Style,16999,Usato,02/2024,68000 Km,Diesel,Automatico,Euro 6,Acquedolci,ME,Rivenditore,https://www.subito.it/auto/seat-leon-sportstourer-2-0-tdi-style-messina-663522780.htm
SEAT Leon 2.0 TDI Style FULL LED C/GRIMALDI SPEC,14900,Usato,06/2021,72341 Km,Diesel,Manuale,Euro 6,Vigevano,PV,Rivenditore,https://www.subito.it/auto/seat-leon-2-0-tdi-style-full-led-c-grimaldi-spec-pavia-659434276.htm
Seat Leon Sportstourer 2.0 TDI 150 CV DSG Style,13400,Usato,12/2023,68000 Km,Diesel,Automatico,Euro 6,Prato,PO,Rivenditore,https://www.subito.it/auto/seat-leon-sportstourer-2-0-tdi-150-cv-dsg-style-prato-663474234.htm
Seat Leon Sportstourer 2.0 TDI 150 CV DSG Business,13900,Usato,08/2023,167000 Km,Diesel,Automatico,Euro 6,Rimini,RN,Rivenditore,https://www.subito.it/auto/seat-leon-sportstourer-2-0-tdi-150-cv-dsg-business-rimini-663470306.htm
SEAT Leon IV 2020 Leon 1.0 tsi Style 110cv,15891,Usato,03/2021,69127 Km,Benzina,Manuale,Euro 6,San Giorgio in Bosco,PD,Rivenditore,https://www.subito.it/auto/seat-leon-iv-2020-leon-1-0-tsi-style-110cv-padova-657075631.htm
SEAT Leon 1.0 TSI 110 CV Style,14900,Usato,05/2022,39549 Km,Benzina,Manuale,Euro 6,Vigevano,PV,Rivenditore,https://www.subito.it/auto/seat-leon-1-0-tsi-110-cv-style-pavia-663442878.htm
SEAT Leon 1.0 TSI 110 CV Style C/GRIMALDI SPECIA,13900,Usato,05/2022,39549 Km,Benzina,Manuale,Euro 6,Vigevano,PV,Rivenditore,https://www.subito.it/auto/seat-leon-1-0-tsi-110-cv-style-c-grimaldi-specia-pavia-663442845.htm
SEAT Leon 1.5 TGI DSG Style,17500,Usato,12/2022,80000 Km,Benzina/Metano,Sequenziale,Euro 6,Treviso,TV,Rivenditore,https://www.subito.it/auto/seat-leon-1-5-tgi-dsg-style-treviso-663441810.htm
SEAT Leon Sportstourer 2.0 TDI 150 CV DSG Style,15300,Usato,11/2023,63474 Km,Diesel,Sequenziale,Euro 6,Torino,TO,Rivenditore,https://www.subito.it/auto/seat-leon-sportstourer-2-0-tdi-150-cv-dsg-style-torino-663441387.htm
Seat Leon ST FR 1.5 etsi 150 CV,18000,Usato,03/2021,70000 Km,Mild Hybrid Benzina,Sequenziale,Euro 6d-TEMP,Borgo San Dalmazzo,CN,Privato,https://www.subito.it/auto/seat-leon-st-fr-1-5-etsi-150-cv-cuneo-663425181.htm
Seat Leon ST Business DSG BR570314 1.5 Mild Hybrid,16290,Usato,05/2023,90369 Km,,Automatico,,Reggio nell'Emilia,RE,Rivenditore,https://www.subito.it/auto/seat-leon-st-business-dsg-br570314-1-5-mild-hybrid-reggio-emilia-663416935.htm
Seat Leon Business DSG BR008052 1.0 Mild Hybrid 11,12790,Usato,04/2022,101615 Km,,Automatico,,Reggio nell'Emilia,RE,Rivenditore,https://www.subito.it/auto/seat-leon-business-dsg-br008052-1-0-mild-hybrid-11-reggio-emilia-663416947.htm
Seat Leon ST Business DSG BR570314 1.5 Mild Hybrid,16290,Usato,05/2023,90369 Km,,Automatico,,Cinisello Balsamo,MI,Rivenditore,https://www.subito.it/auto/seat-leon-st-business-dsg-br570314-1-5-mild-hybrid-milano-663416794.htm
Seat Leon Business DSG BR008052 1.0 Mild Hybrid 11,12790,Usato,04/2022,101615 Km,,Automatico,,Cinisello Balsamo,MI,Rivenditore,https://www.subito.it/auto/seat-leon-business-dsg-br008052-1-0-mild-hybrid-11-milano-663416799.htm
Seat Leon Sportstourer 2.0 TDI 150 CV DSG Style,12900,Usato,02/2024,79900 Km,Diesel,Automatico,Euro 6,Roma,RM,Rivenditore,https://www.subito.it/auto/seat-leon-sportstourer-2-0-tdi-150-cv-dsg-style-roma-663414418.htm
✅ Seat Leon ST Fr 2.0 TDI,17300,Usato,01/2024,108000 Km,Diesel,Manuale,Euro 6,Guspini,VS,Privato,https://www.subito.it/auto/seat-leon-st-fr-2-0-tdi-medio-campidano-643476230.htm
SEAT Leon 1.0 eTSI DSG Business MHEV,16900,Usato,11/2021,70253 Km,Ibrida,Automatico,Euro 6,Vigevano,PV,Rivenditore,https://www.subito.it/auto/seat-leon-1-0-etsi-dsg-business-mhev-pavia-661269753.htm
SEAT Leon Sportstourer 2.0 TDI 150 CV DSG Style,13800,Usato,11/2023,73029 Km,Diesel,Sequenziale,Euro 6,Roma,RM,Rivenditore,https://www.subito.it/auto/seat-leon-sportstourer-2-0-tdi-150-cv-dsg-style-roma-663312656.htm
Seat Leon Leon 2.0 tdi Business 150cv AUTOMATICA,15990,Usato,10/2023,72162 Km,Diesel,Automatico,Euro 6e,Latina,LT,Rivenditore,https://www.subito.it/auto/seat-leon-leon-2-0-tdi-business-150cv-automatica-latina-649843031.htm
SEAT Leon Sportstourer 1.0 TSI 110 CV Business,16500,Usato,05/2024,9950 Km,Benzina,Manuale,Euro 6,Pieve di Cento,BO,Rivenditore,https://www.subito.it/auto/seat-leon-sportstourer-1-0-tsi-110-cv-business-bologna-660962433.htm
Seat Leon 2.0 TDI FR,13900,Usato,09/2023,100000 Km,Diesel,Automatico,Euro 6,Orbassano,TO,Rivenditore,https://www.subito.it/auto/seat-leon-2-0-tdi-fr-torino-659508718.htm
Seat Leon Sportstourer 1.0 TSI 90 CV Business,13000,Usato,07/2023,54500 Km,Benzina,Manuale,Euro 6,Taranto,TA,Rivenditore,https://www.subito.it/auto/seat-leon-sportstourer-1-0-tsi-90-cv-business-taranto-638111839.htm
SEAT Leon Sportstourer 2.0TDI 150 DSG Style - 2024,14900,Usato,01/2024,61198 Km,Diesel,Automatico,Euro 6d,Teramo,TE,Rivenditore,https://www.subito.it/auto/seat-leon-sportstourer-2-0tdi-150-dsg-style-2024-teramo-663328889.htm
Seat Leon 2.0 TDI FR- 116 CV- PARI AL NUOVO,23500,Usato,01/2023,36000 Km,Diesel,Manuale,Euro 6d-TEMP,Catania,CT,Privato,https://www.subito.it/auto/seat-leon-2-0-tdi-fr-116-cv-pari-al-nuovo-catania-663307778.htm
SEAT LEON IV 2020 Sportstourer 2.0 tdi Style 115cv,12999,Usato,10/2023,59000 Km,Diesel,Manuale,Euro 6,Prato,PO,Rivenditore,https://www.subito.it/auto/seat-leon-iv-2020-sportstourer-2-0-tdi-style-115cv-prato-662078007.htm
Seat Leon 1.5 TGI DSG Business,16500,Usato,04/2022,127000 Km,Benzina/Metano,Automatico,Euro 6,Civitanova Marche,MC,Rivenditore,https://www.subito.it/auto/seat-leon-1-5-tgi-dsg-business-macerata-651958771.htm
Seat Leon 2.0 TDI 150 CV DSG Style,15990,Usato,02/2024,64000 Km,Diesel,Sequenziale,Euro 6,Settimo Torinese,TO,Rivenditore,https://www.subito.it/auto/seat-leon-2-0-tdi-150-cv-dsg-style-torino-659730652.htm
Seat Leon FR 1.5 eTsi  dsg 2021,19499,Usato,05/2021,79000 Km,Mild Hybrid Benzina,Sequenziale,Euro 6d-TEMP,Livorno,LI,Privato,https://www.subito.it/auto/seat-leon-fr-1-5-etsi-dsg-2021-livorno-663253345.htm
Seat Leon Sportstourer 2.0 tdi Style 115cv “PREZZO,15800,Usato,10/2023,65000 Km,Diesel,Manuale,Euro 6,Scorze',VE,Rivenditore,https://www.subito.it/auto/seat-leon-sportstourer-2-0-tdi-style-115cv-prezzo-venezia-650155351.htm
Seat Leon 1.5 TGI DSG FR,17500,Usato,12/2021,70850 Km,Benzina/Metano,Automatico,Euro 6,Cesena,FC,Rivenditore,https://www.subito.it/auto/seat-leon-1-5-tgi-dsg-fr-forli-cesena-660324948.htm
SEAT Leon 1.0 TSI 110cv MOVE!,15900,Usato,06/2022,40358 Km,Benzina,Manuale,Euro 6,Vitulazio,CE,Rivenditore,https://www.subito.it/auto/seat-leon-1-0-tsi-110cv-move-caserta-661933070.htm
SEAT Leon Sportstourer 1.5 etsi Xcellence 150cv,14970,Usato,08/2021,85471 Km,Ibrida,Automatico,Euro 6,Pescara,PE,Rivenditore,https://www.subito.it/auto/seat-leon-sportstourer-1-5-etsi-xcellence-150cv-pescara-663205963.htm
SEAT Leon 1.4 e-HYBRID 204 CV DSG FR,18500,Usato,07/2021,76300 Km,Ibrida,Automatico,Euro 6d-TEMP,Frosinone,FR,Rivenditore,https://www.subito.it/auto/seat-leon-1-4-e-hybrid-204-cv-dsg-fr-frosinone-663136003.htm
Seat Leon Sportstourer 2.0 TDI 150 CV DSG Style,17800,Usato,10/2023,75000 Km,Diesel,Automatico,Euro 6,Viadana,MN,Rivenditore,https://www.subito.it/auto/seat-leon-sportstourer-2-0-tdi-150-cv-dsg-style-mantova-663127235.htm
Seat Leon Sw 2.0 116 CV Full Led Virtual Cockpit G,15990,Usato,04/2023,95000 Km,Diesel,Manuale,Euro 6,Viadana,MN,Rivenditore,https://www.subito.it/auto/seat-leon-sw-2-0-116-cv-full-led-virtual-cockpit-g-mantova-663127002.htm
Seat Leon Berlina 2.0 150 CV DSG Business,18490,Usato,05/2022,80000 Km,Diesel,Automatico,Euro 6d-TEMP,Viadana,MN,Rivenditore,https://www.subito.it/auto/seat-leon-berlina-2-0-150-cv-dsg-business-mantova-663126973.htm
Seat Leon Sw 2.0 116 CV Full Led Virtual Cockpit G,17500,Usato,09/2023,60000 Km,Diesel,Manuale,Euro 6,Viadana,MN,Rivenditore,https://www.subito.it/auto/seat-leon-sw-2-0-116-cv-full-led-virtual-cockpit-g-mantova-663126748.htm
Seat Leon Sportstourer 2.0 TDI 150 CV DSG FR,18500,Usato,02/2024,59000 Km,Diesel,Automatico,Euro 6,Parma,PR,Rivenditore,https://www.subito.it/auto/seat-leon-sportstourer-2-0-tdi-150-cv-dsg-fr-parma-663125582.htm
Seat Leon Sportstourer 2.0 TDI 150 CV DSG Style,14500,Usato,10/2023,60000 Km,Diesel,Automatico,Euro 6,Copparo,FE,Rivenditore,https://www.subito.it/auto/seat-leon-sportstourer-2-0-tdi-150-cv-dsg-style-ferrara-663113230.htm
SEAT Leon ST 2.0 TDI 150CV DSG FR,12900,Usato,07/2022,148000 Km,Diesel,Sequenziale,Euro 6,Este,PD,Rivenditore,https://www.subito.it/auto/seat-leon-st-2-0-tdi-150cv-dsg-fr-padova-661604932.htm
SEAT LEON SW 2.0 TDI 150 CV DSG CERTIFICATA ITALIA,15499,Usato,01/2023,99000 Km,Diesel,Automatico,Euro 6,Afragola,NA,Rivenditore,https://www.subito.it/auto/seat-leon-sw-2-0-tdi-150-cv-dsg-certificata-italia-napoli-663089933.htm
Seat leon 1.5 TGI FR DSG,13800,Usato,10/2021,157000 Km,Benzina/Metano,Sequenziale,Euro 6d-TEMP,Cassino,FR,Privato,https://www.subito.it/auto/seat-leon-1-5-tgi-fr-dsg-frosinone-661064482.htm
SEAT Leon 2.0 TDI 110KW BUSINESS DSG,14900,Usato,10/2023,75344 Km,Diesel,Automatico,Euro 6,San Vito dei Normanni,BR,Rivenditore,https://www.subito.it/auto/seat-leon-2-0-tdi-110kw-business-dsg-brindisi-663072460.htm
Seat Leon 1.5 tgi Style 130cv,15300,Usato,08/2022,112851 Km,Benzina/Metano,Manuale,Euro 6,Roma,RM,Rivenditore,https://www.subito.it/auto/seat-leon-1-5-tgi-style-130cv-roma-663071088.htm
Seat Leon ST Style DSG BR663689 2.0 Diesel 150CV,14490,Usato,02/2024,60514 Km,Diesel,Automatico,,Cinisello Balsamo,MI,Rivenditore,https://www.subito.it/auto/seat-leon-st-style-dsg-br663689-2-0-diesel-150cv-milano-663069553.htm
Seat Leon ST Style DSG BR663689 2.0 Diesel 150CV,14490,Usato,02/2024,60514 Km,Diesel,Automatico,,Reggio nell'Emilia,RE,Rivenditore,https://www.subito.it/auto/seat-leon-st-style-dsg-br663689-2-0-diesel-150cv-reggio-emilia-663069540.htm
Seat Leon sportstourer 2.0 tdi fr 116cv,27900,Km0,08/2025,,Diesel,Manuale,Euro 6d-TEMP,Padova,PD,Rivenditore,https://www.subito.it/auto/seat-leon-sportstourer-2-0-tdi-fr-116cv-padova-643585111.htm
SEAT LEON 1.5 ETSI 110 KW FR DSG 5 PORTE BERLINA,21400,Usato,06/2023,56286 Km,Mild Hybrid Benzina,Automatico,Euro 6,Verona,VR,Rivenditore,https://www.subito.it/auto/seat-leon-1-5-etsi-110-kw-fr-dsg-5-porte-berlina-verona-663043754.htm
SEAT LEON 1.5 ETSI 110 KW FR DSG 5 PORTE BERLINA,21400,Usato,06/2023,56286 Km,Mild Hybrid Benzina,Automatico,Euro 6,Pozzuoli,NA,Rivenditore,https://www.subito.it/auto/seat-leon-1-5-etsi-110-kw-fr-dsg-5-porte-berlina-napoli-663043709.htm
SEAT LEON 1.5 ETSI 110 KW FR DSG 5 PORTE BERLINA,21400,Usato,06/2023,56286 Km,Mild Hybrid Benzina,Automatico,Euro 6,Firenze,FI,Rivenditore,https://www.subito.it/auto/seat-leon-1-5-etsi-110-kw-fr-dsg-5-porte-berlina-firenze-663043671.htm
SEAT LEON 1.5 ETSI 110 KW FR DSG 5 PORTE BERLINA,21400,Usato,06/2023,56286 Km,Mild Hybrid Benzina,Automatico,Euro 6,Bentivoglio,BO,Rivenditore,https://www.subito.it/auto/seat-leon-1-5-etsi-110-kw-fr-dsg-5-porte-berlina-bologna-663042493.htm
SEAT LEON 1.5 ETSI 110 KW FR DSG 5 PORTE BERLINA,21400,Usato,06/2023,56286 Km,Mild Hybrid Benzina,Automatico,Euro 6,Roma,RM,Rivenditore,https://www.subito.it/auto/seat-leon-1-5-etsi-110-kw-fr-dsg-5-porte-berlina-roma-663042411.htm
Seat Leon Sportstourer 2.0 TDI 150 CV DSG Style,16900,Usato,03/2022,86449 Km,Diesel,Automatico,Euro 6,Verona,VR,Rivenditore,https://www.subito.it/auto/seat-leon-sportstourer-2-0-tdi-150-cv-dsg-style-verona-662988211.htm
SEAT Leon 4ª serie Leon 1.5 eTSI 150 CV DSG FR,21900,Usato,2023,32100 Km,Ibrida,Automatico,Euro 6,Molteno,LC,Rivenditore,https://www.subito.it/auto/seat-leon-4-serie-leon-1-5-etsi-150-cv-dsg-fr-lecco-660879200.htm
Seat Leon 2.0 TDI 150 cv DSG FR,23000,Usato,03/2022,37000 Km,Diesel,Automatico,Euro 6d-TEMP,Pordenone,PN,Privato,https://www.subito.it/auto/seat-leon-2-0-tdi-150-cv-dsg-fr-pordenone-662980473.htm
Seat leon FR 1500-150 cv,16500,Usato,06/2022,80000 Km,Mild Hybrid Benzina,Sequenziale,Euro 6d-TEMP,Savona,SV,Privato,https://www.subito.it/auto/seat-leon-fr-1500-150-cv-savona-662970680.htm
Seat Leon Sportstourer 2.0 TDI 150 CV DSG Style,13500,Usato,11/2023,77600 Km,Diesel,Manuale,Euro 6,Villadose,RO,Rivenditore,https://www.subito.it/auto/seat-leon-sportstourer-2-0-tdi-150-cv-dsg-style-rovigo-660642714.htm
Seat Leon Sportstourer Business DSG BR850793 2.0 D,10990,Usato,02/2022,120440 Km,Diesel,Automatico,,Reggio nell'Emilia,RE,Rivenditore,https://www.subito.it/auto/seat-leon-sportstourer-business-dsg-br850793-2-0-d-reggio-emilia-662925495.htm
Seat Leon Sportstourer Business DSG BR850793 2.0 D,10990,Usato,02/2022,120440 Km,Diesel,Automatico,,Cinisello Balsamo,MI,Rivenditore,https://www.subito.it/auto/seat-leon-sportstourer-business-dsg-br850793-2-0-d-milano-662925497.htm
Seat Leon Sportstourer 2.0 TDI Style,12900,Usato,07/2023,130000 Km,Diesel,Manuale,Euro 6,Prato,PO,Rivenditore,https://www.subito.it/auto/seat-leon-sportstourer-2-0-tdi-style-prato-653307828.htm
SEAT LEON FR 2.0 150 ,20500,Usato,02/2021,55000 Km,Diesel,Automatico,Euro 6d,Paesana,CN,Privato,https://www.subito.it/auto/seat-leon-fr-2-0-150-cuneo-662861416.htm
SEAT LEON SPORTSTOURER 2.0 STYLE TDI 116 CV - FULL,16999,Usato,10/2023,67000 Km,Diesel,Manuale,Euro 6,Brescello,RE,Rivenditore,https://www.subito.it/auto/seat-leon-sportstourer-2-0-style-tdi-116-cv-full-reggio-emilia-662861075.htm
SEAT LEON 2.0 SPORTSTOURER TDI DSG 150CV - FULL LE,16999,Usato,11/2021,98000 Km,Diesel,Automatico,Euro 6,Brescello,RE,Rivenditore,https://www.subito.it/auto/seat-leon-2-0-sportstourer-tdi-dsg-150cv-full-le-reggio-emilia-662859293.htm
SEAT Leon Sportstourer 2.0 tdi Business 150cv dsg ,14990,Usato,01/2024,59000 Km,Diesel,Sequenziale,,Roma,RM,Rivenditore,https://www.subito.it/auto/seat-leon-sportstourer-2-0-tdi-business-150cv-dsg-roma-662855854.htm
SEAT Leon XM56302,18199,Usato,04/2022,74102 Km,Ibrida,Automatico,Euro 6,Palermo,PA,Rivenditore,https://www.subito.it/auto/seat-leon-xm56302-palermo-662817665.htm
Seat leon 2021,16500,Usato,05/2021,195000 Km,Diesel,Sequenziale,Euro 6d-TEMP,Barge,CN,Privato,https://www.subito.it/auto/seat-leon-2021-cuneo-662812285.htm
SEAT LEON SportsTourer 2.0 TDI DSG-Led Carplay,15400,Usato,02/2024,60000 Km,Diesel,Automatico,Euro 6,Monte San Vito,AN,Rivenditore,https://www.subito.it/auto/seat-leon-sportstourer-2-0-tdi-dsg-led-carplay-ancona-662723874.htm
Seat Leon Sportstourer 2.0 TDI 150 CV DSG Style,16900,Usato,02/2024,60000 Km,Diesel,Automatico,Euro 6d-TEMP,Monte San Vito,AN,Rivenditore,https://www.subito.it/auto/seat-leon-sportstourer-2-0-tdi-150-cv-dsg-style-ancona-662571326.htm
Seat Leon Style DSG BR602619 2.0 Diesel 150CV,13490,Usato,12/2021,105678 Km,Diesel,Automatico,,Cinisello Balsamo,MI,Rivenditore,https://www.subito.it/auto/seat-leon-style-dsg-br602619-2-0-diesel-150cv-milano-662544050.htm
Seat Leon Style DSG BR602619 2.0 Diesel 150CV,13490,Usato,12/2021,105678 Km,Diesel,Automatico,,Reggio nell'Emilia,RE,Rivenditore,https://www.subito.it/auto/seat-leon-style-dsg-br602619-2-0-diesel-150cv-reggio-emilia-662544046.htm
SEAT Leon Leon Sportstourer Sportstourer 2.0 tdi S,12899,Usato,10/2023,76000 Km,Diesel,Manuale,,Roma,RM,Rivenditore,https://www.subito.it/auto/seat-leon-leon-sportstourer-sportstourer-2-0-tdi-s-roma-662507831.htm
Seat Leon 2.0 TDI 115 CV BERLINA - CAR PLAY / VIRT,16500,Usato,03/2024,169000 Km,Diesel,Manuale,Euro 6,Sala Consilina,SA,Rivenditore,https://www.subito.it/auto/seat-leon-2-0-tdi-115-cv-berlina-car-play-virt-salerno-659002443.htm
SEAT Leon Sportstourer 2.0 TDI 150 CV DSG Style,16500,Usato,02/2024,62000 Km,Diesel,Sequenziale,Euro 6,Collegno,TO,Rivenditore,https://www.subito.it/auto/seat-leon-sportstourer-2-0-tdi-150-cv-dsg-style-torino-660093700.htm
LEON IV 2020 1.5 TGI STYLE 1300CV DSG,15300,Usato,09/2021,78000 Km,Benzina/Metano,Sequenziale,Euro 6d-TEMP,Roma,RM,Privato,https://www.subito.it/auto/leon-iv-2020-1-5-tgi-style-1300cv-dsg-roma-660668068.htm
Seat Leon e-Hybrid FR ,19900,Usato,03/2023,86300 Km,Plug-in Hybrid Benzina,Sequenziale,Euro 6d-TEMP,Sluderno,BZ,Privato,https://www.subito.it/auto/seat-leon-e-hybrid-fr-bolzano-662218587.htm
SEAT Leon 2.0 tdi FR 150cv dsg,21500,Usato,07/2021,55400 Km,Diesel,Sequenziale,Euro 6d,Rivoli,TO,Privato,https://www.subito.it/auto/seat-leon-2-0-tdi-fr-150cv-dsg-torino-662398366.htm
SEAT Leon SW 2.0 TDI 150 CV DSG Business 2021,13990,Usato,2021,143500 Km,Diesel,Automatico,,Deruta,PG,Rivenditore,https://www.subito.it/auto/seat-leon-sw-2-0-tdi-150-cv-dsg-business-2021-perugia-662294939.htm
Seat Leon Sportstourer 2.0 TDI 150 CV DSG Style,15900,Usato,12/2023,66000 Km,Diesel,Automatico,Euro 6,Arzachena,OT,Rivenditore,https://www.subito.it/auto/seat-leon-sportstourer-2-0-tdi-150-cv-dsg-style-gallura-662276402.htm
Seat Leon e-hybrid ,20300,Usato,06/2021,75000 Km,Plug-in Hybrid Benzina,Automatico,Euro 6d-TEMP,Tolentino,MC,Privato,https://www.subito.it/auto/seat-leon-e-hybrid-macerata-662264938.htm
Seat Leon 1.5 130 cv (metano),18500,Usato,12/2022,78000 Km,Benzina/Metano,Manuale,Euro 6d-TEMP,Poppi,AR,Privato,https://www.subito.it/auto/seat-leon-1-5-130-cv-metano-arezzo-662232858.htm
SEAT Leon 2.0 TDI 150 CV DSG FR,14500,Usato,06/2021,148000 Km,Diesel,Automatico,Euro 6d-TEMP,Firenze,FI,Rivenditore,https://www.subito.it/auto/seat-leon-2-0-tdi-150-cv-dsg-fr-firenze-662231965.htm
SEAT Leon 2.0 tdi FR 150cv dsg,18500,Usato,10/2021,102634 Km,Diesel,Automatico,Euro 4,Pianopoli,CZ,Rivenditore,https://www.subito.it/auto/seat-leon-2-0-tdi-fr-150cv-dsg-catanzaro-662217011.htm
SEAT Leon HT25123,13299,Usato,05/2022,125525 Km,Ibrida,Automatico,Euro 6,Roma,RM,Rivenditore,https://www.subito.it/auto/seat-leon-ht25123-roma-662057278.htm
SEAT Leon Sportstourer 2.0 TDI 150 CV DSG Busine,13900,Usato,10/2023,63000 Km,Diesel,Automatico,Euro 6,Este,PD,Rivenditore,https://www.subito.it/auto/seat-leon-sportstourer-2-0-tdi-150-cv-dsg-busine-padova-661935430.htm
SEAT Leon XM56302,18199,Usato,04/2022,74102 Km,Ibrida,Automatico,Euro 6,Roma,RM,Rivenditore,https://www.subito.it/auto/seat-leon-xm56302-roma-661934302.htm
SEAT Leon ST 2.0 TDi 115CV - UNIPRO TAGLIANDATA,14500,Usato,10/2023,67584 Km,Diesel,Manuale,Euro 6,Ciampino,RM,Rivenditore,https://www.subito.it/auto/seat-leon-st-2-0-tdi-115cv-unipro-tagliandata-roma-661859461.htm
Seat Leon 2.0 TDI Style MAN. **KM 87974**,15600,Usato,11/2022,87974 Km,Diesel,Manuale,Euro 6,Verona,VR,Rivenditore,https://www.subito.it/auto/seat-leon-2-0-tdi-style-man-km-87974-verona-661853019.htm
Seat Leon 1.4 TSI e-HYBRID 204 CV,21000,Usato,05/2021,103000 Km,Plug-in Hybrid Benzina,Automatico,Euro 6d-TEMP,Cadoneghe,PD,Privato,https://www.subito.it/auto/seat-leon-1-4-tsi-e-hybrid-204-cv-padova-661798498.htm
Seat Leon Sportstourer 1.5 etsi FR 150cv dsg,17405,Usato,06/2021,20079 Km,Ibrida,Sequenziale,Euro 6,Novara,NO,Rivenditore,https://www.subito.it/auto/seat-leon-sportstourer-1-5-etsi-fr-150cv-dsg-novara-661777461.htm
Seat leon Fr Phev,21500,Usato,03/2024,41000 Km,Plug-in Hybrid Benzina,Sequenziale,Euro 6d-TEMP,Imola,BO,Privato,https://www.subito.it/auto/seat-leon-fr-phev-bologna-661757331.htm
Seat Leon Sportstourer Business DSG BR110263 1.0 M,10990,Usato,03/2022,125725 Km,Mild Hybrid Benzina,Automatico,,Cinisello Balsamo,MI,Rivenditore,https://www.subito.it/auto/seat-leon-sportstourer-business-dsg-br110263-1-0-m-milano-661712314.htm
Seat Leon Sportstourer Business DSG BR110263 1.0 M,10990,Usato,03/2022,125725 Km,Mild Hybrid Benzina,Automatico,,Reggio nell'Emilia,RE,Rivenditore,https://www.subito.it/auto/seat-leon-sportstourer-business-dsg-br110263-1-0-m-reggio-emilia-661710388.htm
Seat Leon Sportstourer 2.0 TDI 150 CV DSG Business,16900,Usato,10/2023,74000 Km,Diesel,Automatico,Euro 6,Agrigento,AG,Rivenditore,https://www.subito.it/auto/seat-leon-sportstourer-2-0-tdi-150-cv-dsg-business-agrigento-661643352.htm
SEAT Leon 2.0 TDI 150 CV DSG Style PREZZO REALE!,16500,Usato,02/2024,49000 Km,Diesel,Sequenziale,Euro 6d-TEMP,Torino,TO,Rivenditore,https://www.subito.it/auto/seat-leon-2-0-tdi-150-cv-dsg-style-prezzo-reale-torino-661557986.htm
Seat Leon Sw Style 2.0 tdi 115cv 10/2023 km 60.000,14950,Usato,10/2023,60003 Km,Diesel,Manuale,Euro 6d-TEMP,Malagnino,CR,Rivenditore,https://www.subito.it/auto/seat-leon-sw-style-2-0-tdi-115cv-10-2023-km-60-000-cremona-661466431.htm
SEAT Leon 2.0 TDI 85KW STYLE,27000,Km0,04/2026,,Diesel,Manuale,Euro 6d-TEMP,Potenza,PZ,Rivenditore,https://www.subito.it/auto/seat-leon-2-0-tdi-85kw-style-potenza-661387671.htm
SEAT LEON ETSI 150 CV,19500,Usato,10/2021,59000 Km,Mild Hybrid Benzina,Sequenziale,Euro 6d-TEMP,Legnano,MI,Privato,https://www.subito.it/auto/seat-leon-etsi-150-cv-milano-661377752.htm
Seat Leon Sportstourer 1.5 TGI DSG Business,17550,Usato,02/2023,119000 Km,Benzina/Metano,Sequenziale,Euro 6,Pollenza,MC,Rivenditore,https://www.subito.it/auto/seat-leon-sportstourer-1-5-tgi-dsg-business-macerata-661349274.htm
Seat Leon 1.5 eTSI 150CV DSG FR - 80.000km,17500,Usato,05/2021,81000 Km,Mild Hybrid Benzina,Sequenziale,Euro 6d-TEMP,Pavullo nel Frignano,MO,Privato,https://www.subito.it/auto/seat-leon-1-5-etsi-150cv-dsg-fr-80-000km-modena-661291200.htm
SEAT Leon SW 2.0 TDI 116 CV Style NEOPATENTATI,15600,Usato,10/2023,69553 Km,Diesel,Manuale,Euro 6,Monselice,PD,Rivenditore,https://www.subito.it/auto/seat-leon-sw-2-0-tdi-116-cv-style-neopatentati-padova-661268776.htm
Seat Leon Sportstourer 2.0 TDI 150 CV DSG Style,14000,Usato,11/2023,95000 Km,Diesel,Automatico,Euro 6,Torino,TO,Rivenditore,https://www.subito.it/auto/seat-leon-sportstourer-2-0-tdi-150-cv-dsg-style-torino-661212166.htm
SEAT Leon 2.0 TDI 110KW BUSINESS DSG,17450,Usato,06/2022,86239 Km,Diesel,Automatico,Euro 6,Pordenone,PN,Rivenditore,https://www.subito.it/auto/seat-leon-2-0-tdi-110kw-business-dsg-pordenone-661199790.htm
Seat Leon Sportstourer 1.5 TGI DSG Business,17550,Usato,02/2023,119000 Km,Benzina/Metano,Sequenziale,Euro 6,Pollenza,MC,Rivenditore,https://www.subito.it/auto/seat-leon-sportstourer-1-5-tgi-dsg-business-macerata-661195941.htm
SEAT LEON 1.5 DSG 116 CV  MILD BUSINESS,24500,Usato,03/2026,2000 Km,Mild Hybrid Benzina,Automatico,Euro 6d-TEMP,Assago,MI,Privato,https://www.subito.it/auto/seat-leon-1-5-dsg-116-cv-mild-business-milano-661007739.htm
Seat Leon 2.0 TDI 150 CV DSG Style,16000,Usato,05/2021,70000 Km,Diesel,Sequenziale,Euro 6,Rende,CS,Rivenditore,https://www.subito.it/auto/seat-leon-2-0-tdi-150-cv-dsg-style-cosenza-660898839.htm
Seat Leon Sportstourer 2.0 TDI 150 CV DSG Business,13900,Usato,12/2021,159000 Km,Diesel,Automatico,Euro 6e,Castel Goffredo,MN,Rivenditore,https://www.subito.it/auto/seat-leon-sportstourer-2-0-tdi-150-cv-dsg-business-mantova-660444543.htm
Seat Leon FR 2.0 TDI 116cv CERTIFICATA,16600,Usato,10/2022,88000 Km,Diesel,Manuale,Euro 6d-TEMP,Oristano,OR,Privato,https://www.subito.it/auto/seat-leon-fr-2-0-tdi-116cv-certificata-oristano-660418644.htm
Seat Leon Sportstourer 2.0 TDI 150 CV DSG Style,18500,Usato,06/2024,50000 Km,Diesel,Automatico,Euro 6,Rivignano Teor,UD,Rivenditore,https://www.subito.it/auto/seat-leon-sportstourer-2-0-tdi-150-cv-dsg-style-udine-660326344.htm
SEAT Leon Leon 1.5 etsi FR 150cv dsg - PHEV - Pari,20490,Usato,04/2024,63803 Km,Ibrida,Sequenziale,Euro 6,Rho,MI,Rivenditore,https://www.subito.it/auto/seat-leon-leon-1-5-etsi-fr-150cv-dsg-phev-pari-milano-660297642.htm
SEAT Leon IV 2020 Leon 1.0 tsi Style 110cv,15891,Usato,03/2021,69127 Km,Benzina,Manuale,Euro 6,Meda,MB,Rivenditore,https://www.subito.it/auto/seat-leon-iv-2020-leon-1-0-tsi-style-110cv-monza-660007739.htm
Seat Leon Sportstourer 2.0 TDI Business,15500,Usato,08/2021,87230 Km,Diesel,Manuale,Euro 6,Manoppello,PE,Rivenditore,https://www.subito.it/auto/seat-leon-sportstourer-2-0-tdi-business-pescara-659966402.htm
SEAT Leon 1.5 eTSI 150cv XCELLENCE DSG,11900,Usato,04/2021,132980 Km,Ibrida,Automatico,Euro 6,Imola,BO,Rivenditore,https://www.subito.it/auto/seat-leon-1-5-etsi-150cv-xcellence-dsg-bologna-647987834.htm
Seat Leon 2021 ,21500,Usato,01/2021,57270 Km,Benzina,Manuale,Euro 6d-TEMP,Mornago,VA,Privato,https://www.subito.it/auto/seat-leon-2021-varese-659868072.htm
Seat Leon Serie 4 del 2021 1.2 TSI ( con  Gpl),15000,Usato,06/2021,114000 Km,Benzina,Manuale,Euro 6d-TEMP,Torino,TO,Privato,https://www.subito.it/auto/seat-leon-serie-4-del-2021-1-2-tsi-con-gpl-torino-659827447.htm
SEAT LEON 2.0 TDI FR neopatentati km 33.000,20000,Usato,03/2024,33000 Km,Diesel,Manuale,Euro 6,Trento,TN,Rivenditore,https://www.subito.it/auto/seat-leon-2-0-tdi-fr-neopatentati-km-33-000-trento-659778809.htm
Sest leon 2.0 FR tdi 150 cv DSG,15500,Usato,06/2021,176000 Km,Diesel,Sequenziale,Euro 6d-TEMP,Oschiri,OT,Privato,https://www.subito.it/auto/sest-leon-2-0-fr-tdi-150-cv-dsg-gallura-659774341.htm
SEAT LEON 2.0 tdi 116cv,16990,Usato,02/2023,89000 Km,Diesel,Manuale,Euro 6d,Soriano nel Cimino,VT,Privato,https://www.subito.it/auto/seat-leon-2-0-tdi-116cv-viterbo-659657823.htm
SEAT Leon 2.0 TDI 150CV DSG 2021,16000,Usato,02/2021,125000 Km,Diesel,Sequenziale,Euro 6d-TEMP,Padova,PD,Privato,https://www.subito.it/auto/seat-leon-2-0-tdi-150cv-dsg-2021-padova-659643030.htm
Seat leon 1.0 mild hybrid 110cv automatica,13000,Usato,05/2022,108000 Km,Mild Hybrid Benzina,Sequenziale,Euro 6d-TEMP,Giugliano in Campania,NA,Privato,https://www.subito.it/auto/seat-leon-1-0-mild-hybrid-110cv-automatica-napoli-659625520.htm
Seat Leon 1.5 TGI DSG FR,18400,Usato,04/2021,91000 Km,Benzina/Metano,Automatico,Euro 6,Chiaravalle,AN,Rivenditore,https://www.subito.it/auto/seat-leon-1-5-tgi-dsg-fr-ancona-659505550.htm
Seat Leon FR 1.5ecoTsi 131cv,17500,Usato,08/2022,53000 Km,Benzina,Manuale,Euro 6d-TEMP,Torino,TO,Privato,https://www.subito.it/auto/seat-leon-fr-1-5ecotsi-131cv-torino-659213653.htm
SEAT Leon Sportstourer 2.0 TDI 150 CV DSG Style,17800,Usato,04/2024,56000 Km,Diesel,Automatico,Euro 6,Maniago,PN,Rivenditore,https://www.subito.it/auto/seat-leon-sportstourer-2-0-tdi-150-cv-dsg-style-pordenone-659065673.htm
SEAT Leon Sportstourer 1.5 eTSI 150 CV DSG Xcellen,15990,Usato,03/2021,99850 Km,Ibrida,Sequenziale,Euro 6d-TEMP,Mirano,VE,Rivenditore,https://www.subito.it/auto/seat-leon-sportstourer-1-5-etsi-150-cv-dsg-xcellen-venezia-657844504.htm
SEAT LEON sportstourer style,20000,Usato,03/2026,30000 Km,Diesel,Manuale,Euro 6e,Porto Tolle,RO,Privato,https://www.subito.it/auto/seat-leon-sportstourer-style-rovigo-658336539.htm
Seat Leon Sportstourer 1.5 TGI Style - CNG - Autom,16950,Usato,11/2022,117000 Km,Benzina/Metano,Automatico,Euro 6d-TEMP,Montegiorgio,FM,Rivenditore,https://www.subito.it/auto/seat-leon-sportstourer-1-5-tgi-style-cng-autom-fermo-646842138.htm
SEAT LEON HYBRID-BENZINA DSG XCELLENCE 2021,16490,Usato,03/2021,73000 Km,Mild Hybrid Benzina,Automatico,Euro 6d,Brindisi,BR,Privato,https://www.subito.it/auto/seat-leon-hybrid-benzina-dsg-xcellence-2021-brindisi-639590517.htm
SEAT LEON 2.0 TDI FR neopatentati km 33.000,20000,Usato,03/2024,33000 Km,Diesel,Manuale,Euro 6,Trento,TN,Rivenditore,https://www.subito.it/auto/seat-leon-2-0-tdi-fr-neopatentati-km-33-000-trento-657823537.htm
Seat Leon,14000,Usato,04/2021,140000 Km,Diesel,Sequenziale,Euro 6d-TEMP,Montanaro,TO,Privato,https://www.subito.it/auto/seat-leon-torino-657521033.htm
Seat Leon Sportstourer 1.5 TSI 150 CV DSG Business,13500,Usato,03/2021,78000 Km,Mild Hybrid Benzina,Sequenziale,Euro 6e,Santa Elisabetta,AG,Rivenditore,https://www.subito.it/auto/seat-leon-sportstourer-1-5-tsi-150-cv-dsg-business-agrigento-646393425.htm
SEAT Leon 2.0 TDI 150 HP BUSINESS AUTOMATICA DSG,27900,Usato,06/2026,2500 Km,Diesel,Automatico,Euro 6,Udine,UD,Rivenditore,https://www.subito.it/auto/seat-leon-2-0-tdi-150-hp-business-automatica-dsg-udine-657243611.htm
SEAT Leon IV 2020 Leon 1.0 tsi Style 110cv,15891,Usato,03/2021,69127 Km,Benzina,Manuale,Euro 6,Roma,RM,Rivenditore,https://www.subito.it/auto/seat-leon-iv-2020-leon-1-0-tsi-style-110cv-roma-657075410.htm
SEAT Leon IV 2020 Leon 1.0 tsi Style 110cv,15891,Usato,03/2021,69127 Km,Benzina,Manuale,Euro 6,Sala Bolognese,BO,Rivenditore,https://www.subito.it/auto/seat-leon-iv-2020-leon-1-0-tsi-style-110cv-bologna-657075536.htm
SEAT Leon Sportstourer 2.0 TDI 150 CV DSG Style,14900,Usato,02/2024,76000 Km,Diesel,Automatico,Euro 6,Este,PD,Rivenditore,https://www.subito.it/auto/seat-leon-sportstourer-2-0-tdi-150-cv-dsg-style-padova-657048429.htm
SEAT Leon Sportstourer 2.0 TDI 150 CV DSG Busine,13900,Usato,10/2023,79500 Km,Diesel,Automatico,Euro 6,Este,PD,Rivenditore,https://www.subito.it/auto/seat-leon-sportstourer-2-0-tdi-150-cv-dsg-busine-padova-656947391.htm
SEAT Leon Sportstourer 2.0 TDI 150 CV DSG Style,12490,Usato,11/2023,66000 Km,Diesel,Automatico,Euro 6,Este,PD,Rivenditore,https://www.subito.it/auto/seat-leon-sportstourer-2-0-tdi-150-cv-dsg-style-padova-656946900.htm
Seat leon,14800,Usato,05/2021,120000 Km,Diesel,Manuale,Euro 6d-TEMP,San Marco in Lamis,FG,Privato,https://www.subito.it/auto/seat-leon-foggia-656911986.htm
Seat leon,16500,Usato,06/2021,90000 Km,Benzina,Automatico,Euro 6d-TEMP,Paderno Dugnano,MI,Privato,https://www.subito.it/auto/seat-leon-milano-656113494.htm
SEAT Leon Sportstourer 2.0 TDI 116 CV Style ARGENT,15800,Usato,05/2022,75315 Km,Diesel,Manuale,Euro 6,Gorizia,GO,Rivenditore,https://www.subito.it/auto/seat-leon-sportstourer-2-0-tdi-116-cv-style-argent-gorizia-646675438.htm
Seat Leon 1.0 TSI  Style 110 cv ( impianto GPL),15000,Usato,06/2021,114000 Km,Benzina,Manuale,Euro 6d-TEMP,Torino,TO,Privato,https://www.subito.it/auto/seat-leon-1-0-tsi-style-110-cv-impianto-gpl-torino-655940743.htm
SEAT Leon SW 1.4 E-HYBRID 204 HP PLUG IN AUTO...,19900,Usato,03/2021,74081 Km,Ibrida,Automatico,Euro 6,Udine,UD,Rivenditore,https://www.subito.it/auto/seat-leon-sw-1-4-e-hybrid-204-hp-plug-in-auto-udine-655781390.htm
SEAT Leon SPORTSTOURER 2.0 TDI STYLE,10500,Usato,03/2024,74000 Km,Diesel,Manuale,Euro 6,Megliadino San Vitale,PD,Rivenditore,https://www.subito.it/auto/seat-leon-sportstourer-2-0-tdi-style-padova-655669699.htm
Seat Leon Sportstourer 1.5 eTSI 150 CV DSG Xcellen,15500,Usato,06/2021,91082 Km,Mild Hybrid Benzina,Sequenziale,Euro 6d-TEMP,Viterbo,VT,Privato,https://www.subito.it/auto/seat-leon-sportstourer-1-5-etsi-150-cv-dsg-xcellen-viterbo-655578396.htm
Seat Leon Sportstourer 2.0 TDI 150 CV DSG Style,14900,Usato,02/2024,65000 Km,Diesel,Automatico,Euro 6,Torino,TO,Rivenditore,https://www.subito.it/auto/seat-leon-sportstourer-2-0-tdi-150-cv-dsg-style-torino-655521754.htm
Seat Leon sportstourer metano automatico,19300,Usato,06/2022,55000 Km,Benzina/Metano,Automatico,Euro 6d-TEMP,Corinaldo,AN,Privato,https://www.subito.it/auto/seat-leon-sportstourer-metano-automatico-ancona-654336424.htm
SEAT Leon BP80917,13699,Usato,06/2022,93990 Km,Benzina,Manuale,Euro 6,Palermo,PA,Rivenditore,https://www.subito.it/auto/seat-leon-bp80917-palermo-654916609.htm
SEAT Leon SPORTSTOURER 2.0 TDI 150CV DSG STYLE,9300,Usato,07/2024,3600 Km,Diesel,Automatico,Euro 6,Megliadino San Vitale,PD,Rivenditore,https://www.subito.it/auto/seat-leon-sportstourer-2-0-tdi-150cv-dsg-style-padova-654780021.htm
Seat Leon Sportstourer 2.0 150cv dsg 4drive,22500,Usato,11/2023,28000 Km,Diesel,Sequenziale,Euro 6d-TEMP,Belluno,BL,Privato,https://www.subito.it/auto/seat-leon-sportstourer-2-0-150cv-dsg-4drive-belluno-654632668.htm
SEAT Leon KY69049,20599,Usato,10/2023,60536 Km,Diesel,Automatico,Euro 6,Firenze,FI,Rivenditore,https://www.subito.it/auto/seat-leon-ky69049-firenze-654553746.htm
Seat Leon Sportstourer 2.0 TDI 115cv KM CERTIFICAT,13990,Usato,11/2023,89000 Km,Diesel,Manuale,Euro 6,San Severino Marche,MC,Rivenditore,https://www.subito.it/auto/seat-leon-sportstourer-2-0-tdi-115cv-km-certificat-macerata-654305919.htm
SEAT LEON FR,21500,Usato,12/2022,57000 Km,Diesel,Sequenziale,Euro 6d-TEMP,Ercolano,NA,Privato,https://www.subito.it/auto/seat-leon-fr-napoli-654176336.htm
Leon serie 4 dsg,11900,Usato,03/2022,142000 Km,Diesel,Sequenziale,Euro 6d-TEMP,Como,CO,Rivenditore,https://www.subito.it/auto/leon-serie-4-dsg-como-653998533.htm
SEAT Leon sw SPORTSTOUR 2.0 tdi Busin 150cv dsg,11500,Usato,05/2022,165000 Km,Diesel,Automatico,Euro 6,Basiliano,UD,Rivenditore,https://www.subito.it/auto/seat-leon-sw-sportstour-2-0-tdi-busin-150cv-dsg-udine-653898560.htm
SEAT Leon 1.4 e-HYBRID 204 CV DSG FR,16990,Usato,07/2021,118700 Km,Ibrida,Sequenziale,Euro 6,Agnone,IS,Rivenditore,https://www.subito.it/auto/seat-leon-1-4-e-hybrid-204-cv-dsg-fr-isernia-653468088.htm
Seat Leon Sportstourer 2.0 TDI 150 CV DSG Style,17500,Usato,02/2024,85559 Km,Diesel,Automatico,Euro 6,Calderara di Reno,BO,Rivenditore,https://www.subito.it/auto/seat-leon-sportstourer-2-0-tdi-150-cv-dsg-style-bologna-653274504.htm
Seat Leon FR e-hybrid ,20000,Usato,04/2021,78000 Km,Plug-in Hybrid Benzina,Sequenziale,Euro 6d-TEMP,Aversa,CE,Privato,https://www.subito.it/auto/seat-leon-fr-e-hybrid-caserta-653208729.htm
Leon IV 2020 Sportstourer Sportstourer 1.5 tgi FR,18000,Usato,07/2022,126000 Km,Benzina/Metano,Sequenziale,Euro 6d-TEMP,Bologna,BO,Privato,https://www.subito.it/auto/leon-iv-2020-sportstourer-sportstourer-1-5-tgi-fr-bologna-652677995.htm
Seat Leon station 2021 2.0 tdi 150cv,19500,Usato,01/2021,95000 Km,Diesel,Automatico,Euro 6d-TEMP,Falconara Marittima,AN,Privato,https://www.subito.it/auto/seat-leon-station-2021-2-0-tdi-150cv-ancona-652446925.htm
SEAT Leon IV 2020 - Leon 2.0 tdi FR 150cv d U32504,27900,Usato,06/2024,18981 Km,Diesel,Automatico,Euro 6,Palermo,PA,Rivenditore,https://www.subito.it/auto/seat-leon-iv-2020-leon-2-0-tdi-fr-150cv-d-u32504-palermo-651797182.htm
Seat Leon Leon 1.0 tsi Business 110cv,11990,Usato,08/2021,77000 Km,Benzina,Manuale,Euro 6,Milano,MI,Rivenditore,https://www.subito.it/auto/seat-leon-leon-1-0-tsi-business-110cv-milano-651727134.htm
SEAT Leon Sportstourer 2.0 TDI 150 CV DSG Style,15900,Usato,02/2024,50007 Km,Diesel,Sequenziale,Euro 6,Senigallia,AN,Rivenditore,https://www.subito.it/auto/seat-leon-sportstourer-2-0-tdi-150-cv-dsg-style-ancona-651310382.htm
SEAT Leon HX59407,20399,Usato,10/2023,96394 Km,Ibrida,Automatico,Euro 6e,Catania,CT,Rivenditore,https://www.subito.it/auto/seat-leon-hx59407-catania-651196943.htm
SEAT Leon Sportstourer 2.0 tdi Xcellence 150cv d,9900,Usato,05/2021,280000 Km,Diesel,Automatico,Euro 6e,Basiliano,UD,Rivenditore,https://www.subito.it/auto/seat-leon-sportstourer-2-0-tdi-xcellence-150cv-d-udine-651076350.htm
SEAT Leon sw SPORTSTOUR 2.0 tdi Busin 150cv dsg,11750,Usato,05/2022,165000 Km,Diesel,Automatico,Euro 6e,Basiliano,UD,Rivenditore,https://www.subito.it/auto/seat-leon-sw-sportstour-2-0-tdi-busin-150cv-dsg-udine-651076325.htm
Seat Leon ST Xcellence 1.5 150cv DSG,14500,Usato,03/2021,81000 Km,Mild Hybrid Benzina,Sequenziale,Euro 6d-TEMP,Sedriano,MI,Privato,https://www.subito.it/auto/seat-leon-st-xcellence-1-5-150cv-dsg-milano-650931303.htm
seat leon sw 2021 2.0 150cv,11500,Usato,12/2021,155000 Km,Diesel,Sequenziale,Euro 6d-TEMP,Roma,RM,Privato,https://www.subito.it/auto/seat-leon-sw-2021-2-0-150cv-roma-650841021.htm
SEAT Leon Leon IV 2020 Sportstourer 2.0 tdi Busi,11300,Usato,02/2022,214000 Km,Diesel,Automatico,Euro 6e,Basiliano,UD,Rivenditore,https://www.subito.it/auto/seat-leon-leon-iv-2020-sportstourer-2-0-tdi-busi-udine-650721726.htm
Seat leon 1.5 tgi automatica excellence,18500,Usato,03/2022,82000 Km,Benzina/Metano,Automatico,Euro 6d-TEMP,Taranto,TA,Privato,https://www.subito.it/auto/seat-leon-1-5-tgi-automatica-excellence-taranto-650666710.htm
Seat Leon 2.0 TDI Business 2022,15700,Usato,05/2022,122930 Km,Diesel,Manuale,Euro 6e,Erba,CO,Rivenditore,https://www.subito.it/auto/seat-leon-2-0-tdi-business-2022-como-650233109.htm
Seat Leon executive 1.5 tgi 131 cv,15000,Usato,09/2021,131000 Km,Benzina/Metano,Sequenziale,Euro 6d-TEMP,Bologna,BO,Privato,https://www.subito.it/auto/seat-leon-executive-1-5-tgi-131-cv-bologna-649895467.htm
SEAT Leon 1.5 TGI Style Metano della Casa,16900,Usato,08/2022,79890 Km,Benzina/Metano,Manuale,Euro 6e,Oderzo,TV,Rivenditore,https://www.subito.it/auto/seat-leon-1-5-tgi-style-metano-della-casa-treviso-649770637.htm
SEAT Leon 1.5 TGI Style Metano della casa,16900,Usato,08/2022,79890 Km,Benzina/Metano,Manuale,Euro 6e,Rivignano Teor,UD,Rivenditore,https://www.subito.it/auto/seat-leon-1-5-tgi-style-metano-della-casa-udine-649769164.htm
Seat Leon 2.0 TDI 150 CV DSG Style,21900,Usato,04/2025,20000 Km,Diesel,Automatico,Euro 6,Ferrara,FE,Rivenditore,https://www.subito.it/auto/seat-leon-2-0-tdi-150-cv-dsg-style-ferrara-649562111.htm
Seat Leon KL ,12000,Usato,09/2021,101740 Km,Mild Hybrid Benzina,Automatico,Euro 6d-TEMP,Colleferro,RM,Privato,https://www.subito.it/auto/seat-leon-kl-roma-649389836.htm
SEAT LEON FR 1500 TGI,18500,Usato,11/2021,120000 Km,Benzina/Metano,Manuale,Euro 6d-TEMP,Tremestieri Etneo,CT,Privato,https://www.subito.it/auto/seat-leon-fr-1500-tgi-catania-648273358.htm
SEAT Leon 1.5 eTSI 150cv XCELLENCE DSG,11900,Usato,04/2021,132980 Km,Ibrida,Automatico,Euro 6,Imola,BO,Rivenditore,https://www.subito.it/auto/seat-leon-1-5-etsi-150cv-xcellence-dsg-bologna-647988042.htm
Seat leon sportourer,17500,Usato,05/2021,95000 Km,Diesel,Automatico,Euro 6d-TEMP,Baricella,BO,Privato,https://www.subito.it/auto/seat-leon-sportourer-bologna-647731208.htm
Seat Leon 2.0 tsi 190cv DSG,22000,Usato,12/2021,60000 Km,Benzina,Sequenziale,Euro 6d-TEMP,Milano,MI,Privato,https://www.subito.it/auto/seat-leon-2-0-tsi-190cv-dsg-milano-647607718.htm
SEAT Leon 1.4 e-HYBRID 204 CV DSG FR,23000,Usato,03/2024,40000 Km,Plug-in Hybrid Benzina,Sequenziale,Euro 6d-TEMP,Ozzano dell'Emilia,BO,Privato,https://www.subito.it/auto/seat-leon-1-4-e-hybrid-204-cv-dsg-fr-bologna-647443767.htm
seat leon,20500,Usato,07/2021,32000 Km,Mild Hybrid Benzina,Automatico,Euro 6d-TEMP,Vimercate,MB,Privato,https://www.subito.it/auto/seat-leon-monza-646848276.htm
SEAT Leon 1.5 tsi fr 150cv,16400,Usato,06/2021,122000 Km,Benzina,Manuale,Euro 6,Due Carrare,PD,Rivenditore,https://www.subito.it/auto/seat-leon-1-5-tsi-fr-150cv-padova-646783575.htm
SEAT Leon Sportstourer 2.0 TDI Style,16500,Usato,08/2023,60775 Km,Diesel,Manuale,Euro 6e,San Cesareo,RM,Rivenditore,https://www.subito.it/auto/seat-leon-sportstourer-2-0-tdi-style-roma-646364467.htm
Leon IV 2020 Sportstourer business 2.0 tdi dsg,22300,Usato,02/2024,33000 Km,Diesel,Sequenziale,Euro 6d-TEMP,Sangano,TO,Privato,https://www.subito.it/auto/leon-iv-2020-sportstourer-business-2-0-tdi-dsg-torino-646267846.htm
Seat Leon 2021 1.0 benzina,12600,Usato,11/2021,140000 Km,Benzina,Manuale,Euro 6d,Firenze,FI,Privato,https://www.subito.it/auto/seat-leon-2021-1-0-benzina-firenze-646037091.htm
Seat Leon 2.0 TDI,15000,Usato,02/2021,95000 Km,Diesel,Manuale,Euro 6d-TEMP,Ravenna,RA,Privato,https://www.subito.it/auto/seat-leon-2-0-tdi-ravenna-645757519.htm
Seat Leon FR 2022,18500,Usato,11/2022,24000 Km,Benzina/Metano,Automatico,Euro 6d-TEMP,Torino,TO,Privato,https://www.subito.it/auto/seat-leon-fr-2022-torino-645456113.htm
Seat Leon Sportstourer mild hybrid eTsi 150cv dsg,16000,Usato,03/2021,104000 Km,Mild Hybrid Benzina,Automatico,,Bolzano,BZ,Privato,https://www.subito.it/auto/seat-leon-sportstourer-mild-hybrid-etsi-150cv-dsg-bolzano-645382941.htm
SEAT LEON 2021 2.0 TDI 150CV BUSINESS ,17500,Usato,09/2021,99000 Km,Diesel,Automatico,Euro 6d,Villafranca di Verona,VR,Privato,https://www.subito.it/auto/seat-leon-2021-2-0-tdi-150cv-business-verona-639973564.htm
Seat Leon,15000,Usato,03/2021,90000 Km,Mild Hybrid Benzina,Sequenziale,Euro 6d-TEMP,Brindisi,BR,Privato,https://www.subito.it/auto/seat-leon-brindisi-644105457.htm
Seat Leon Sw 1.5 eTsi 150cv Dsg 2021,15600,Usato,06/2021,102000 Km,Mild Hybrid Benzina,Automatico,Euro 6d-TEMP,Grosseto,GR,Privato,https://www.subito.it/auto/seat-leon-sw-1-5-etsi-150cv-dsg-2021-grosseto-643969220.htm
Seat Leon Sportstourer 1.5 Etsi 150cv,19200,Usato,06/2021,88500 Km,Mild Hybrid Benzina,Sequenziale,Euro 6d-TEMP,Acqui Terme,AL,Privato,https://www.subito.it/auto/seat-leon-sportstourer-1-5-etsi-150cv-alessandria-643775427.htm
Seat Leon sportstourer 1.5 eTSI DSG 150cv mh,15999,Usato,04/2021,77750 Km,Mild Hybrid Benzina,Automatico,Euro 6,Palermo,PA,Privato,https://www.subito.it/auto/seat-leon-sportstourer-1-5-etsi-dsg-150cv-mh-palermo-643543148.htm
Seat Leon FR 1.4 E-HYBRID 204cv,19000,Usato,04/2021,93000 Km,Plug-in Hybrid Benzina,Automatico,Euro 6d,Caiolo,SO,Privato,https://www.subito.it/auto/seat-leon-fr-1-4-e-hybrid-204cv-sondrio-642082379.htm
Seat Leon Sportstourer 1.5 TGI Business,19950,Usato,02/2022,40000 Km,Benzina/Metano,Manuale,Euro 6,Macerata,MC,Rivenditore,https://www.subito.it/auto/seat-leon-sportstourer-1-5-tgi-business-macerata-641804123.htm
SEAT Leon 2.0 tdi FR 150cv dsg,28300,Km0,12/2025,,Diesel,Automatico,Euro 6,Roma,RM,Rivenditore,https://www.subito.it/auto/seat-leon-2-0-tdi-fr-150cv-dsg-roma-632598441.htm
SEAT Leon 2.0 tdi FR 150cv dsg,28300,Km0,12/2025,,Diesel,Automatico,Euro 6,San Giovanni Teatino,CH,Rivenditore,https://www.subito.it/auto/seat-leon-2-0-tdi-fr-150cv-dsg-chieti-632598658.htm
SEAT Leon 2.0 tdi FR 150cv dsg,28300,Km0,12/2025,,Diesel,Automatico,Euro 6,Roma,RM,Rivenditore,https://www.subito.it/auto/seat-leon-2-0-tdi-fr-150cv-dsg-roma-632598455.htm
SEAT Leon 2.0 tdi FR 150cv dsg,28300,Km0,12/2025,,Diesel,Automatico,Euro 6,San Giovanni Teatino,CH,Rivenditore,https://www.subito.it/auto/seat-leon-2-0-tdi-fr-150cv-dsg-chieti-632598660.htm
SEAT Leon 2.0 tdi FR 150cv dsg,28300,Km0,12/2025,,Diesel,Automatico,Euro 6,San Giovanni Teatino,CH,Rivenditore,https://www.subito.it/auto/seat-leon-2-0-tdi-fr-150cv-dsg-chieti-632598654.htm
SEAT Leon Sportstourer 1.5 hybrid Business 15...,27500,Km0,12/2025,,Ibrida,Automatico,Euro 6,Roma,RM,Rivenditore,https://www.subito.it/auto/seat-leon-sportstourer-1-5-hybrid-business-15-roma-632598461.htm
SEAT Leon 2.0 tdi FR 150cv dsg,28300,Km0,12/2025,,Diesel,Automatico,Euro 6,Roma,RM,Rivenditore,https://www.subito.it/auto/seat-leon-2-0-tdi-fr-150cv-dsg-roma-632598458.htm
SEAT Leon Sportstourer 1.5 hybrid Business 15...,27500,Km0,12/2025,,Ibrida,Automatico,Euro 6,San Giovanni Teatino,CH,Rivenditore,https://www.subito.it/auto/seat-leon-sportstourer-1-5-hybrid-business-15-chieti-632598663.htm
SEAT Leon 1.0 etsi Business 110cv dsg,25500,Usato,02/2025,5 Km,Ibrida,Automatico,Euro 6,Roma,RM,Rivenditore,https://www.subito.it/auto/seat-leon-1-0-etsi-business-110cv-dsg-roma-632551448.htm
SEAT Leon 1.0 etsi Business 110cv dsg,25500,Usato,02/2025,5 Km,Ibrida,Automatico,Euro 6,San Giovanni Teatino,CH,Rivenditore,https://www.subito.it/auto/seat-leon-1-0-etsi-business-110cv-dsg-chieti-632551461.htm
Seat Leon 1.5 hybrid Style 116cv dsg,20990,Usato,03/2025,22000 Km,Ibrida,Automatico,Euro 6,Liscate,MI,Rivenditore,https://www.subito.it/auto/seat-leon-1-5-hybrid-style-116cv-dsg-milano-641137150.htm
Seat Leon,16500,Usato,08/2021,70000 Km,Diesel,Manuale,Euro 6d-TEMP,Riva del Garda,TN,Privato,https://www.subito.it/auto/seat-leon-trento-640555442.htm
Seat Leon FR 2000 TDI 150 Cv,21500,Usato,06/2021,67000 Km,Diesel,Automatico,Euro 6d-TEMP,Catanzaro,CZ,Privato,https://www.subito.it/auto/seat-leon-fr-2000-tdi-150-cv-catanzaro-639519340.htm
Seat leon,14000,Usato,09/2022,132000 Km,Benzina/Metano,Automatico,Euro 6d,Pergola,PU,Privato,https://www.subito.it/auto/seat-leon-pesaro-urbino-639200515.htm
Seat Leon 2.0 TDI 150 CV DSG Xcellence,17990,Usato,06/2021,67000 Km,Diesel,Sequenziale,Euro 6e,Fara Vicentino,VI,Rivenditore,https://www.subito.it/auto/seat-leon-2-0-tdi-150-cv-dsg-xcellence-vicenza-638140667.htm
Seat Leon Sportstourer 1.0 TSI 110 CV Style,20900,Usato,03/2024,6000 Km,Benzina,Manuale,Euro 6,Rosta,TO,Rivenditore,https://www.subito.it/auto/seat-leon-sportstourer-1-0-tsi-110-cv-style-torino-637915000.htm
SEAT Leon Sportstourer 1.0 eTSI 110 CV DSG Style,17900,Usato,10/2022,38500 Km,Ibrida,Sequenziale,Euro 6e,Cagliari,CA,Rivenditore,https://www.subito.it/auto/seat-leon-sportstourer-1-0-etsi-110-cv-dsg-style-cagliari-636513343.htm
Seat Leon sportstourer Fr ,19000,Usato,10/2021,60000 Km,Diesel,Manuale,Euro 6d-TEMP,Porto San Giorgio,FM,Privato,https://www.subito.it/auto/seat-leon-sportstourer-fr-fermo-636443618.htm
Seat Leon fr,20500,Usato,04/2021,89000 Km,Diesel,Sequenziale,Euro 6d-TEMP,Casali del Manco,CS,Privato,https://www.subito.it/auto/seat-leon-fr-cosenza-636127151.htm
Seat Leon TDI dsg 150cv anno 6/21,16000,Usato,06/2021,90000 Km,Diesel,Automatico,Euro 6d,Sapri,SA,Privato,https://www.subito.it/auto/seat-leon-tdi-dsg-150cv-anno-6-21-salerno-634717136.htm
Seat leon,19900,Usato,06/2021,98000 Km,Plug-in Hybrid Benzina,Sequenziale,Euro 6d-TEMP,Ferrazzano,CB,Privato,https://www.subito.it/auto/seat-leon-campobasso-633560428.htm
SEAT LEON 1.5 ETSI FR,21000,Usato,05/2021,75000 Km,Mild Hybrid Benzina,Automatico,Euro 6d-TEMP,Desio,MB,Privato,https://www.subito.it/auto/seat-leon-1-5-etsi-fr-monza-632660290.htm
seat leon,16000,Usato,09/2022,73250 Km,Mild Hybrid Benzina,Automatico,Euro 6d-TEMP,Tavazzano con Villavesco,LO,Privato,https://www.subito.it/auto/seat-leon-lodi-630983122.htm
Seat Leon FR 1.5 e-tsi,23000,Usato,01/2021,45000 Km,Benzina,Automatico,Euro 6d-TEMP,Rovigo,RO,Privato,https://www.subito.it/auto/seat-leon-fr-1-5-e-tsi-rovigo-630706859.htm
Seat Nuova Leon 5 porte Business 1.0 eTSI 110 CV,15000,Usato,02/2021,97000 Km,Mild Hybrid Benzina,Automatico,Euro 6d-TEMP,Lecce,LE,Privato,https://www.subito.it/auto/seat-nuova-leon-5-porte-business-1-0-etsi-110-cv-lecce-630422580.htm
Seat Leon ,16000,Usato,01/2021,71000 Km,Benzina,Manuale,Euro 6d-TEMP,Grugliasco,TO,Privato,https://www.subito.it/auto/seat-leon-torino-628549783.htm
Seat Leon st 2.0 tdi bussines,16900,Usato,09/2021,79000 Km,Diesel,Manuale,Euro 6b,Lamezia Terme,CZ,Privato,https://www.subito.it/auto/seat-leon-st-2-0-tdi-bussines-catanzaro-628143665.htm
Seat leon fr 130cv,20900,Usato,02/2023,37000 Km,Benzina/Metano,Manuale,Euro 6d-TEMP,Brescia,BS,Privato,https://www.subito.it/auto/seat-leon-fr-130cv-brescia-626233317.htm
Seat leon xcellence,17000,Usato,06/2021,57000 Km,Mild Hybrid Benzina,Automatico,Euro 6d-TEMP,Chiaravalle,AN,Privato,https://www.subito.it/auto/seat-leon-xcellence-ancona-625942503.htm
Seat leon  2022,11500,Usato,06/2022,75000 Km,Diesel,Manuale,Euro 6d-TEMP,Gela,CL,Privato,https://www.subito.it/auto/seat-leon-2022-caltanissetta-624611706.htm
Seat Leon 2.0 Tdi Dsg 150cv,14000,Usato,07/2021,160000 Km,Diesel,Automatico,Euro 6d-TEMP,Sassano,SA,Privato,https://www.subito.it/auto/seat-leon-2-0-tdi-dsg-150cv-salerno-622156661.htm
Seat Leon 1.0 TSI 90cv 2021,17000,Usato,03/2021,35000 Km,Benzina,Manuale,Euro 6,Padova,PD,Privato,https://www.subito.it/auto/seat-leon-1-0-tsi-90cv-2021-padova-621945986.htm
SEAT LEON ibrida 1.0 81kw/110cv NEOPATENTATI,13990,Usato,05/2022,143000 Km,Mild Hybrid Benzina,Automatico,Euro 6d,Milano,MI,Privato,https://www.subito.it/auto/seat-leon-ibrida-1-0-81kw-110cv-neopatentati-milano-621490070.htm
Seat leon sw FR4,18900,Usato,10/2022,80000 Km,Diesel,Automatico,Euro 6,San Miniato,PI,Privato,https://www.subito.it/auto/seat-leon-sw-fr4-pisa-597025506.htm
