Prezzo,Anni,Chilometraggio,Cambio,CV,Venditore,Distanza,is_Diesel vs Benzina,is_Ibrido vs Benzina,is_Metano vs Benzina,is_Elettrico vs Benzina,is_sport vs base,is_performance vs base,is_middle vs base,is NO vs NE,is Centro vs NE,is Sud_Isole vs NE
6945,5,3078000,0,150,1,157,1,0,0,0,0,0,1,0,0,0
7600,5,3080000,1,150,1,215,0,1,0,0,0,0,1,0,0,0
11900,5,1685000,1,150,1,127,0,0,1,0,0,0,1,0,0,0
11950,2,1942500,1,150,1,14,1,0,0,0,0,0,1,0,0,0
11500,4,2288350,1,150,1,228,0,0,1,0,0,0,1,0,1,0
12600,4,1620000,1,150,1,92,1,0,0,0,0,0,1,0,0,0
12900,4,1732800,0,150,1,114,1,0,0,0,0,0,1,1,0,0
12500,5,1540000,0,150,1,454,1,0,0,0,0,0,1,0,0,1
12900,3,1786850,1,150,1,86,1,0,0,0,0,0,1,0,0,0
12900,3,1754170,0,150,1,111,1,0,0,0,0,0,0,1,0,0
13990,3,1420740,1,150,1,131,1,0,0,0,0,0,1,0,0,0
13900,4,1444620,1,150,1,111,1,0,0,0,0,0,0,1,0,0
13500,4,1374000,0,150,0,93,1,0,0,0,1,0,0,0,0,0
13500,5,1410000,1,150,0,200,0,0,1,0,0,0,1,1,0,0
14000,4,1164330,1,150,1,175,1,0,0,0,0,0,0,1,0,0
13700,4,1235000,1,150,0,87,1,0,0,0,0,0,1,0,0,0
13700,5,1370000,1,150,0,89,1,0,0,0,0,0,1,0,0,0
13990,5,1226790,1,150,1,101,1,0,0,0,0,0,1,0,0,0
13200,4,2196490,1,150,1,238,1,0,0,0,0,0,1,0,0,0
13399,4,1700000,1,150,1,172,1,0,0,0,0,0,1,0,0,0
14000,5,1500000,1,150,1,239,1,0,0,0,0,0,1,0,0,0
13200,5,1491170,0,150,1,16,0,0,0,0,0,0,1,0,0,0
14000,4,1695000,1,150,1,239,1,0,0,0,0,0,1,0,0,0
13100,3,1900000,1,150,0,290,1,0,0,0,0,0,1,1,0,0
14291,5,1150000,1,150,1,123,1,0,0,0,0,0,1,0,0,0
14900,3,1590000,1,150,1,186,1,0,0,0,0,0,1,0,0,0
14467,5,811450,1,150,1,99,0,1,0,0,0,0,1,0,1,0
14200,5,1540000,0,150,0,124,1,0,0,0,0,0,1,0,0,0
14900,3,970000,0,150,1,326,1,0,0,0,0,0,1,0,1,0
14900,3,770000,1,150,1,74,1,0,0,0,0,0,0,0,0,0
14200,4,1128000,1,150,1,214,1,0,0,0,0,0,1,1,0,0
14900,4,1159350,1,150,1,98,1,0,0,0,0,0,1,0,0,0
15000,5,1220000,1,150,0,213,1,0,0,0,0,0,1,1,0,0
14950,3,1390000,1,150,1,193,1,0,0,0,0,0,1,0,0,0
14250,4,1149000,1,150,1,163,1,0,0,0,0,0,1,0,0,0
14900,4,1049220,1,150,1,81,1,0,0,0,0,0,1,0,0,0
14900,4,1080000,1,150,1,169,1,0,0,0,0,0,1,0,0,0
14900,4,1200000,1,150,1,215,1,0,0,0,0,0,1,0,0,0
14200,4,1610430,1,150,1,96,1,0,0,0,0,0,1,0,0,0
14900,4,1390460,1,150,1,127,1,0,0,0,0,0,1,0,0,0
14700,3,1287000,1,150,1,72,1,0,0,0,0,0,1,0,0,0
14500,4,1600000,0,150,1,141,1,0,0,0,0,0,0,0,0,0
14990,4,1278090,1,150,1,180,1,0,0,0,0,0,1,1,0,0
14400,4,1320000,1,150,1,215,1,0,0,0,0,0,1,0,0,0
14990,4,1278090,1,150,1,40,1,0,0,0,0,0,1,0,0,0
14900,5,1513820,1,150,1,99,1,0,0,0,0,0,1,0,0,0
15900,4,1052860,1,150,1,121,0,0,1,0,0,0,0,1,0,0
15900,5,1450000,1,150,1,177,1,0,0,0,0,0,1,1,0,0
15500,5,800000,1,150,0,271,0,1,0,0,0,0,1,1,0,0
15980,5,590000,0,150,1,326,0,0,0,0,0,0,1,0,1,0
15300,5,1377000,1,150,1,109,1,0,0,0,0,0,1,0,0,0
15500,5,1550000,1,150,0,61,1,0,0,0,0,0,1,1,0,0
15500,2,1553000,1,150,1,72,1,0,0,0,0,0,1,0,0,0
15900,5,1250000,1,150,0,101,0,1,0,0,0,0,1,0,0,0
15800,3,803710,1,150,1,454,0,1,0,0,0,0,1,0,0,1
15900,5,501580,0,150,1,193,0,0,0,0,0,0,1,1,0,0
15600,4,1240000,1,150,1,215,0,1,0,0,0,0,1,0,0,0
15400,5,944130,1,150,1,276,1,0,0,0,0,0,1,1,0,0
15600,4,1003000,1,150,1,96,1,0,0,0,0,0,0,0,0,0
15200,4,1260000,1,150,1,131,1,0,0,0,0,0,1,0,0,0
15500,3,1076000,0,150,1,163,1,0,0,0,0,0,0,0,0,0
15900,3,1263050,1,150,1,226,1,0,0,0,0,0,1,0,0,0
15900,5,1243270,0,150,1,103,1,0,0,0,0,0,1,0,0,0
15500,5,867740,1,150,1,276,0,1,0,0,0,0,1,1,0,0
16000,5,1330000,1,150,1,133,0,0,1,0,0,0,1,0,0,0
15900,5,921140,1,150,1,121,0,1,0,0,0,0,1,1,0,0
15400,5,1550000,1,150,1,137,1,0,0,0,0,0,1,1,0,0
15990,3,931390,1,150,1,180,1,0,0,0,0,0,1,1,0,0
15990,3,931390,1,150,1,40,1,0,0,0,0,0,1,0,0,0
15900,3,1229500,1,150,1,276,1,0,0,0,0,0,1,1,0,0
15990,3,931390,1,150,1,27,1,0,0,0,0,0,1,0,0,0
15900,5,1747860,1,150,1,228,0,0,1,0,0,0,1,0,1,0
15500,4,1340690,1,150,1,184,1,0,0,0,0,0,1,0,0,0
16000,4,1632200,1,150,0,326,1,0,0,0,0,0,1,0,1,0
16290,4,544510,1,150,1,81,0,1,0,0,0,0,0,0,0,0
16950,4,861220,1,150,1,74,0,1,0,0,0,0,1,0,0,0
16500,4,1350000,1,150,1,121,1,0,0,0,0,0,1,0,0,0
16900,4,806560,1,150,1,276,1,0,0,0,0,0,1,1,0,0
16800,3,1260000,1,150,1,186,1,0,0,0,0,0,0,0,0,0
16100,5,400000,0,150,0,178,0,0,0,0,0,0,1,1,0,0
16800,5,750000,0,150,1,121,1,0,0,0,0,0,1,1,0,0
16900,3,650000,1,150,1,74,1,0,0,0,0,0,1,0,0,0
16890,3,902000,1,150,1,186,1,0,0,0,0,0,1,0,0,0
16500,3,810000,1,150,1,97,1,0,0,0,0,0,1,0,0,0
16950,4,767200,1,150,1,135,1,0,0,0,0,0,1,0,0,0
16400,5,1500000,0,150,0,149,1,0,0,0,1,0,0,0,0,0
16500,4,602000,1,150,1,176,0,1,0,0,0,0,1,0,1,0
16500,4,875550,1,150,1,219,1,0,0,0,0,0,1,0,0,0
16100,5,831350,1,150,1,276,1,0,0,0,0,0,1,1,0,0
17000,2,1490000,1,150,0,131,1,0,0,0,0,0,1,0,0,0
16990,3,830000,1,150,1,40,1,0,0,0,1,0,0,0,0,0
16900,5,501580,0,150,1,193,0,0,0,0,0,0,1,1,0,0
16990,4,900000,0,150,1,56,1,0,0,0,0,0,1,1,0,0
16900,3,1219470,1,150,1,96,1,0,0,0,0,0,1,0,0,0
16900,5,967910,1,150,1,121,1,0,0,0,0,0,1,1,0,0
16600,4,1166780,1,150,1,121,1,0,0,0,0,0,1,1,0,0
16900,3,962910,1,150,1,96,1,0,0,0,0,0,1,0,0,0
16490,5,1470000,1,150,1,127,1,0,0,0,0,0,1,1,0,0
16300,3,800000,0,150,1,72,1,0,0,0,0,0,0,1,0,0
16900,3,1134000,0,150,1,386,1,0,0,0,0,0,1,0,1,0
16990,4,1300000,1,150,1,304,1,0,0,0,0,0,1,0,0,1
17000,3,1008960,1,150,1,176,1,0,0,0,0,0,1,0,1,0
16790,5,924660,1,150,1,163,1,0,0,0,0,0,0,0,0,0
16500,5,1105000,1,150,1,228,1,0,0,0,0,0,1,0,1,0
16900,3,964290,1,150,1,204,1,0,0,0,0,0,0,1,0,0
16900,5,1163100,1,150,1,389,1,0,0,0,0,0,0,0,0,1
17600,3,644500,0,150,1,101,1,0,0,0,0,0,0,0,0,0
17900,3,913840,1,150,1,92,0,1,0,0,0,0,1,0,1,0
17950,3,893380,1,150,1,65,1,0,0,0,0,0,1,0,0,0
17099,3,1137380,1,150,1,86,1,0,0,0,0,0,1,0,0,0
17999,5,649990,1,150,0,86,0,0,1,0,0,0,1,0,0,0
17300,3,764050,0,150,1,173,1,0,0,0,0,0,1,1,0,0
17900,3,847210,1,150,1,276,1,0,0,0,0,0,1,1,0,0
17999,4,679770,1,150,1,125,1,0,0,0,0,0,1,0,0,0
17900,2,790000,1,150,1,112,1,0,0,0,0,0,1,0,0,0
17500,5,1040000,0,150,0,61,0,0,0,0,0,0,1,1,0,0
17600,3,738460,0,150,1,276,1,0,0,0,0,0,1,1,0,0
17900,4,1387690,1,150,1,86,1,0,0,0,0,0,1,0,0,0
17900,3,720000,1,150,1,129,1,0,0,0,0,0,1,1,0,0
17900,2,990000,1,150,1,104,1,0,0,0,0,0,1,1,0,0
17990,4,690000,1,150,1,65,1,0,0,0,1,0,0,0,0,0
17390,4,1007540,1,150,1,16,0,0,1,0,0,0,1,0,0,0
17800,4,550610,1,150,1,93,0,1,0,0,0,0,1,0,1,0
17400,3,897590,1,150,1,204,1,0,0,0,0,0,0,0,0,0
17990,5,990000,0,150,1,233,1,0,0,0,0,0,1,1,0,0
17099,3,1137380,1,150,1,25,1,0,0,0,0,0,1,0,0,0
17400,4,1000000,1,150,0,483,1,0,0,0,0,0,1,0,0,1
17800,5,1120000,1,150,1,155,1,0,0,0,0,0,1,0,0,0
17100,3,1070250,1,150,1,96,1,0,0,0,0,0,1,0,0,0
17990,4,1080000,1,150,1,228,1,0,0,0,0,0,1,0,1,0
17099,3,1137380,1,150,1,99,1,0,0,0,0,0,1,0,1,0
17290,5,530000,1,150,1,326,0,1,0,0,0,0,1,0,1,0
17099,3,1137380,1,150,1,177,1,0,0,0,0,0,1,1,0,0
17500,3,1260000,1,150,1,614,1,0,0,0,0,0,0,0,0,1
17099,3,1137380,1,150,1,326,1,0,0,0,0,0,1,0,1,0
17900,3,870000,1,150,1,215,1,0,0,0,0,0,0,0,0,0
18000,3,900000,1,150,1,169,1,0,0,0,0,0,1,0,0,0
17099,3,1137380,1,150,1,628,1,0,0,0,0,0,1,0,0,1
17099,3,1137380,1,150,1,283,1,0,0,0,0,0,1,1,0,0
18000,5,1410000,1,150,0,381,1,0,0,0,0,0,1,0,1,0
18999,2,990000,1,150,1,92,1,0,0,0,1,0,0,0,0,0
18590,5,772940,1,150,1,127,1,0,0,0,0,0,1,0,0,0
18900,3,661150,0,150,1,86,1,0,0,0,0,0,1,0,0,0
18900,2,620880,1,150,1,194,1,0,0,0,0,0,1,1,0,0
18500,5,615000,1,150,0,34,0,1,0,0,0,0,1,1,0,0
19000,2,799000,1,150,1,119,1,0,0,0,0,0,1,0,0,0
19000,3,850000,1,150,0,123,1,0,0,0,0,0,1,0,0,0
18480,4,798590,1,150,1,253,0,0,1,0,0,0,1,0,1,0
18999,5,920000,0,150,0,533,1,0,0,0,0,0,1,0,0,1
18500,4,666000,0,150,1,200,0,0,0,0,0,0,1,0,1,0
18970,5,1689950,1,150,1,147,1,0,0,0,0,1,0,0,0,0
18990,3,974150,1,150,1,106,1,0,0,0,0,0,1,1,0,0
18500,4,750000,1,150,0,9,1,0,0,0,0,0,1,0,0,0
18500,2,695950,1,150,1,106,1,0,0,0,0,0,0,0,1,0
18500,2,809230,1,150,1,154,1,0,0,0,0,0,1,0,0,0
18900,3,922390,1,150,1,103,1,0,0,0,0,0,1,0,0,0
19000,3,746370,1,150,1,154,1,0,0,0,0,0,1,0,0,0
19000,3,746370,1,150,1,154,1,0,0,0,0,0,1,0,0,0
18500,5,640000,1,150,1,164,0,0,1,0,0,0,1,0,1,0
18900,3,1030000,1,150,0,178,1,0,0,0,1,0,0,1,0,0
18900,5,952000,1,150,1,86,1,0,0,0,0,0,1,0,0,0
18600,5,2150000,1,150,1,215,0,1,0,0,0,1,0,0,0,0
18900,3,863670,1,150,1,127,1,0,0,0,0,0,1,0,0,0
18500,5,600000,0,150,1,160,1,0,0,0,0,0,0,1,0,0
18600,3,936240,1,150,1,169,1,0,0,0,0,0,1,0,0,0
19000,3,998000,0,150,1,126,1,0,0,0,0,0,1,0,0,0
18990,3,808950,1,150,1,106,1,0,0,0,0,0,1,1,0,0
18590,3,1095320,1,150,1,163,1,0,0,0,0,0,1,0,0,0
18900,5,1119080,1,150,1,239,0,0,1,0,0,0,0,0,1,0
18600,3,790000,1,150,1,207,1,0,0,0,0,0,0,0,0,0
19000,5,1030000,1,150,1,236,0,0,1,0,0,0,1,0,1,0
19900,3,580000,1,150,1,162,1,0,0,0,0,0,1,1,0,0
19500,2,644870,1,150,1,174,1,0,0,0,0,0,0,1,0,0
19700,3,601950,1,150,1,276,1,0,0,0,0,0,1,1,0,0
19900,3,544280,0,150,1,142,0,0,0,0,0,0,0,0,0,0
19500,5,620000,1,150,0,119,0,1,0,0,0,0,1,0,0,0
19900,2,358000,0,150,1,160,1,0,0,0,0,0,0,1,0,0
19450,3,593000,0,150,1,177,0,0,0,0,0,0,0,1,0,0
19400,3,1177690,1,150,1,106,1,0,0,0,1,0,0,0,1,0
19900,4,703830,1,150,1,86,0,0,1,0,0,0,0,0,0,0
19900,4,700000,1,150,1,214,1,0,0,0,1,0,0,1,0,0
19900,2,1135000,1,150,1,127,1,0,0,0,0,0,1,0,0,0
19500,2,644870,1,150,1,177,1,0,0,0,0,0,0,1,0,0
19490,3,599900,1,150,1,188,1,0,0,0,0,0,1,1,0,0
19900,3,864550,1,150,1,163,1,0,0,0,0,0,1,0,0,0
19950,3,651870,1,150,1,163,1,0,0,0,0,0,1,0,0,0
19950,3,1099000,1,150,1,206,1,0,0,0,0,0,1,0,0,0
19900,4,1010000,1,150,1,236,0,0,1,0,0,0,1,0,1,0
19950,3,651870,1,150,1,201,1,0,0,0,0,0,1,0,0,0
19500,2,755020,1,150,1,154,1,0,0,0,0,0,1,0,0,0
19500,4,862110,1,150,1,377,1,0,0,0,0,0,1,0,0,1
19200,3,571930,0,150,1,222,0,0,0,0,0,0,1,1,0,0
19999,4,899000,1,150,1,163,1,0,0,0,0,0,1,0,0,0
20690,4,1321400,1,150,1,40,1,0,0,0,0,1,0,0,0,0
20900,3,283430,1,150,1,25,0,1,0,0,0,0,1,0,0,0
21000,1,120000,0,150,0,326,0,0,0,0,0,0,1,0,1,0
20400,4,474110,1,150,1,193,0,0,1,0,0,0,1,1,0,0
20900,3,505590,1,150,1,25,1,0,0,0,0,0,1,0,0,0
20900,5,395720,1,150,1,228,0,0,1,0,0,0,1,0,1,0
20890,4,749980,1,150,1,86,0,1,0,0,0,0,1,0,0,0
20690,4,1321400,1,150,1,27,1,0,0,0,0,1,0,0,0,0
20450,3,238190,1,150,1,326,1,0,0,0,0,0,1,0,1,0
20400,4,474110,1,150,1,193,0,0,0,0,0,0,1,1,0,0
20690,4,1321400,1,150,1,180,1,0,0,0,0,1,0,1,0,0
20900,3,980000,1,150,1,86,1,0,0,0,0,0,1,0,0,0
20900,4,570920,1,150,1,87,1,0,0,0,0,0,1,0,0,0
20999,4,650000,1,150,1,54,1,0,0,0,0,0,1,0,0,0
21000,2,630000,1,150,0,326,1,0,0,0,0,0,1,0,1,0
20900,3,449960,1,150,1,89,0,1,0,0,0,0,1,0,0,0
20600,4,897120,1,150,1,22,0,0,1,0,0,0,1,0,0,0
20990,2,626480,1,150,1,40,1,0,0,0,0,0,1,0,0,0
20900,5,777960,1,150,1,246,0,0,1,0,0,0,0,0,1,0
20450,3,808000,1,150,1,163,1,0,0,0,0,0,1,0,0,0
20990,2,626480,1,150,1,27,1,0,0,0,0,0,1,0,0,0
20990,2,626480,1,150,1,180,1,0,0,0,0,0,1,1,0,0
20500,3,863640,1,150,1,154,1,0,0,0,0,0,1,0,0,0
21900,2,280000,1,150,1,16,0,1,0,0,0,0,1,0,0,0
21900,2,390000,1,150,1,111,0,0,1,0,0,0,1,1,0,0
21900,3,592460,0,150,1,177,1,0,0,0,1,0,0,1,0,0
22000,4,1277950,1,150,1,86,1,0,0,0,0,1,0,0,0,0
21800,4,474110,1,150,1,193,0,0,1,0,0,0,1,1,0,0
21990,3,587190,1,150,1,272,1,0,0,0,0,0,1,0,1,0
21900,4,542260,1,150,1,92,0,0,1,0,0,0,1,0,1,0
22000,4,720000,1,150,0,17,0,0,1,0,0,0,1,0,0,0
22000,3,600000,1,150,1,164,0,1,0,0,0,0,1,0,1,0
21990,3,587190,1,150,1,377,1,0,0,0,0,0,1,0,0,1
21800,4,474110,1,150,1,193,0,0,0,0,0,0,1,1,0,0
21800,5,908000,1,150,1,237,0,0,1,0,0,0,1,0,1,0
21800,4,870000,1,150,1,286,1,0,0,0,0,0,1,1,0,0
21300,3,910000,0,150,1,83,1,0,0,0,0,0,1,0,1,0
21900,3,495000,1,150,1,25,1,0,0,0,0,0,1,0,0,0
21990,3,587190,1,150,1,412,1,0,0,0,0,0,1,0,0,1
21380,4,985000,1,150,1,137,1,0,0,0,0,0,1,1,0,0
21490,3,863670,1,150,1,127,1,0,0,0,0,0,1,0,0,0
22300,3,543070,1,150,1,89,1,0,0,0,0,0,1,0,0,0
22900,1,235160,1,150,1,121,1,0,0,0,0,0,1,0,0,0
22900,2,248190,0,150,1,83,0,0,0,0,0,0,1,0,1,0
22800,3,876000,1,150,1,135,1,0,0,0,0,0,1,0,0,0
22700,5,560000,1,150,1,233,0,1,0,0,0,1,0,1,0,0
22900,2,443510,1,150,1,698,1,0,0,0,0,0,1,0,0,1
22900,2,401570,0,150,1,103,1,0,0,0,0,0,1,0,0,0
22704,1,263000,0,150,1,165,1,0,0,0,0,0,1,1,0,0
22900,3,583410,0,150,1,223,1,0,0,0,1,0,0,0,1,0
22400,3,505820,1,150,1,177,0,1,0,0,0,0,1,1,0,0
22600,2,643870,0,150,1,16,1,0,0,0,0,0,1,0,0,0
22700,3,674840,1,150,1,222,0,1,0,0,0,0,1,1,0,0
22900,2,443510,1,150,1,698,1,0,0,0,0,0,1,0,0,1
22900,3,535000,1,150,1,165,1,0,0,0,0,0,0,1,0,0
22200,3,308330,1,150,1,89,0,0,0,0,0,0,1,0,0,0
22799,2,190220,1,150,1,99,0,0,0,0,0,0,1,0,1,0
22500,2,1283240,1,150,1,164,1,0,0,0,0,0,1,0,1,0
23900,2,249000,1,150,1,299,1,0,0,0,0,0,1,1,0,0
23900,3,488790,1,150,1,326,0,1,0,0,0,0,1,0,1,0
23400,5,1130000,0,150,0,222,1,0,0,0,0,0,1,1,0,0
23900,3,787300,1,150,1,103,1,0,0,0,0,0,1,0,0,0
23400,5,1045890,1,150,1,177,0,0,0,0,0,1,0,1,0,0
23400,3,330600,1,150,1,177,0,1,0,0,0,0,1,1,0,0
23500,4,840000,1,150,0,102,0,0,1,0,0,0,1,1,0,0
23900,4,1250000,1,150,1,157,1,0,0,0,0,1,0,0,0,0
23900,3,4220,0,150,1,178,1,0,0,0,0,0,1,1,0,0
23900,1,435560,1,150,1,226,1,0,0,0,0,0,1,0,0,0
23900,1,419830,0,150,1,226,1,0,0,0,0,0,1,0,0,0
23500,3,191980,0,150,1,288,0,0,0,0,0,0,1,1,0,0
23700,2,631530,1,150,1,223,1,0,0,0,0,0,1,0,1,0
23400,3,612810,1,150,1,177,1,0,0,0,0,0,1,1,0,0
23300,2,510860,1,150,1,64,1,0,0,0,0,0,1,1,0,0
23900,1,409740,0,150,1,226,1,0,0,0,0,0,1,0,0,0
23800,2,438500,1,150,1,64,1,0,0,0,0,0,1,1,0,0
24800,3,392960,1,150,1,132,1,0,0,0,0,0,1,0,0,0
24520,2,500970,1,150,1,127,1,0,0,0,0,0,1,0,0,0
24950,5,320000,0,150,0,67,1,0,0,0,0,0,1,0,0,0
25000,5,930000,1,150,0,174,0,1,0,0,0,1,0,0,0,0
24726,2,250820,1,150,1,190,1,0,0,0,0,0,1,1,0,0
24800,3,876000,1,150,1,135,1,0,0,0,0,0,1,0,0,0
25000,1,235000,0,150,0,147,0,0,0,0,0,0,1,1,0,0
24900,2,220000,1,150,1,87,1,0,0,0,0,0,1,0,0,0
24726,2,250820,1,150,1,116,1,0,0,0,0,0,1,0,0,0
24490,1,250000,1,150,1,276,1,0,0,0,0,0,1,1,0,0
24726,2,250820,1,150,1,187,1,0,0,0,0,0,1,1,0,0
24700,3,319200,0,150,1,89,1,0,0,0,0,0,0,0,0,0
24900,1,150,1,150,1,533,0,1,0,0,0,0,1,0,0,1
24726,2,250820,1,150,1,177,1,0,0,0,0,0,1,1,0,0
24450,3,427930,1,150,1,288,0,1,0,0,0,0,1,1,0,0
25790,2,196870,1,150,1,101,1,0,0,0,0,0,1,0,0,0
25900,2,220500,1,150,1,101,1,0,0,0,0,0,1,0,0,0
25500,2,390000,1,150,1,283,1,0,0,0,0,0,1,0,1,0
26000,2,240000,1,150,0,77,1,0,0,0,0,0,1,0,0,0
25700,1,268270,1,150,1,55,1,0,0,0,0,0,1,0,0,0
26000,2,277000,1,150,0,89,1,0,0,0,0,0,1,0,0,0
25500,3,721000,1,150,0,146,1,0,0,0,1,0,0,0,1,0
25900,2,163700,1,150,1,102,1,0,0,0,0,0,1,0,0,0
25400,2,280400,1,150,1,120,1,0,0,0,0,0,1,0,1,0
26000,2,183300,1,150,1,651,1,0,0,0,0,0,1,0,0,1
25800,2,317500,1,150,1,200,1,0,0,0,0,0,1,0,1,0
25200,2,323000,1,150,1,204,1,0,0,0,0,0,1,0,0,0
25900,3,523090,1,150,1,206,1,0,0,0,1,0,0,0,0,0
25900,4,764000,1,150,1,204,1,0,0,0,0,0,0,0,0,0
26900,1,180000,1,150,1,101,1,0,0,0,0,0,1,0,0,0
26900,5,630000,1,150,1,123,1,0,0,0,0,1,0,0,0,0
26500,4,566850,1,150,1,64,1,0,0,0,0,0,1,1,0,0
26500,2,830000,1,150,0,106,0,0,1,0,0,0,1,0,1,0
26900,1,101430,1,150,1,65,1,0,0,0,0,0,1,0,0,0
26900,1,233170,1,150,1,103,1,0,0,0,0,0,1,0,0,0
27000,0,75000,0,150,0,180,1,0,0,0,0,0,1,0,1,0
26900,1,370000,1,150,1,86,1,0,0,0,0,0,1,0,0,0
26900,1,180000,1,150,1,123,1,0,0,0,0,0,1,0,0,0
26900,1,159410,1,150,1,276,1,0,0,0,0,0,1,1,0,0
26500,2,186000,1,150,1,246,1,0,0,0,0,0,1,1,0,0
26500,1,204140,1,150,1,106,1,0,0,0,0,0,1,0,1,0
27000,1,193330,1,150,1,182,1,0,0,0,0,0,1,0,0,0
26990,1,270000,1,150,1,190,1,0,0,0,0,0,1,1,0,0
26250,2,335060,1,150,1,222,1,0,0,0,0,0,1,0,0,0
26950,2,352900,1,150,1,222,1,0,0,0,0,0,1,0,0,0
26900,1,168890,1,150,1,611,1,0,0,0,0,0,1,0,0,1
26900,1,285500,1,150,1,65,1,0,0,0,0,0,1,0,0,0
26950,2,399500,1,150,1,222,1,0,0,0,0,0,1,0,0,0
27600,1,205380,1,150,1,381,1,0,0,0,0,0,1,0,1,0
27500,1,164110,1,150,1,99,1,0,0,0,0,0,1,0,0,0
27900,1,126450,1,150,1,383,1,0,0,0,0,0,1,0,1,0
27900,5,793460,1,150,1,101,1,0,0,0,0,1,0,0,0,0
27900,1,242890,1,150,1,383,1,0,0,0,0,0,1,0,1,0
28000,3,443600,1,150,0,121,1,0,0,0,0,1,0,1,0,0
27700,3,810000,1,150,1,160,1,0,0,0,0,1,0,0,0,0
27990,1,236650,1,150,1,128,1,0,0,0,0,0,1,0,0,0
27500,1,205570,1,150,1,89,1,0,0,0,0,0,1,0,0,0
27490,1,101290,1,150,1,163,1,0,0,0,0,0,1,0,0,0
27500,1,210160,1,150,1,92,1,0,0,0,0,0,1,0,1,0
27900,1,247610,1,150,1,206,1,0,0,0,0,0,1,0,0,0
27500,1,100000,0,150,0,247,1,0,0,0,0,0,1,0,1,0
27500,1,242540,1,150,1,99,1,0,0,0,0,0,1,0,0,0
27500,2,556780,1,150,0,208,1,0,0,0,0,0,1,0,1,0
27900,1,229000,1,150,1,114,1,0,0,0,0,0,1,1,0,0
27900,1,261000,1,150,1,683,1,0,0,0,0,0,1,0,0,1
27500,2,269300,1,150,1,83,1,0,0,0,0,0,1,0,1,0
27490,1,197330,1,150,1,127,1,0,0,0,0,0,1,0,0,0
27500,1,281570,1,150,1,201,1,0,0,0,0,0,1,1,0,0
27400,2,243620,1,150,1,241,1,0,0,0,0,0,1,0,0,0
27900,2,189000,1,150,1,241,1,0,0,0,0,0,1,0,0,0
27900,2,165600,1,150,1,241,1,0,0,0,0,0,1,0,0,0
29000,2,298000,1,150,1,126,1,0,0,0,0,0,1,0,0,0
28700,3,380000,0,150,0,162,0,0,0,0,0,1,0,1,0,0
29000,4,720000,1,150,1,160,1,0,0,0,0,1,0,0,0,0
28500,2,230000,1,150,0,40,0,1,0,0,0,0,1,0,0,0
28900,1,243000,1,150,1,114,1,0,0,0,0,0,1,1,0,0
28200,3,738170,1,150,1,226,1,0,0,0,0,0,1,0,0,0
28400,1,100000,1,150,1,160,1,0,0,0,0,0,1,0,1,0
28500,5,800000,1,150,0,270,1,0,0,0,0,1,0,1,0,0
28500,1,219000,1,150,1,245,1,0,0,0,0,0,1,1,0,0
29000,2,130000,1,150,1,105,1,0,0,0,0,0,1,0,1,0
28900,1,191380,1,150,1,99,1,0,0,0,0,0,1,0,0,0
28900,1,153390,1,150,1,683,1,0,0,0,0,0,1,0,0,1
28500,1,197610,1,150,1,683,1,0,0,0,0,0,1,0,0,1
29950,0,500,1,150,1,83,0,1,0,0,0,0,1,0,1,0
29599,2,627650,1,150,1,177,1,0,0,0,0,1,0,1,0,0
29599,2,627650,1,150,1,99,1,0,0,0,0,1,0,0,1,0
29599,2,627650,1,150,1,326,1,0,0,0,0,1,0,0,1,0
29900,2,751030,1,150,1,106,1,0,0,0,0,1,0,0,1,0
29900,4,660000,1,150,1,215,0,0,0,0,0,1,0,1,0,0
29900,5,832000,1,150,1,204,1,0,0,0,0,1,0,0,0,0
29900,0,120,1,150,1,178,0,1,0,0,0,0,1,1,0,0
29900,4,738960,1,150,1,226,1,0,0,0,0,1,0,0,0,0
29950,4,419000,1,150,1,14,1,0,0,0,1,0,0,0,0,0
29599,2,627650,1,150,1,628,1,0,0,0,0,1,0,0,0,1
29599,2,627650,1,150,1,283,1,0,0,0,0,1,0,1,0,0
29950,0,500,1,150,1,83,0,1,0,0,0,0,1,0,1,0
29599,2,627650,1,150,1,25,1,0,0,0,0,1,0,0,0,0
29999,2,355000,1,150,0,25,1,0,0,0,0,0,1,0,0,0
29599,2,627650,1,150,1,485,1,0,0,0,0,1,0,0,0,1
29400,0,10,1,150,1,276,0,1,0,0,0,0,1,1,0,0
29900,1,227480,1,150,1,83,1,0,0,0,0,0,1,0,1,0
14900,5,169200,1,130,1,872,0,0,1,0,0,0,1,0,0,1
17800,5,59400,0,150,1,105,0,0,0,0,0,0,1,0,1,0
19500,5,130000,1,130,1,164,0,0,1,0,0,0,1,0,1,0
19500,5,58700,0,150,1,105,0,0,0,0,0,0,1,0,1,0
22500,5,35955,1,110,1,164,0,1,0,0,0,0,0,0,1,0
24000,5,49115,0,150,1,164,1,0,0,0,0,0,0,0,1,0
24500,5,60000,1,130,1,164,0,0,1,0,0,0,1,0,1,0
24800,2,15500,1,150,1,105,0,0,0,1,0,0,0,0,1,0
24900,4,79000,0,150,1,754,1,0,0,0,0,0,1,0,0,1
28500,5,12000,1,150,1,164,0,1,0,0,0,0,1,0,1,0
28900,2,19236,1,150,1,188,1,0,0,0,0,0,1,0,0,0
5900,0,200000,0,115,1,122,0,0,0,0,0,0,1,0,0,0
7600,5,308000,1,110,1,215,0,1,0,0,0,0,1,0,0,0
9400,5,308000,1,110,1,215,0,1,0,0,0,0,1,0,0,0
11800,5,195000,1,150,1,326,0,0,1,0,0,0,1,0,1,0
12200,4,160000,1,150,1,252,1,0,0,0,0,0,1,1,0,0
12600,4,162000,1,150,1,85,1,0,0,0,0,0,1,0,0,0
12900,4,173280,0,150,1,114,1,0,0,0,0,0,1,1,0,0
12900,3,178685,1,150,1,86,1,0,0,0,0,0,1,0,0,0
13200,5,149117,0,110,1,40,0,0,0,0,0,0,1,0,0,0
13200,4,219649,1,150,1,238,1,0,0,0,0,0,1,0,0,0
13900,3,156728,1,115,1,608,1,0,0,0,0,0,0,0,0,1
14200,4,112800,1,150,1,205,1,0,0,0,0,0,1,1,0,0
14400,4,132000,1,115,1,215,1,0,0,0,0,0,1,0,0,0
14499,5,159000,1,150,1,279,1,0,0,0,0,0,1,1,0,0
14500,3,153893,1,150,1,94,1,0,0,0,0,0,1,1,0,0
14500,4,170000,1,150,1,228,1,0,0,0,0,0,0,0,0,0
14500,4,158000,1,150,1,85,1,0,0,0,0,0,1,0,0,0
14700,3,120000,1,150,1,75,1,0,0,0,0,0,1,0,0,0
14800,5,150000,1,150,1,236,1,0,0,0,0,0,1,0,0,0
14900,4,115935,1,150,1,101,1,0,0,0,0,0,1,0,0,0
14900,3,189000,1,150,1,111,1,0,0,0,0,0,1,0,1,0
14900,4,120000,1,115,1,215,1,0,0,0,0,0,1,0,0,0
14900,5,151382,1,115,1,99,1,0,0,0,0,0,1,0,0,0
14900,3,77000,1,116,1,74,1,0,0,0,0,0,0,0,0,0
14990,4,127809,1,116,1,40,1,0,0,0,0,0,1,0,0,0
14990,4,127809,1,116,1,180,1,0,0,0,0,0,1,1,0,0
15200,4,126000,1,150,1,96,1,0,0,0,0,0,1,0,0,0
15400,5,94413,1,150,1,276,1,0,0,0,0,0,1,1,0,0
15500,4,160000,0,150,1,141,1,0,0,0,0,0,0,0,0,0
15500,4,134069,1,115,1,184,1,0,0,0,0,0,1,0,0,0
15500,4,160000,0,150,1,511,1,0,0,0,0,0,0,0,0,1
15500,3,107600,0,116,1,146,1,0,0,0,0,0,0,0,0,0
15600,4,100300,1,150,1,96,1,0,0,0,0,0,0,0,0,0
15600,4,124000,1,204,1,215,0,1,0,0,0,0,1,0,0,0
15900,5,143000,0,150,1,131,1,0,0,0,0,0,1,1,0,0
15900,5,92114,1,110,1,121,0,1,0,0,0,0,1,1,0,0
15900,3,122950,1,150,1,276,1,0,0,0,0,0,1,1,0,0
15900,5,50158,0,110,1,193,0,0,0,0,0,0,1,1,0,0
15990,3,93139,1,116,1,40,1,0,0,0,0,0,1,0,0,0
15990,3,93139,1,116,1,180,1,0,0,0,0,0,1,1,0,0
16000,5,133000,1,130,1,137,0,0,1,0,0,0,1,0,0,0
16100,5,83135,1,150,1,276,1,0,0,0,0,0,1,1,0,0
16300,3,80000,0,150,1,72,1,0,0,0,0,0,0,1,0,0
16490,4,118894,1,150,1,424,1,0,0,0,1,0,0,0,0,1
16500,5,110500,1,150,1,228,1,0,0,0,0,0,1,0,1,0
16500,4,134000,1,150,1,229,1,0,0,0,0,0,1,0,0,0
16500,4,60200,1,110,1,176,0,1,0,0,0,0,1,0,1,0
16500,3,81000,1,150,1,97,1,0,0,0,0,0,1,0,0,0
16790,5,92466,1,115,1,141,1,0,0,0,0,0,0,0,0,0
16800,3,126000,1,116,1,173,1,0,0,0,0,0,0,0,0,0
16800,3,126000,1,116,1,186,1,0,0,0,0,0,0,0,0,0
16800,3,126000,1,116,1,186,1,0,0,0,0,0,0,0,0,0
16800,3,105011,1,115,1,611,1,0,0,0,0,0,0,0,0,1
16800,3,107889,1,115,1,611,1,0,0,0,0,0,0,0,0,1
16800,4,156084,1,150,1,750,1,0,0,0,0,0,1,0,0,1
16890,3,90200,1,150,1,186,1,0,0,0,0,0,1,0,0,0
16900,5,104000,1,150,1,724,1,0,0,0,0,0,1,0,0,1
16900,3,113400,0,150,1,386,1,0,0,0,0,0,1,0,1,0
16900,4,80656,1,115,1,276,1,0,0,0,0,0,1,1,0,0
16900,5,50158,0,110,1,193,0,0,0,0,0,0,1,1,0,0
16990,4,90000,0,150,1,56,1,0,0,0,0,0,1,1,0,0
17000,3,100896,1,150,1,176,1,0,0,0,0,0,1,0,1,0
17099,3,113738,1,150,1,86,1,0,0,0,0,0,1,0,0,0
17099,3,113738,1,150,1,283,1,0,0,0,0,0,1,1,0,0
17099,3,113738,1,150,1,490,1,0,0,0,0,0,1,0,0,1
17099,3,113738,1,150,1,750,1,0,0,0,0,0,1,0,0,1
17099,3,113738,1,150,1,861,1,0,0,0,0,0,1,0,0,1
17099,3,113738,1,150,1,485,1,0,0,0,0,0,1,0,0,1
17099,3,113738,1,150,1,127,1,0,0,0,0,0,1,0,0,0
17099,3,113738,1,150,1,611,1,0,0,0,0,0,1,0,0,1
17099,3,113738,1,150,1,326,1,0,0,0,0,0,1,0,1,0
17099,3,113738,1,150,1,99,1,0,0,0,0,0,1,0,1,0
17099,3,113738,1,150,1,628,1,0,0,0,0,0,1,0,0,1
17099,3,113738,1,150,1,177,1,0,0,0,0,0,1,1,0,0
17290,5,53000,1,110,1,326,0,1,0,0,0,0,1,0,1,0
17500,4,95433,1,150,1,608,1,0,0,0,0,0,1,0,0,1
17500,3,94347,1,150,1,386,1,0,0,0,0,0,1,0,1,0
17500,3,64500,1,115,1,377,1,0,0,0,0,0,1,0,0,1
17500,3,126000,1,115,1,608,1,0,0,0,0,0,0,0,0,1
17500,3,126000,1,115,1,614,1,0,0,0,0,0,0,0,0,1
17600,3,73846,0,115,1,276,1,0,0,0,0,0,1,1,0,0
17800,4,161000,1,130,1,237,0,0,1,0,0,0,0,0,1,0
17900,4,137000,1,150,1,141,1,0,0,0,0,0,1,0,0,0
17900,2,79000,1,116,1,112,1,0,0,0,0,0,1,0,0,0
17900,2,99000,1,150,1,104,1,0,0,0,0,0,1,1,0,0
17900,3,84721,1,150,1,276,1,0,0,0,0,0,1,1,0,0
17900,4,138769,1,150,1,86,1,0,0,0,0,0,1,0,0,0
17900,3,87000,1,115,1,215,1,0,0,0,0,0,0,0,0,0
17900,3,72000,1,116,1,129,1,0,0,0,0,0,1,1,0,0
17980,5,119600,0,150,1,237,1,0,0,0,0,0,0,0,1,0
17990,5,99000,0,115,1,233,1,0,0,0,0,0,1,1,0,0
17990,4,108000,1,150,1,234,1,0,0,0,0,0,1,0,1,0
17990,4,69000,1,150,1,65,1,0,0,0,1,0,0,0,0,0
18000,3,81528,1,115,1,611,1,0,0,0,0,0,1,0,0,1
18400,5,83243,0,110,1,276,0,0,0,0,0,0,1,1,0,0
18499,3,97000,0,116,1,120,1,0,0,0,0,0,0,0,0,0
18500,2,80923,1,116,1,154,1,0,0,0,0,0,1,0,0,0
18500,5,100000,1,130,1,257,0,0,1,0,0,0,1,0,1,0
18500,4,67000,1,130,1,148,0,0,1,0,0,0,1,0,0,0
18590,5,77294,1,150,1,127,1,0,0,0,0,0,1,0,0,0
18590,3,109532,1,115,1,141,1,0,0,0,0,0,1,0,0,0
18600,3,79000,1,150,1,207,1,0,0,0,0,0,0,0,0,0
18600,5,215000,1,204,1,215,0,1,0,0,0,1,0,0,0,0
18800,3,70000,1,110,1,91,0,1,0,0,0,0,1,0,1,0
18900,3,82646,0,150,1,154,1,0,0,0,0,0,1,0,0,0
18900,5,95200,1,150,1,86,1,0,0,0,0,0,1,0,0,0
18990,5,76000,1,130,1,611,0,0,0,1,0,0,1,0,0,1
19000,3,74637,1,116,1,154,1,0,0,0,0,0,1,0,0,0
19000,3,74637,1,116,1,154,1,0,0,0,0,0,1,0,0,0
19450,3,59000,0,150,1,177,0,0,0,0,0,0,0,1,0,0
19500,2,75502,1,116,1,154,1,0,0,0,0,0,1,0,0,0
19500,4,105875,1,150,1,848,1,0,0,0,0,0,1,0,0,1
19600,3,77432,0,150,1,154,1,0,0,0,0,0,1,0,0,0
19700,3,95211,1,150,1,92,1,0,0,0,0,0,1,0,1,0
19700,3,60195,1,150,1,276,1,0,0,0,0,0,1,1,0,0
19800,4,82000,1,150,1,236,1,0,0,0,0,0,1,0,1,0
19800,3,76000,1,150,1,160,1,0,0,0,0,0,1,1,0,0
19900,5,55989,1,110,1,224,0,1,0,0,0,0,0,1,0,0
19900,2,95000,1,150,1,104,1,0,0,0,0,0,1,1,0,0
19900,4,70383,1,130,1,86,0,0,1,0,0,0,0,0,0,0
19900,5,89000,1,130,1,236,0,0,1,0,0,0,1,0,1,0
19950,3,65187,1,150,1,163,1,0,0,0,0,0,1,0,0,0
19999,5,62000,1,116,1,55,1,0,0,0,0,0,1,0,0,0
20400,4,47411,1,130,1,193,0,0,1,0,0,0,1,1,0,0
20400,4,47411,1,130,1,193,0,0,0,0,0,0,1,1,0,0
20450,3,23819,1,116,1,99,1,0,0,0,0,0,1,0,1,0
20450,3,23819,1,116,1,326,1,0,0,0,0,0,1,0,1,0
20450,3,23819,1,116,1,86,1,0,0,0,0,0,1,0,0,0
20450,3,23819,1,116,1,22,1,0,0,0,0,0,1,0,0,0
20450,3,23819,1,116,1,488,1,0,0,0,0,0,1,0,0,1
20500,3,86364,1,116,1,154,1,0,0,0,0,0,1,0,0,0
20500,4,66850,1,130,1,98,0,0,1,0,0,0,1,0,1,0
20500,4,66850,1,130,1,101,0,0,1,0,0,0,1,0,1,0
20600,4,89712,1,150,1,99,0,0,1,0,0,0,1,0,1,0
20600,4,89712,1,150,1,22,0,0,1,0,0,0,1,0,0,0
20600,4,89712,1,150,1,326,0,0,1,0,0,0,1,0,1,0
20600,4,89712,1,150,1,488,0,0,1,0,0,0,1,0,0,1
20600,4,89712,1,150,1,86,0,0,1,0,0,0,1,0,0,0
20690,4,132140,1,200,1,180,1,0,0,0,0,1,0,1,0,0
20690,4,132140,1,200,1,40,1,0,0,0,0,1,0,0,0,0
20900,5,77796,1,130,1,250,0,0,1,0,0,0,0,0,1,0
20900,4,57092,1,150,1,87,1,0,0,0,0,0,1,0,0,0
20900,3,28343,1,110,1,25,0,1,0,0,0,0,1,0,0,0
20990,2,62648,1,150,1,40,1,0,0,0,0,0,1,0,0,0
20990,2,62648,1,150,1,180,1,0,0,0,0,0,1,1,0,0
20999,4,65000,1,150,1,54,1,0,0,0,0,0,1,0,0,0
21300,3,91000,0,150,1,83,1,0,0,0,0,0,1,0,1,0
21380,4,98500,1,150,1,137,1,0,0,0,0,0,1,1,0,0
21500,2,35000,0,150,1,160,1,0,0,0,0,0,0,1,0,0
21800,4,47411,1,130,1,193,0,0,0,0,0,0,1,1,0,0
21800,4,47411,1,130,1,193,0,0,1,0,0,0,1,1,0,0
21900,2,39000,1,130,1,111,0,0,1,0,0,0,1,1,0,0
21990,3,70000,1,110,1,87,0,1,0,0,0,0,1,0,1,0
22000,4,127795,1,200,1,22,1,0,0,0,0,1,0,0,0,0
22000,4,127795,1,200,1,326,1,0,0,0,0,1,0,0,1,0
22000,4,127795,1,200,1,86,1,0,0,0,0,1,0,0,0,0
22000,4,127795,1,200,1,488,1,0,0,0,0,1,0,0,0,1
22600,4,79424,1,150,1,86,1,0,0,0,0,0,1,0,0,0
22600,2,64387,0,116,1,16,1,0,0,0,0,0,1,0,0,0
22700,4,40064,1,130,1,848,0,0,1,0,0,0,1,0,0,1
22704,1,26300,0,115,1,163,1,0,0,0,0,0,1,1,0,0
22900,2,44351,1,150,1,715,1,0,0,0,0,0,1,0,0,1
22900,2,44351,1,150,1,698,1,0,0,0,0,0,1,0,0,1
22900,3,53500,1,150,1,163,1,0,0,0,0,0,0,1,0,0
22900,2,24819,0,150,1,83,0,0,0,0,0,0,1,0,1,0
22990,4,65900,1,150,1,128,1,0,0,0,0,0,1,0,0,0
22990,2,22000,1,150,1,115,1,0,0,0,0,0,1,0,0,0
23900,2,24900,1,150,1,275,1,0,0,0,0,0,1,1,0,0
24300,3,89621,1,150,1,25,1,0,0,0,1,0,0,0,0,0
24726,2,25082,1,150,1,11,1,0,0,0,0,0,1,0,0,0
24726,2,25082,1,150,1,177,1,0,0,0,0,0,1,1,0,0
24726,2,25082,1,150,1,165,1,0,0,0,0,0,1,1,0,0
24726,2,25082,1,150,1,326,1,0,0,0,0,0,1,0,1,0
24726,2,25082,1,150,1,187,1,0,0,0,0,0,1,1,0,0
24726,2,25082,1,150,1,190,1,0,0,0,0,0,1,1,0,0
24726,2,25082,1,150,1,115,1,0,0,0,0,0,1,0,0,0
24900,2,20000,1,150,1,87,1,0,0,0,0,0,1,0,0,0
25700,1,26827,1,150,1,55,1,0,0,0,0,0,1,0,0,0
25800,1,50472,1,150,1,848,1,0,0,0,0,0,1,0,0,1
25900,3,55800,1,150,1,101,1,0,0,0,0,0,1,0,1,0
25900,2,36231,1,150,1,608,1,0,0,0,0,0,1,0,0,1
25900,2,16370,1,150,1,102,1,0,0,0,0,0,1,0,0,0
26000,2,18330,1,150,1,651,1,0,0,0,0,0,1,0,0,1
26250,2,33506,1,150,1,222,1,0,0,0,0,0,1,0,0,0
26500,2,18600,1,150,1,246,1,0,0,0,0,0,1,1,0,0
26900,1,37000,1,150,1,86,1,0,0,0,0,0,1,0,0,0
26900,1,15941,1,150,1,276,1,0,0,0,0,0,1,1,0,0
26900,5,63000,1,200,1,123,1,0,0,0,0,1,0,0,0,0
26950,2,39950,1,150,1,222,1,0,0,0,0,0,1,0,0,0
26950,2,35290,1,150,1,222,1,0,0,0,0,0,1,0,0,0
27000,1,19333,1,150,1,182,1,0,0,0,0,0,1,0,0,0
27490,1,10129,1,150,1,141,1,0,0,0,0,0,1,0,0,0
27500,2,20739,1,150,1,107,1,0,0,0,0,0,1,0,0,0
27500,2,26930,1,150,1,83,1,0,0,0,0,0,1,0,1,0
27500,1,24254,1,150,1,99,1,0,0,0,0,0,1,0,0,0
27500,1,16411,1,150,1,99,1,0,0,0,0,0,1,0,0,0
27600,1,20538,1,150,1,326,1,0,0,0,0,0,1,0,1,0
27900,1,14018,1,150,1,119,1,0,0,0,0,0,1,0,0,0
28799,2,23836,1,150,1,750,1,0,0,0,0,0,1,0,0,1
28900,1,24300,1,150,1,114,1,0,0,0,0,0,1,1,0,0
28900,1,19138,1,150,1,99,1,0,0,0,0,0,1,0,0,0
28950,1,37805,1,150,1,222,1,0,0,0,0,0,1,0,0,0
29000,2,13000,1,150,1,105,1,0,0,0,0,0,1,0,1,0
29400,1,0,1,115,1,276,0,1,0,0,0,0,1,1,0,0
29400,0,1,1,115,1,276,0,1,0,0,0,0,1,1,0,0
29500,1,11362,1,150,1,611,1,0,0,0,0,0,1,0,0,1
29500,1,12274,1,150,1,848,1,0,0,0,0,0,1,0,0,1
29599,2,62765,1,200,1,130,1,0,0,0,0,1,0,0,1,0
29599,2,62765,1,200,1,861,1,0,0,0,0,1,0,0,0,1
29599,2,62765,1,200,1,628,1,0,0,0,0,1,0,0,0,1
29599,2,62765,1,200,1,611,1,0,0,0,0,1,0,0,0,1
29599,2,62765,1,200,1,127,1,0,0,0,0,1,0,0,0,0
29599,2,62765,1,200,1,99,1,0,0,0,0,1,0,0,1,0
29599,2,62765,1,200,1,283,1,0,0,0,0,1,0,1,0,0
29599,2,62765,1,200,1,490,1,0,0,0,0,1,0,0,0,1
29599,2,62765,1,200,1,86,1,0,0,0,0,1,0,0,0,0
29900,1,22748,1,150,1,83,1,0,0,0,0,0,1,0,1,0
29950,0,6,1,150,1,83,0,1,0,0,0,0,1,0,1,0
29950,0,6,1,115,1,83,0,1,0,0,0,0,1,0,1,0
21800,4,87000,1,150,1,286,1,0,0,0,0,0,1,1,0,0
17500,3,64500,1,115,1,377,1,0,0,0,0,0,1,0,0,1
14200,4,112800,1,150,1,205,1,0,0,0,0,0,1,1,0,0
18480,4,79859,1,130,1,253,0,0,0,0,0,0,1,0,1,0
15600,4,100300,1,150,1,96,1,0,0,0,0,0,0,0,0,0
17500,3,126000,1,115,1,608,1,0,0,0,0,0,0,0,0,1
19000,3,74637,1,116,1,154,1,0,0,0,0,0,1,0,0,0
17990,4,69000,1,150,1,65,1,0,0,0,1,0,0,0,0,0
28900,2,100,1,150,1,628,1,0,0,0,0,0,1,0,0,1
25900,2,16370,1,150,1,102,1,0,0,0,0,0,1,0,0,0
19450,3,59000,0,150,1,177,0,0,0,0,0,0,0,1,0,0
23900,2,24900,1,150,1,275,1,0,0,0,0,0,1,1,0,0
20300,2,80923,1,116,1,154,1,0,0,0,0,0,1,0,0,0
14500,4,158000,1,150,1,85,1,0,0,0,0,0,1,0,0,0
19500,5,73000,1,130,1,266,0,0,0,0,0,0,0,0,1,0
17500,3,126000,1,115,1,614,1,0,0,0,0,0,0,0,0,1
15800,3,80371,1,110,1,454,0,0,0,1,0,0,1,0,0,1
25700,1,26827,1,150,1,55,1,0,0,0,0,0,1,0,0,0
15900,5,50158,0,110,1,193,0,0,0,0,0,0,1,1,0,0
14900,3,139000,1,150,1,193,1,0,0,0,0,0,1,0,0,0
20450,3,23819,1,116,1,22,1,0,0,0,0,0,1,0,0,0
20450,3,23819,1,116,1,86,1,0,0,0,0,0,1,0,0,0
20450,3,23819,1,116,1,326,1,0,0,0,0,0,1,0,1,0
14700,3,120000,1,150,1,75,1,0,0,0,0,0,1,0,0,0
19500,2,64487,1,116,1,177,1,0,0,0,0,0,0,1,0,0
18900,3,66115,0,150,1,97,1,0,0,0,0,0,1,0,0,0
26900,1,16889,1,150,1,611,1,0,0,0,0,0,1,0,0,1
14900,5,151382,1,150,1,99,1,0,0,0,0,0,1,0,0,0
27500,1,24254,1,150,1,99,1,0,0,0,0,0,1,0,0,0
15980,5,59000,0,150,1,326,0,0,0,0,0,0,1,0,1,0
28900,1,19138,1,150,1,99,1,0,0,0,0,0,1,0,0,0
24900,4,79000,0,150,1,754,1,0,0,0,0,0,1,0,0,1
12600,4,162000,1,150,1,85,1,0,0,0,0,0,1,0,0,0
22000,4,127795,1,200,1,326,1,0,0,0,0,1,0,0,1,0
21800,4,47411,1,130,1,193,0,0,0,0,0,0,1,1,0,0
19900,5,89000,1,130,1,236,0,0,0,0,0,0,1,0,1,0
26600,2,17,1,150,1,381,1,0,0,0,0,0,1,0,1,0
16890,3,90200,1,150,1,186,1,0,0,0,0,0,1,0,0,0
20900,3,98000,1,150,1,86,1,0,0,0,0,0,1,0,0,0
26500,4,56685,1,150,1,64,1,0,0,0,0,0,1,1,0,0
19950,3,109900,1,150,1,186,1,0,0,0,0,0,1,0,0,0
20500,3,86364,1,116,1,154,1,0,0,0,0,0,1,0,0,0
18500,4,71000,1,130,1,257,0,0,0,0,0,0,1,0,1,0
16800,3,105011,1,115,1,611,1,0,0,0,0,0,0,0,0,1
21900,3,49500,1,150,1,25,1,0,0,0,0,0,1,0,0,0
25900,2,22050,1,150,1,99,1,0,0,0,0,0,1,0,0,0
18500,4,67000,1,130,1,148,0,0,0,0,0,0,1,0,0,0
12500,5,154000,0,150,1,454,1,0,0,0,0,0,1,0,0,1
29400,0,1,1,115,1,276,0,1,0,0,0,0,1,1,0,0
16800,3,107889,1,115,1,611,1,0,0,0,0,0,0,0,0,1
21990,3,70000,1,110,1,87,0,1,0,0,0,0,1,0,1,0
15900,5,130000,1,150,1,632,1,0,0,0,0,0,1,0,0,1
19500,4,86211,1,115,1,377,1,0,0,0,0,0,1,0,0,1
18000,3,81528,1,115,1,611,1,0,0,0,0,0,1,0,0,1
13200,5,149117,0,110,1,16,0,0,0,0,0,0,1,0,0,0
17950,3,89338,1,150,1,65,1,0,0,0,0,0,1,0,0,0
14200,4,144516,1,130,1,68,0,0,0,0,0,0,1,0,0,0
14500,3,153893,1,150,1,94,1,0,0,0,0,0,1,1,0,0
12200,4,160000,1,150,1,252,1,0,0,0,0,0,1,1,0,0
26500,2,18600,1,150,1,246,1,0,0,0,0,0,1,1,0,0
28900,2,20,1,150,1,628,1,0,0,0,0,0,1,0,0,1
18970,5,168995,1,200,1,147,1,0,0,0,0,1,0,0,0,0
23900,3,422,0,115,1,178,1,0,0,0,0,0,1,1,0,0
11800,5,195000,1,150,1,326,0,0,0,0,0,0,1,0,1,0
16990,4,90000,0,150,1,56,1,0,0,0,0,0,1,1,0,0
22000,4,127795,1,200,1,86,1,0,0,0,0,1,0,0,0,0
22000,4,127795,1,200,1,488,1,0,0,0,0,1,0,0,0,1
22000,4,127795,1,200,1,99,1,0,0,0,0,1,0,0,1,0
22000,4,127795,1,200,1,22,1,0,0,0,0,1,0,0,0,0
26000,2,18330,1,150,1,651,1,0,0,0,0,0,1,0,0,1
17000,2,149000,1,150,0,131,1,0,0,0,0,0,1,0,0,0
27500,1,16411,1,150,1,99,1,0,0,0,0,0,1,0,0,0
21900,2,96456,1,150,0,750,1,0,0,0,0,0,1,0,0,1
18990,4,52000,1,150,1,176,1,0,0,0,0,0,1,0,1,0
17900,2,79000,1,116,1,112,1,0,0,0,0,0,1,0,0,0
17900,3,72000,1,116,1,129,1,0,0,0,0,0,1,1,0,0
15500,4,160000,0,150,1,511,1,0,0,0,0,0,0,0,0,1
18600,3,79000,1,150,1,207,1,0,0,0,0,0,0,0,0,0
16500,4,135000,1,150,1,121,1,0,0,0,0,0,1,0,0,0
16500,3,81000,1,150,1,97,1,0,0,0,0,0,1,0,0,0
14900,3,159000,1,115,1,186,1,0,0,0,0,0,1,0,0,0
13500,4,137400,0,150,0,93,1,0,0,0,1,0,0,0,0,0
15500,3,107600,0,116,1,146,1,0,0,0,0,0,0,0,0,0
16500,4,60200,1,110,1,176,0,1,0,0,0,0,1,0,1,0
27600,1,20538,1,150,1,381,1,0,0,0,0,0,1,0,1,0
27600,1,20538,1,150,1,326,1,0,0,0,0,0,1,0,1,0
20900,4,57092,1,150,1,87,1,0,0,0,0,0,1,0,0,0
21990,3,58719,1,150,1,400,1,0,0,0,0,0,1,0,0,1
22700,4,40064,1,130,1,841,0,0,0,0,0,0,1,0,0,1
19900,3,54428,0,150,1,141,0,0,0,0,0,0,0,0,0,0
20690,4,132140,1,150,1,180,1,0,0,0,0,1,0,1,0,0
20690,4,132140,1,150,1,40,1,0,0,0,0,1,0,0,0,0
15900,3,64500,1,150,0,92,1,0,0,0,0,0,1,0,0,0
14673,5,81145,1,110,1,99,0,0,0,1,0,0,1,0,1,0
20900,5,77796,1,130,1,246,0,0,0,0,0,0,0,0,1,0
17900,3,84721,1,150,1,276,1,0,0,0,0,0,1,1,0,0
15900,3,122950,1,150,1,276,1,0,0,0,0,0,1,1,0,0
13900,4,144462,1,116,1,112,1,0,0,0,0,0,0,1,0,0
9500,1,9000,0,115,1,66,1,0,0,0,0,0,1,0,0,0
22990,2,22000,1,150,1,115,1,0,0,0,0,0,1,0,0,0
18500,5,100000,1,130,1,257,0,0,0,0,0,0,1,0,1,0
22600,2,64387,0,116,1,16,1,0,0,0,0,0,1,0,0,0
17500,5,104000,0,150,0,61,0,0,0,0,0,0,1,1,0,0
20600,4,89712,1,150,1,99,0,0,0,0,0,0,1,0,1,0
20600,4,89712,1,150,1,86,0,0,0,0,0,0,1,0,0,0
20600,4,89712,1,150,1,22,0,0,0,0,0,0,1,0,0,0
20600,4,89712,1,150,1,488,0,0,0,0,0,0,1,0,0,1
20600,4,89712,1,150,1,326,0,0,0,0,0,0,1,0,1,0
12900,3,178685,1,150,1,86,1,0,0,0,0,0,1,0,0,0
17900,4,138769,1,150,1,86,1,0,0,0,0,0,1,0,0,0
13990,3,153000,1,150,1,141,1,0,0,0,0,0,1,0,0,0
15500,3,136000,1,150,1,141,1,0,0,0,0,0,1,0,0,0
23500,4,84000,1,130,0,113,0,0,0,0,0,0,1,1,0,0
21900,2,39000,1,130,1,111,0,0,0,0,0,0,1,1,0,0
16800,3,126000,1,116,1,173,1,0,0,0,0,0,0,0,0,0
16800,3,126000,1,116,1,182,1,0,0,0,0,0,0,0,0,0
16900,4,80656,1,115,1,276,1,0,0,0,0,0,1,1,0,0
20990,2,62648,1,150,1,180,1,0,0,0,0,0,1,1,0,0
20990,2,62648,1,150,1,40,1,0,0,0,0,0,1,0,0,0
19900,4,70383,1,130,1,86,0,0,0,0,0,0,0,0,0,0
18900,5,95200,1,150,1,86,1,0,0,0,0,0,1,0,0,0
14500,4,160000,0,150,1,141,1,0,0,0,0,0,0,0,0,0
27900,1,24761,1,150,1,182,1,0,0,0,0,0,1,0,0,0
5900,0,200000,0,115,1,122,0,0,0,0,0,0,1,0,0,0
17800,5,112000,1,150,1,155,1,0,0,0,0,0,1,0,0,0
14499,5,159000,1,150,1,279,1,0,0,0,0,0,1,1,0,0
17290,5,53000,1,110,1,326,0,0,0,1,0,0,1,0,1,0
28950,1,37805,1,150,1,222,1,0,0,0,0,0,1,0,0,0
15900,5,92114,1,110,1,121,0,0,0,1,0,0,1,1,0,0
17500,5,116500,1,130,0,238,0,0,0,0,0,0,1,0,1,0
17800,4,139000,1,130,0,266,0,0,0,0,0,0,1,0,1,0
17990,5,99000,0,115,1,233,1,0,0,0,0,0,1,1,0,0
23900,3,48879,1,204,1,326,0,1,0,0,0,0,1,0,1,0
16500,4,134000,1,150,1,229,1,0,0,0,0,0,1,0,0,0
25500,2,24000,1,150,0,60,1,0,0,0,0,0,1,0,0,0
16500,4,146000,1,130,1,101,0,0,0,0,1,0,0,0,0,0
17600,3,73846,0,115,1,276,1,0,0,0,0,0,1,1,0,0
16300,3,80000,0,150,1,72,1,0,0,0,0,0,0,1,0,0
28900,1,24300,1,150,1,114,1,0,0,0,0,0,1,1,0,0
17990,4,108000,1,150,1,239,1,0,0,0,0,0,1,0,1,0
17900,4,101500,1,150,0,483,1,0,0,0,0,0,1,0,0,1
27000,0,7000,0,150,0,180,1,0,0,0,0,0,1,0,1,0
13900,3,156728,1,115,1,611,1,0,0,0,0,0,0,0,0,1
10399,1,76295,0,115,1,475,1,0,0,0,0,0,1,0,0,1
23000,3,66000,1,150,0,854,1,0,0,0,1,0,0,0,0,1
18800,3,70000,1,110,1,91,0,1,0,0,0,0,1,0,1,0
25500,2,39000,1,150,1,283,1,0,0,0,0,0,1,0,1,0
27900,1,14018,1,150,1,119,1,0,0,0,0,0,1,0,0,0
19900,5,215000,1,204,1,215,0,1,0,0,0,1,0,0,0,0
8400,5,308000,1,110,1,215,0,0,0,1,0,0,1,0,0,0
22900,3,53500,1,150,1,163,1,0,0,0,0,0,0,1,0,0
24900,2,39000,1,150,0,243,1,0,0,0,0,0,1,0,1,0
26950,2,39950,1,150,1,222,1,0,0,0,0,0,1,0,0,0
22704,1,26300,0,115,1,163,1,0,0,0,0,0,1,1,0,0
25900,2,36231,1,150,1,611,1,0,0,0,0,0,1,0,0,1
16500,5,110500,1,150,1,228,1,0,0,0,0,0,1,0,1,0
19950,3,65187,1,150,1,201,1,0,0,0,0,0,1,0,0,0
15200,4,126000,1,150,1,96,1,0,0,0,0,0,1,0,0,0
16900,3,96429,1,116,1,193,1,0,0,0,0,0,0,1,0,0
24500,2,20000,1,150,0,142,1,0,0,0,0,0,1,1,0,0
15900,5,170000,1,150,0,54,0,0,0,0,0,0,1,0,0,0
26950,2,35290,1,150,1,222,1,0,0,0,0,0,1,0,0,0
26250,2,33506,1,150,1,222,1,0,0,0,0,0,1,0,0,0
14900,4,115935,1,150,1,98,1,0,0,0,0,0,1,0,0,0
26900,1,15941,1,150,1,276,1,0,0,0,0,0,1,1,0,0
19850,2,98000,1,150,0,243,1,0,0,0,0,0,1,1,0,0
19500,5,90000,1,130,0,475,0,0,0,0,0,0,1,0,0,1
27000,1,55000,1,150,0,112,1,0,0,0,1,0,0,0,0,0
