Annuncio,Link,Prezzo,Anni,Immatricolazione,Chilometraggio,Cambio,Carburante,CV,Allestimento,Allestimento_unificato,Modello,Venditore,Distanza,Comune,CAP,Regione,Area
Hyundai i30 Wagon 1.6 CRDi 110CV DCT Comfort,https://www.autoscout24.it/annunci/hyundai-i30-wagon-1-6-crdi-110cv-dct-comfort-diesel-grigio-cat_ma33mo19065-7ee2b70a-f3ac-4ce8-8a0e-3652bd7178fa,7500,8,2018,2007000,automatico,Diesel,110,Comfort,Middle,1.6 CRDi,Rivenditore,137,crema,26013,Lombardia,Nord-ovest
Hyundai i30 i30 Wagon 1.6 crdi Business 110cv,https://www.autoscout24.it/annunci/hyundai-i30-i30-wagon-1-6-crdi-business-110cv-diesel-grigio-cat_ma33mo19065-c081aa58-971c-4ec3-a49d-a768e49c5562,8200,8,2018,1400000,manuale,Diesel,110,Business,Base,1.6 CRDi,Privato,190,lecco,23900,Lombardia,Nord-ovest
Hyundai i30 1.6 crdi Business 116CV IVA ESPOSTA,https://www.autoscout24.it/annunci/hyundai-i30-1-6-crdi-business-116cv-iva-esposta-diesel-grigio-cat_ma33mo19065-19a42ad4-ba31-4ffe-809a-f8d9b8353adb,8900,7,2019,1540000,manuale,Diesel,110,Business,Base,1.6 CRDi,Rivenditore,203,bernate ticino,20010,Lombardia,Nord-ovest
Hyundai i30 i30 III 2017 Wagon Wagon 1.6 crdi Business 110cv,https://www.autoscout24.it/annunci/hyundai-i30-i30-iii-2017-wagon-wagon-1-6-crdi-business-110cv-diesel-grigio-cat_ma33mo19065-b8fc5dc0-9878-49be-973f-eb1894ee0bfe,8200,8,2018,1460000,manuale,Diesel,110,Business,Base,1.6 CRDi,Privato,190,lecco,23900,Lombardia,Nord-ovest
Hyundai i30 i30 III 2021 Wagon Wagon 1.6 crdi 48V Prime Techno,https://www.autoscout24.it/annunci/hyundai-i30-i30-iii-2021-wagon-wagon-1-6-crdi-48v-prime-techno-elettrica-diesel-nero-cat_ma33mo19065-75be4005-6ac7-469b-b16e-7d4c4926deb3,8890,5,2021,1890000,automatico,Ibrido,110,Tecno,Middle,1.6 CRDi 48V,Rivenditore,691,carovigno,72012,Puglia,Sud
Hyundai i30 III 2020 Wagon Wagon 1.6 crdi Prime 115cv,https://www.autoscout24.it/annunci/hyundai-i30-iii-2020-wagon-wagon-1-6-crdi-prime-115cv-diesel-bianco-cat_ma33mo19065-ce5f0d89-1a27-4719-91b3-f28820763665,9990,5,2021,1322360,manuale,Diesel,110,Prime,Middle,1.6 CRDi,Rivenditore,31,castenaso,40055,Emilia-Romagna,Nord-est
Hyundai i30 i30 III 2017 5p 1.6 crdi Business 110cv,https://www.autoscout24.it/annunci/hyundai-i30-i30-iii-2017-5p-1-6-crdi-business-110cv-diesel-nero-cat_ma33mo19065-9c24c3ab-3670-4aaf-b060-74cb28fa6ca3,9500,8,2018,985000,manuale,Diesel,110,Business,Base,1.6 CRDi,Privato,60,legnago,37045,Veneto,Nord-est
Hyundai i30 i30 III 2017 Wagon Wagon 1.6 crdi Business 110cv,https://www.autoscout24.it/annunci/hyundai-i30-i30-iii-2017-wagon-wagon-1-6-crdi-business-110cv-diesel-cat_ma33mo19065-7427e94b-e017-4cf2-833f-c3cc56390ebc,9900,8,2018,1425000,manuale,Diesel,110,Business,Base,1.6 CRDi,Privato,198,albavilla,22031,Lombardia,Nord-ovest
Hyundai i30 i30 III 2017 Wagon Wagon 1.4 t-gdi Style dct,https://www.autoscout24.it/annunci/hyundai-i30-i30-iii-2017-wagon-wagon-1-4-t-gdi-style-dct-benzina-rosso-cat_ma33mo19065-28419eca-9d08-4f7d-9453-08521a5afd1b,10500,8,2018,1060000,automatico,Benzina,110,Style,Middle,1.4 T-GDi,Privato,101,padova,35124,Veneto,Nord-est
Hyundai i30 i30 1.0 T-GDI DCT 48V 5 porte Prime,https://www.autoscout24.it/annunci/hyundai-i30-i30-1-0-t-gdi-dct-48v-5-porte-prime-elettrica-benzina-grigio-cat_ma33mo19065-608cec11-7a55-46e5-93ee-c42099f67251,11990,3,2023,1000000,automatico,Ibrido,110,Prime,Middle,1.0 T-GDi,Rivenditore,480,aversa,81031,Campania,Sud
Hyundai i30 1.6 crdi 48V Prime 136cv,https://www.autoscout24.it/annunci/hyundai-i30-1-6-crdi-48v-prime-136cv-elettrica-diesel-cat_ma33mo19065-5ef0b04e-6eca-4433-80f0-65e5bb2a9455,12000,5,2021,1055000,manuale,Ibrido,110,Prime,Middle,1.6 CRDi 48V,Privato,292,bruino,10090,Piemonte,Nord-ovest
Hyundai i30 i30 Prime 1.6 CRDi 48V MHEV,https://www.autoscout24.it/annunci/hyundai-i30-i30-prime-1-6-crdi-48v-mhev-diesel-bianco-cat_ma33mo19065-092ca974-96fe-4f78-aa15-66aee2e6bc32,12500,5,2021,1069000,automatico,Diesel,110,Prime,Middle,1.6 CRDi 48V,Rivenditore,111,calvagese riviera,25080,Lombardia,Nord-ovest
Hyundai i30 1.0 T-GDI iMT 48V 5 porte Prime 2023 *BERLINA*,https://www.autoscout24.it/annunci/hyundai-i30-1-0-t-gdi-imt-48v-5-porte-prime-2023-berlina-elettrica-benzina-argento-cat_ma33mo19065-390c6ca2-65b2-48fa-9fd6-f5fefc4eddf5,12499,3,2023,935110,manuale,Ibrido,110,Prime,Middle,1.0 T-GDi,Rivenditore,99,firenze,50142,Toscana,Centro
Hyundai i30 Wagon 1.0 T-GDI iMT 48V Prime,https://www.autoscout24.it/annunci/hyundai-i30-wagon-1-0-t-gdi-imt-48v-prime-elettrica-benzina-grigio-cat_ma33mo19065-8f8fa4cb-2c40-4bc5-91c2-a8094180632e,12790,3,2023,699000,manuale,Ibrido,110,Prime,Middle,1.0 T-GDi,Rivenditore,112,dolo,30031,Veneto,Nord-est
Hyundai i30 Wagon 1.6 CRDi Hybrid iMT Auto. Prime *OFFERTA PRO,https://www.autoscout24.it/annunci/hyundai-i30-wagon-1-6-crdi-hybrid-imt-auto-prime-offerta-pro-diesel-grigio-cat_ma33mo19065-886188d1-81b1-44a4-ac0e-1332e189b7a3,12990,5,2021,590000,automatico,Diesel,110,Prime,Middle,1.6 CRDi 48V,Rivenditore,180,cinisello balsamo,20092,Lombardia,Nord-ovest
Hyundai i30 i30 III 2020 5p 1.6 crdi 48V Prime 136cv,https://www.autoscout24.it/annunci/hyundai-i30-i30-iii-2020-5p-1-6-crdi-48v-prime-136cv-elettrica-diesel-nero-cat_ma33mo19065-4f4caa1c-68eb-4440-874e-bcf610c5dd14,12900,5,2021,940000,manuale,Ibrido,110,Prime,Middle,1.6 CRDi 48V,Rivenditore,444,busso,86010,Molise,Sud
Hyundai i30 1.0 T-GDI iMT 48V Prime,https://www.autoscout24.it/annunci/hyundai-i30-1-0-t-gdi-imt-48v-prime-elettrica-benzina-cat_ma33mo19065-cfae571e-3ee2-4b70-b1fb-003dc5d9d90c,12900,3,2023,685310,manuale,Ibrido,110,Prime,Middle,1.0 T-GDi,Rivenditore,127,venezia,30175,Veneto,Nord-est
Hyundai i30 Wagon 1.6 CRDi Hybrid iMT Auto. Prime *OFFERTA PRO,https://www.autoscout24.it/annunci/hyundai-i30-wagon-1-6-crdi-hybrid-imt-auto-prime-offerta-pro-elettrica-diesel-grigio-cat_ma33mo19065-3dbf41f4-4fb2-4abd-8004-a247f5f9a834,12990,5,2021,590000,automatico,Ibrido,110,Prime,Middle,1.6 CRDi 48V,Rivenditore,180,cinisello balsamo,20092,Lombardia,Nord-ovest
Hyundai i30 Wagon 1.0 t-gdi Prime 120cv,https://www.autoscout24.it/annunci/hyundai-i30-wagon-1-0-t-gdi-prime-120cv-elettrica-benzina-grigio-cat_ma33mo19065-0256d712-c73e-43cc-a8b0-c5b06601bbd3,12950,3,2023,648000,manuale,Ibrido,110,Prime,Middle,1.0 T-GDi,Rivenditore,119,savignano sul rubicone,47039,Emilia-Romagna,Nord-est
Hyundai i30 1.6 crdi 48V Prime 136cv,https://www.autoscout24.it/annunci/hyundai-i30-1-6-crdi-48v-prime-136cv-elettrica-diesel-cat_ma33mo19065-3a237865-9254-4254-94c5-32ecc1f6e376,12500,5,2021,900000,manuale,Ibrido,110,Prime,Middle,1.6 CRDi 48V,Privato,792,patti,98066,Sicilia,Isole
Hyundai i30 i30 1.6 crdi Go! 110cv,https://www.autoscout24.it/annunci/hyundai-i30-i30-1-6-crdi-go-110cv-diesel-blu-azzurro-cat_ma33mo19065-5458017e-cd47-4943-8282-65bebe3e2886,13000,7,2019,1204000,manuale,Diesel,110,Go,Base,1.6 CRDi,Privato,162,asciano,53041,Toscana,Centro
Hyundai i30 Wagon 1.6 crdi 48V Prime 136cv,https://www.autoscout24.it/annunci/hyundai-i30-wagon-1-6-crdi-48v-prime-136cv-elettrica-diesel-cat_ma33mo19065-86763321-75ad-45b2-aa7e-3a97be04e19a,12900,5,2021,1200000,manuale,Ibrido,110,Prime,Middle,1.6 CRDi 48V,Privato,333,fiumicino,54,Lazio,Centro
Hyundai i30 3ª serie - i30 1.0 T-GDI iMT 48V 5 porte Prime,https://www.autoscout24.it/annunci/hyundai-i30-3-serie-i30-1-0-t-gdi-imt-48v-5-porte-prime-elettrica-benzina-grigio-cat_ma33mo19065-14574cc9-ccd8-43b9-b64a-55cfc5cbfdec,12499,3,2023,880830,manuale,Ibrido,110,Prime,Middle,1.0 T-GDi,Rivenditore,99,firenze,50142,Toscana,Centro
Hyundai i30 i30 III 2020 5p 1.0 t-gdi 48V Prime 120cv,https://www.autoscout24.it/annunci/hyundai-i30-i30-iii-2020-5p-1-0-t-gdi-48v-prime-120cv-elettrica-benzina-grigio-cat_ma33mo19065-4b57278b-bc37-4a1d-91ad-593c3175b45b,13450,3,2023,819960,manuale,Ibrido,110,Prime,Middle,1.0 T-GDi,Rivenditore,55,sant ilario d enza,42049,Emilia-Romagna,Nord-est
Hyundai i30 Fastback 1.4 t-gdi Business Safety Pack my19,https://www.autoscout24.it/annunci/hyundai-i30-fastback-1-4-t-gdi-business-safety-pack-my19-benzina-cat_ma33mo19065-1fb4d243-cd17-4a2e-aa02-0295eaab0538,13450,8,2018,580000,manuale,Benzina,110,Business,Base,1.4 T-GDi,Privato,180,corsico,20094,Lombardia,Nord-ovest
Hyundai i30 i30 FastbackFastback 1.4 t-gdi Style dct,https://www.autoscout24.it/annunci/hyundai-i30-i30-fastbackfastback-1-4-t-gdi-style-dct-benzina-blu-azzurro-cat_ma33mo19065-f2769c75-36b3-4828-96c8-28cbcd548c35,14000,8,2018,428200,automatico,Benzina,110,Style,Middle,1.4 T-GDi,Privato,611,bari,70126,Puglia,Sud
Hyundai i30 1.6 crdi 48V Prime Techno&Style Pack 136cv,https://www.autoscout24.it/annunci/hyundai-i30-1-6-crdi-48v-prime-technostyle-pack-136cv-elettrica-diesel-cat_ma33mo19065-ebc5aba6-d558-4e4b-b647-957a510196b9,14000,5,2021,720000,manuale,Ibrido,110,Tecno,Middle,1.6 CRDi 48V,Privato,513,avellino,83100,Campania,Sud
Hyundai i30 Wagon 1.0 T-GDI iMT 120CV 48V Prime,https://www.autoscout24.it/annunci/hyundai-i30-wagon-1-0-t-gdi-imt-120cv-48v-prime-elettrica-benzina-grigio-cat_ma33mo19065-1b081d57-e6db-4a8f-9679-9b9c84ff709c,14000,3,2023,701040,manuale,Ibrido,110,Prime,Middle,1.0 T-GDi,Rivenditore,154,arsie,32030,Veneto,Nord-est
Hyundai i30 1.0 T-GDI iMT 48V N Line,https://www.autoscout24.it/annunci/hyundai-i30-1-0-t-gdi-imt-48v-n-line-elettrica-benzina-grigio-cat_ma33mo19065-9eaddce5-b219-43a0-b5e7-bbb5f67fb8b2,13490,3,2023,859850,manuale,Ibrido,110,N Line,Sport,1.0 T-GDi,Rivenditore,521,nocera inferiore,84014,Campania,Sud
Hyundai i30 Wagon 1.0 T-GDI iMT 48V Prime NO VINCOLI !!!!,https://www.autoscout24.it/annunci/hyundai-i30-wagon-1-0-t-gdi-imt-48v-prime-no-vincoli-elettrica-benzina-grigio-cat_ma33mo19065-8043e6e1-59c9-45f3-8407-446999746343,13900,3,2023,700000,manuale,Ibrido,110,Prime,Middle,1.0 T-GDi,Rivenditore,333,fiumicino,54,Lazio,Centro
"Hyundai i30 1.0 T-GDI Prime 120CV (Man9""PREZZO REALE""(F1411)",https://www.autoscout24.it/annunci/hyundai-i30-1-0-t-gdi-prime-120cv-man9-prezzo-reale-f1411-elettrica-benzina-cat_ma33mo19065-9e6cdcb3-46e4-4352-a669-275fd09494b2,13980,3,2023,798850,manuale,Ibrido,110,Prime,Middle,1.0 T-GDi,Rivenditore,372,alatri,3011,Lazio,Centro
Hyundai i30 Wagon 1.6 CRDi 136 CV 48V DCT Prime,https://www.autoscout24.it/annunci/hyundai-i30-wagon-1-6-crdi-136-cv-48v-dct-prime-elettrica-diesel-nero-cat_ma33mo19065-e97f586a-8333-4692-aeb3-aa30b02f98c7,13800,5,2021,957710,automatico,Ibrido,110,Prime,Middle,1.6 CRDi,Rivenditore,154,arsie,32030,Veneto,Nord-est
Hyundai i30 Wagon 1.0 T-GDI iMT 48V Prime,https://www.autoscout24.it/annunci/hyundai-i30-wagon-1-0-t-gdi-imt-48v-prime-elettrica-benzina-grigio-cat_ma33mo19065-f1d7ea40-4865-4bff-8c6e-949b81175892,14000,3,2023,746830,manuale,Ibrido,110,Prime,Middle,1.0 T-GDi,Rivenditore,154,arsie,32030,Veneto,Nord-est
Hyundai i30 1.0 t-gdi N-line Plus Pack my20,https://www.autoscout24.it/annunci/hyundai-i30-1-0-t-gdi-n-line-plus-pack-my20-benzina-cat_ma33mo19065-a79fd8ea-c3b7-42ae-a496-e91e4c60e700,14300,5,2021,970000,manuale,Benzina,110,N Line,Sport,1.0 T-GDi,Privato,180,buccinasco,20090,Lombardia,Nord-ovest
Hyundai i30 i30 1.6 crdi 48V Prime 136cv,https://www.autoscout24.it/annunci/hyundai-i30-i30-1-6-crdi-48v-prime-136cv-elettrica-diesel-grigio-cat_ma33mo19065-c7f19e69-0e1d-4a6e-8050-1dacb147a550,14200,5,2021,1155000,manuale,Ibrido,110,Prime,Middle,1.6 CRDi 48V,Privato,271,carmagnola,10022,Piemonte,Nord-ovest
Hyundai i30 Wagon 1.0 T-GDI iMT 48V Prime,https://www.autoscout24.it/annunci/hyundai-i30-wagon-1-0-t-gdi-imt-48v-prime-elettrica-benzina-grigio-cat_ma33mo19065-0fe762c6-c8c1-455a-99c6-2ba57345e060,14500,3,2023,679960,manuale,Ibrido,110,Prime,Middle,1.0 T-GDi,Rivenditore,154,arsie,32030,Veneto,Nord-est
Hyundai i30 i30 2.0 t-gdi N Performance my19,https://www.autoscout24.it/annunci/hyundai-i30-i30-2-0-t-gdi-n-performance-my19-benzina-bianco-cat_ma33mo19065-cfef1aa3-938a-4291-a91b-6ebcc1c4b744,15000,8,2018,810000,manuale,Benzina,110,N,Performance,2.0 T-GDi N,Privato,16,modena,41123,Emilia-Romagna,Nord-est
Hyundai i30 1.0 t-gdi 48V NLine 120cv,https://www.autoscout24.it/annunci/hyundai-i30-1-0-t-gdi-48v-nline-120cv-elettrica-benzina-cat_ma33mo19065-f2d54b45-5ccb-4e86-93c5-18ee6ffe110a,15800,6,2020,871000,manuale,Ibrido,110,N Line,Sport,1.0 T-GDi,Privato,292,verres,11029,Valle d'Aosta/Vallée d'Aoste,Nord-ovest
Hyundai i30 i30 1.0 t-gdi 48V Prime 120cv,https://www.autoscout24.it/annunci/hyundai-i30-i30-1-0-t-gdi-48v-prime-120cv-elettrica-benzina-argento-cat_ma33mo19065-8278ca59-850b-4e0e-b65c-a2293edd9149,15900,4,2022,400000,manuale,Ibrido,110,Prime,Middle,1.0 T-GDi,Privato,285,cirie,10073,Piemonte,Nord-ovest
Hyundai i30 N Line Techno Pack 120cv 1.0 t-gdi 48V Shadow Grey,https://www.autoscout24.it/annunci/hyundai-i30-n-line-techno-pack-120cv-1-0-t-gdi-48v-shadow-grey-elettrica-benzina-grigio-cat_ma33mo19065-bfae33de-e457-4928-ae98-d9a3985f63b2,15990,4,2022,890000,manuale,Ibrido,110,N,Performance,1.0 T-GDi,Privato,883,francofonte,96015,Sicilia,Isole
Hyundai i30 1.4 t-gdi style dct,https://www.autoscout24.it/annunci/hyundai-i30-1-4-t-gdi-style-dct-benzina-cat_ma33mo19065-2b458793-f097-4357-afd9-d9a875b1186b,16000,8,2018,1060000,automatico,Benzina,110,Style,Middle,1.4 T-GDi,Privato,322,aosta,11100,Valle d'Aosta/Vallée d'Aoste,Nord-ovest
Hyundai i30 1.6 CRDi Mild-Hybrid Prime MHEV,https://www.autoscout24.it/annunci/hyundai-i30-1-6-crdi-mild-hybrid-prime-mhev-elettrica-diesel-grigio-cat_ma33mo19065-f42cf7bd-c78b-49ba-92d6-c2b7b59140a1,15699,5,2021,732840,automatico,Ibrido,110,Prime,Middle,1.6 CRDi 48V,Rivenditore,99,firenze,50145,Toscana,Centro
Hyundai i30 HYUNDAI i30 1.0 T-GDI iMT 48V 5 porte N-Line PREZZO REALE,https://www.autoscout24.it/annunci/hyundai-i30-hyundai-i30-1-0-t-gdi-imt-48v-5-porte-n-line-prezzo-reale-elettrica-benzina-grigio-cat_ma33mo19065-d8f59166-af52-4fdb-b8ed-b3a33377fe85,15900,5,2021,589380,manuale,Ibrido,110,N Line,Sport,1.0 T-GDi,Rivenditore,276,torino,10156,Piemonte,Nord-ovest
Hyundai i30 III Wagon 1.6 crdi Business 115cv dct my20,https://www.autoscout24.it/annunci/hyundai-i30-iii-wagon-1-6-crdi-business-115cv-dct-my20-diesel-grigio-cat_ma33mo19065-83e3ad04-14c1-4c50-ba21-2aaae36c5ec9,16986,5,2021,752980,automatico,Diesel,110,Business,Base,1.6 CRDi,Rivenditore,196,erba,22036,Lombardia,Nord-ovest
Hyundai i30 1.6 crdi 48V Prime 136cv dct,https://www.autoscout24.it/annunci/hyundai-i30-1-6-crdi-48v-prime-136cv-dct-elettrica-diesel-cat_ma33mo19065-06ae1198-a150-4640-a61e-bfd25a1ae184,16500,5,2021,560000,automatico,Ibrido,110,Prime,Middle,1.6 CRDi 48V,Privato,256,alto,12070,Piemonte,Nord-ovest
Hyundai i30 1.0 t-gdi N-line my20,https://www.autoscout24.it/annunci/hyundai-i30-1-0-t-gdi-n-line-my20-benzina-cat_ma33mo19065-a6349202-814f-4582-8a4d-f9cf1eb15cfd,17000,6,2020,750000,manuale,Benzina,110,N Line,Sport,1.0 T-GDi,Privato,116,borgoricco,35010,Veneto,Nord-est
Hyundai i30 1.0 t-gdi N-line my20,https://www.autoscout24.it/annunci/hyundai-i30-1-0-t-gdi-n-line-my20-benzina-cat_ma33mo19065-aa42ab56-80cb-4b9f-8225-1afe6d02e9c9,16900,7,2019,320000,manuale,Benzina,110,N Line,Sport,1.0 T-GDi,Privato,25,bologna,40131,Emilia-Romagna,Nord-est
Hyundai i30 1.0 t-gdi 48V Prime 120cv,https://www.autoscout24.it/annunci/hyundai-i30-1-0-t-gdi-48v-prime-120cv-elettrica-benzina-nero-cat_ma33mo19065-f763d940-819d-46b4-83ce-5ca7e4776859,17400,4,2022,353600,manuale,Ibrido,110,Prime,Middle,1.0 T-GDi,Rivenditore,187,seregno,20831,Lombardia,Nord-ovest
Hyundai i30 Fastback 1.0 t-gdi 48V NLine 120cv,https://www.autoscout24.it/annunci/hyundai-i30-fastback-1-0-t-gdi-48v-nline-120cv-elettrica-benzina-cat_ma33mo19065-5fe85419-33d8-4b88-8280-27d1f9d3f2f0,18500,6,2020,264000,manuale,Ibrido,110,N Line,Sport,1.0 T-GDi,Privato,511,monteforte irpino,83024,Campania,Sud
Hyundai i30 1.0 t-gdi N-line Plus Pack my20,https://www.autoscout24.it/annunci/hyundai-i30-1-0-t-gdi-n-line-plus-pack-my20-benzina-cat_ma33mo19065-6bde5c03-b465-43e5-a0b2-ca2bf6ab761e,18500,6,2020,265480,manuale,Benzina,110,N Line,Sport,1.0 T-GDi,Privato,511,monteforte irpino,83024,Campania,Sud
Hyundai i30 2.0 t-gdi N Performance,https://www.autoscout24.it/annunci/hyundai-i30-2-0-t-gdi-n-performance-benzina-cat_ma33mo19065-669f3dba-e1f2-4a4e-97f4-a5139fb3e0b7,19750,7,2019,1230000,manuale,Benzina,110,N,Performance,2.0 T-GDi N,Privato,245,brunico,39031,Trentino-Alto Adige/Südtirol,Nord-est
Hyundai i30 FASTBACK 1.4 T-GDI 140CV STYLE DCT FS230WY PROMO DEL MESE,https://www.autoscout24.it/annunci/hyundai-i30-fastback-1-4-t-gdi-140cv-style-dct-fs230wy-promo-del-mese-benzina-blu-azzurro-cat_ma33mo19065-fe990f3b-6e74-456f-8059-890efc734a0d,19150,8,2018,7000,automatico,Benzina,110,Style,Middle,1.4 T-GDi,Rivenditore,358,ardea,40,Lazio,Centro
Hyundai i30 1.5 T-GDI iMT 48V 5 porte N-Line,https://www.autoscout24.it/annunci/hyundai-i30-1-5-t-gdi-imt-48v-5-porte-n-line-elettrica-benzina-bianco-cat_ma33mo19065-68a3e93c-8429-49ee-9a6d-8bd1cc84ee88,19950,4,2022,1246000,manuale,Ibrido,110,N Line,Sport,1.5 T-GDi,Rivenditore,14,pieve cento,40066,Emilia-Romagna,Nord-est
Hyundai i30 i30 2.0 TURBO 275CV N PERFORMANCE OTTIME CONDIZIONI / FULL OPTIONAL!!! PREZZO REALE!!!! ORIGINALE!!,https://www.autoscout24.it/annunci/hyundai-i30-i30-2-0-turbo-275cv-n-performance-ottime-condizioni-full-optional-prezzo-reale-originale-benzina-blu-azzurro-cat_ma33mo19065-28ce17f7-9c6d-4714-b506-03dd56e0468e,20999,8,2018,1050000,manuale,Benzina,110,N,Performance,2.0 T-GDi N,Rivenditore,204,cosio valtellino,23013,Lombardia,Nord-ovest
Hyundai i30 i30 2.0 T-GDI 275 CV 5 porte N Performance,https://www.autoscout24.it/annunci/hyundai-i30-i30-2-0-t-gdi-275-cv-5-porte-n-performance-benzina-nero-cat_ma33mo19065-1cb7de32-ae1c-46e7-9706-5ba95f8fa09a,20200,8,2018,930000,manuale,Benzina,110,N,Performance,2.0 T-GDi N,Rivenditore,355,chieti,66100,Abruzzo,Sud
Hyundai i30 i30 2.0 t-gdi N Performance my19 **FULL OPTIONAL!!!**,https://www.autoscout24.it/annunci/hyundai-i30-i30-2-0-t-gdi-n-performance-my19-full-optional-benzina-rosso-cat_ma33mo19065-a6a8fdcf-0ff4-4587-af3f-477ac9e83b93,20500,7,2019,1167550,manuale,Benzina,110,N,Performance,2.0 T-GDi N,Rivenditore,154,arsie,32030,Veneto,Nord-est
Hyundai i30 5 Porte 1.0 T-GDi 48V NLine,https://www.autoscout24.it/annunci/hyundai-i30-5-porte-1-0-t-gdi-48v-nline-elettrica-benzina-bianco-cat_ma33mo19065-11f78cdb-c6c4-4cb8-aee8-b2850b049090,20853,2,2024,186600,automatico,Ibrido,110,N Line,Sport,1.0 T-GDi,Rivenditore,99,firenze,50127,Toscana,Centro
Hyundai i30 i30 2.0 t-gdi N *NO SUPERBOLLO*,https://www.autoscout24.it/annunci/hyundai-i30-i30-2-0-t-gdi-n-no-superbollo-benzina-nero-cat_ma33mo19065-f2fcdb31-7ffb-4301-a008-eb4f08c5eea5,21900,8,2018,890000,manuale,Benzina,110,N,Performance,2.0 T-GDi N,Rivenditore,95,san giovanni ilarione,37035,Veneto,Nord-est
Hyundai i30 i30 III 2017 5p 2.0 t-gdi N Performance my19,https://www.autoscout24.it/annunci/hyundai-i30-i30-iii-2017-5p-2-0-t-gdi-n-performance-my19-benzina-blu-azzurro-cat_ma33mo19065-b66fd8f9-8086-4396-a266-ec1e531ac7f9,21500,7,2019,714000,manuale,Benzina,110,N,Performance,2.0 T-GDi N,Rivenditore,257,vigliano biellese,13856,Piemonte,Nord-ovest
Hyundai i30 2.0 t-gdi N Performance,https://www.autoscout24.it/annunci/hyundai-i30-2-0-t-gdi-n-performance-benzina-cat_ma33mo19065-48881548-11dc-4642-86d8-55ab43c53891,22000,8,2018,830000,manuale,Benzina,110,N,Performance,2.0 T-GDi N,Privato,150,siena,53100,Toscana,Centro
Hyundai i30 i30 III 2.0 t-gdi N Performance 450cv stage 3,https://www.autoscout24.it/annunci/hyundai-i30-i30-iii-2-0-t-gdi-n-performance-450cv-stage-3-benzina-verde-cat_ma33mo19065-a144313c-8deb-41ef-aac7-1aa74893d38b,22000,6,2020,880000,manuale,Benzina,110,N,Performance,2.0 T-GDi N,Privato,205,como,22100,Lombardia,Nord-ovest
Hyundai i30 2.0 t-gdi N Performance,https://www.autoscout24.it/annunci/hyundai-i30-2-0-t-gdi-n-performance-benzina-cat_ma33mo19065-94c103db-cae6-4050-a62e-4a2ad894dae8,22000,8,2018,650000,manuale,Benzina,110,N,Performance,2.0 T-GDi N,Privato,238,fortezza,39045,Trentino-Alto Adige/Südtirol,Nord-est
Hyundai i30 Hyundai i30 N Performance 275 CV,https://www.autoscout24.it/annunci/hyundai-i30-hyundai-i30-n-performance-275-cv-benzina-blu-azzurro-cat_ma33mo19065-0da0ab43-bf53-4932-a0e6-43cc38e7a6f1,21900,8,2018,799000,manuale,Benzina,110,N,Performance,2.0 T-GDi N,Privato,160,osio sotto,24046,Lombardia,Nord-ovest
Hyundai i30 2.0 T-GDI 275 CV 5 porte N Performance,https://www.autoscout24.it/annunci/hyundai-i30-2-0-t-gdi-275-cv-5-porte-n-performance-benzina-nero-cat_ma33mo19065-59fd2f03-81e7-4cea-b236-37e43eb35165,21500,8,2018,961720,manuale,Benzina,110,N,Performance,2.0 T-GDi N,Rivenditore,14,pieve cento,40066,Emilia-Romagna,Nord-est
Hyundai i30 2024 5p 1.0 t-gdi 48V Business 100cv dct,https://www.autoscout24.it/annunci/hyundai-i30-2024-5p-1-0-t-gdi-48v-business-100cv-dct-elettrica-benzina-grigio-cat_ma33mo19065-f90a292b-3e22-4460-a787-5030cd18e42c,21900,1,2025,94530,automatico,Ibrido,110,Business,Base,1.0 T-GDi,Rivenditore,276,torino,10148,Piemonte,Nord-ovest
Hyundai i30 1.0 T-GDI DCT 48V Business,https://www.autoscout24.it/annunci/hyundai-i30-1-0-t-gdi-dct-48v-business-elettrica-benzina-cat_ma33mo19065-777b042a-caf9-4717-bf27-d1f15c16fcc9,21400,2,2024,257000,automatico,Ibrido,110,Business,Base,1.0 T-GDi,Rivenditore,83,pistoia,51100,Toscana,Centro
Hyundai i30 2.0 275 CV N PERFORMANCE SCARICO SPORTIVO,https://www.autoscout24.it/annunci/hyundai-i30-2-0-275-cv-n-performance-scarico-sportivo-benzina-nero-cat_ma33mo19065-cf5e78b9-cd1d-4958-8743-ef6c121f8819,22900,8,2018,859000,manuale,Benzina,110,N,Performance,2.0 T-GDi N,Rivenditore,154,cenate sotto,24069,Lombardia,Nord-ovest
Hyundai i30 i30 III 2019 5p 2.0 t-gdi N Performance,https://www.autoscout24.it/annunci/hyundai-i30-i30-iii-2019-5p-2-0-t-gdi-n-performance-benzina-nero-cat_ma33mo19065-a96cf446-c1fb-4752-a079-4a0247de2950,23000,7,2019,930000,manuale,Benzina,110,N,Performance,2.0 T-GDi N,Privato,348,pescara,65122,Abruzzo,Sud
Hyundai i30 1.5 T-GDI iMT 48V IBRIDA  N-Line KM 7.000!!GARANZIA,https://www.autoscout24.it/annunci/hyundai-i30-1-5-t-gdi-imt-48v-ibrida-n-line-km-7-000-garanzia-elettrica-benzina-nero-cat_ma33mo19065-af17fc06-639c-4288-a0d2-2f62af4cdd75,22950,5,2021,69070,manuale,Ibrido,110,N Line,Sport,1.5 T-GDi,Rivenditore,16,modena,41122,Emilia-Romagna,Nord-est
Hyundai i30 2.0 t-gdi N Performance my19,https://www.autoscout24.it/annunci/hyundai-i30-2-0-t-gdi-n-performance-my19-benzina-grigio-cat_ma33mo19065-92879b85-07d4-4ffd-94a2-f88ce7efa0dc,22500,7,2019,1220000,manuale,Benzina,110,N,Performance,2.0 T-GDi N,Rivenditore,201,barni,22030,Lombardia,Nord-ovest
Hyundai i30 i30 2.0 t-gdi N Performance,https://www.autoscout24.it/annunci/hyundai-i30-i30-2-0-t-gdi-n-performance-benzina-grigio-cat_ma33mo19065-a852f809-cd4a-49bd-9b9b-b2a4cf37b3bb,22500,8,2018,660000,manuale,Benzina,110,N,Performance,2.0 T-GDi N,Rivenditore,204,bolzano,39100,Trentino-Alto Adige/Südtirol,Nord-est
Hyundai i30 N Line Mild-Hybrid,https://www.autoscout24.it/annunci/hyundai-i30-n-line-mild-hybrid-elettrica-benzina-grigio-cat_ma33mo19065-5ebe061b-b4a9-40ca-a0c1-352a5335025d,22900,5,2021,325000,automatico,Ibrido,110,N,Performance,,Privato,190,aldino,39040,Trentino-Alto Adige/Südtirol,Nord-est
Hyundai i30 i30 2.0 t-gdi N Performance,https://www.autoscout24.it/annunci/hyundai-i30-i30-2-0-t-gdi-n-performance-benzina-blu-azzurro-cat_ma33mo19065-94d1f7b9-4070-4f6c-b4a2-d9a4854c9545,23000,7,2019,650000,manuale,Benzina,110,N,Performance,2.0 T-GDi N,Rivenditore,177,milano,20126,Lombardia,Nord-ovest
Hyundai i30 2.0 t-gdi N Performance,https://www.autoscout24.it/annunci/hyundai-i30-2-0-t-gdi-n-performance-benzina-cat_ma33mo19065-62e37518-7cfe-4314-8768-338321cac05d,22500,7,2019,1040000,manuale,Benzina,110,N,Performance,2.0 T-GDi N,Privato,184,belluno,32100,Veneto,Nord-est
Hyundai i30 Classic 2.0 T-GDI N Performance,https://www.autoscout24.it/annunci/hyundai-i30-classic-2-0-t-gdi-n-performance-benzina-nero-cat_ma33mo19065-a1c65d9b-31ec-43db-8c06-1ff6c46e3db0,22500,7,2019,980000,manuale,Benzina,110,N,Performance,2.0 T-GDi N,Rivenditore,111,calvagese riviera,25080,Lombardia,Nord-ovest
Hyundai i30 Wagon 1.0 t-gdi 48V Prime 120cv dct,https://www.autoscout24.it/annunci/hyundai-i30-wagon-1-0-t-gdi-48v-prime-120cv-dct-elettrica-benzina-cat_ma33mo19065-e05dceaf-2cc1-4848-8b5d-ee52b4bfdae6,23000,3,2023,480000,automatico,Ibrido,110,Prime,Middle,1.0 T-GDi,Privato,101,padova,35132,Veneto,Nord-est
Hyundai i30 i30 2.0 T-GDI 275 CV 5 porte N Performance NO VINCOLI,https://www.autoscout24.it/annunci/hyundai-i30-i30-2-0-t-gdi-275-cv-5-porte-n-performance-no-vincoli-benzina-blu-azzurro-cat_ma33mo19065-d23f8509-aa92-4412-a7ce-1f9ba4c6e61f,23200,8,2018,650000,manuale,Benzina,110,N,Performance,2.0 T-GDi N,Rivenditore,123,noale,30033,Veneto,Nord-est
Hyundai i30 Fastback 2.0 T-GDI 275 CV N Performance,https://www.autoscout24.it/annunci/hyundai-i30-fastback-2-0-t-gdi-275-cv-n-performance-benzina-grigio-cat_ma33mo19065-7b083ca4-3386-4611-bce4-6a9b27b90466,23450,7,2019,525180,manuale,Benzina,110,N,Performance,2.0 T-GDi N,Rivenditore,159,cassano d adda,20062,Lombardia,Nord-ovest
Hyundai i30 i30 III 2017 5p 2.0 t-gdi N Performance my20,https://www.autoscout24.it/annunci/hyundai-i30-i30-iii-2017-5p-2-0-t-gdi-n-performance-my20-benzina-nero-cat_ma33mo19065-c9486c5c-3773-4bde-8556-7ba830760402,23900,7,2019,320000,manuale,Benzina,110,N,Performance,2.0 T-GDi N,Privato,184,belluno,32100,Veneto,Nord-est
Hyundai i30 2.0 t-gdi N my19,https://www.autoscout24.it/annunci/hyundai-i30-2-0-t-gdi-n-my19-benzina-cat_ma33mo19065-2708811f-ab86-49f1-a60a-5d8478408468,24000,7,2019,520000,manuale,Benzina,110,N,Performance,2.0 T-GDi N,Privato,105,massa,54100,Toscana,Centro
Hyundai i30 2.0 t-gdi N Performance,https://www.autoscout24.it/annunci/hyundai-i30-2-0-t-gdi-n-performance-benzina-cat_ma33mo19065-f9747e5f-4ac0-4eb5-b769-e3713738bb76,23900,8,2018,786000,manuale,Benzina,110,N,Performance,2.0 T-GDi N,Privato,111,sarzana,19038,Liguria,Nord-ovest
Hyundai i30 2.0 T-GDI 275 CV 5 porte N Performance,https://www.autoscout24.it/annunci/hyundai-i30-2-0-t-gdi-275-cv-5-porte-n-performance-benzina-blu-azzurro-cat_ma33mo19065-f26534de-f7d7-48fe-a820-e8b75e078ad1,23900,7,2019,403930,manuale,Benzina,110,N,Performance,2.0 T-GDi N,Rivenditore,163,refrontolo,31020,Veneto,Nord-est
"Hyundai i30 PERFORMANCE 19"" RETROCAMERA SENS PARK KEYLESS ACCES PRONTA CONSEGNA",https://www.autoscout24.it/annunci/hyundai-i30-performance-19-retrocamera-sens-park-keyless-acces-pronta-consegna-benzina-nero-cat_ma33mo19065-c91895b9-2529-4bd4-8fba-6e48e4675611,23600,6,2020,609000,manuale,Benzina,110,N,Performance,,Rivenditore,229,biandronno,21024,Lombardia,Nord-ovest
Hyundai i30 Hyundai i30N performance,https://www.autoscout24.it/annunci/hyundai-i30-hyundai-i30n-performance-benzina-blu-azzurro-cat_ma33mo19065-90e95290-b494-470a-85ea-554a8bac28a4,23600,8,2018,743250,manuale,Benzina,110,N,Performance,2.0 T-GDi N,Rivenditore,132,rimini,47921,Emilia-Romagna,Nord-est
Hyundai i30 i30 2.0 t-gdi N Performance,https://www.autoscout24.it/annunci/hyundai-i30-i30-2-0-t-gdi-n-performance-benzina-blu-azzurro-cat_ma33mo19065-7da149de-e99f-43fd-a84e-9ecb75bda84a,24000,8,2018,910690,manuale,Benzina,110,N,Performance,2.0 T-GDi N,Privato,135,rovereto,38068,Trentino-Alto Adige/Südtirol,Nord-est
Hyundai i30 2.0 t-gdi N,https://www.autoscout24.it/annunci/hyundai-i30-2-0-t-gdi-n-benzina-cat_ma33mo19065-cd673321-b9bc-44be-b4c7-b6c0a064b28e,23900,8,2018,949000,manuale,Benzina,110,N,Performance,2.0 T-GDi N,Privato,117,santa maria sala,30036,Veneto,Nord-est
Hyundai i30 2.0 t-gdi N my19,https://www.autoscout24.it/annunci/hyundai-i30-2-0-t-gdi-n-my19-benzina-cat_ma33mo19065-4ce20f73-d3ac-43d9-b013-2c7632ea107f,24300,7,2019,540000,manuale,Benzina,110,N,Performance,2.0 T-GDi N,Privato,166,rodano,20053,Lombardia,Nord-ovest
Hyundai i30 i30 2.0 t-gdi N Performance,https://www.autoscout24.it/annunci/hyundai-i30-i30-2-0-t-gdi-n-performance-benzina-blu-azzurro-cat_ma33mo19065-4ddedc0c-a661-4ed1-b4f0-a87080e82187,24600,8,2018,626300,manuale,Benzina,110,N,Performance,2.0 T-GDi N,Privato,180,vedano lambro,20854,Lombardia,Nord-ovest
Hyundai i30 2.0 t-gdi N Performance my19,https://www.autoscout24.it/annunci/hyundai-i30-2-0-t-gdi-n-performance-my19-benzina-cat_ma33mo19065-7baab97a-1ebd-407a-969d-b23fdd804845,25000,7,2019,510000,manuale,Benzina,110,N,Performance,2.0 T-GDi N,Privato,83,pistoia,51100,Toscana,Centro
Hyundai i30 2.0 t-gdi N Performance,https://www.autoscout24.it/annunci/hyundai-i30-2-0-t-gdi-n-performance-benzina-cat_ma33mo19065-3179de9f-104f-4465-866d-6ea0ee7152d4,24800,7,2019,800000,manuale,Benzina,110,N,Performance,2.0 T-GDi N,Privato,222,varese,21100,Lombardia,Nord-ovest
Hyundai i30 1.6 CRDI 136CV 48V PRIME 6725 PROMO DEL MESE,https://www.autoscout24.it/annunci/hyundai-i30-1-6-crdi-136cv-48v-prime-6725-promo-del-mese-elettrica-benzina-bianco-cat_ma33mo19065-cafd997d-78fc-47b3-9862-f6c0f39f6f23,24200,6,2020,75000,manuale,Ibrido,110,Prime,Middle,1.6 CRDi,Rivenditore,358,ardea,40,Lazio,Centro
Hyundai i30 2.0 T-GDI N Performance,https://www.autoscout24.it/annunci/hyundai-i30-2-0-t-gdi-n-performance-benzina-cat_ma33mo19065-c3505e04-d9f1-414d-84c4-9f9d5bb85a3d,26000,5,2021,680000,manuale,Benzina,110,N,Performance,2.0 T-GDi N,Privato,204,bolzano,39100,Trentino-Alto Adige/Südtirol,Nord-est
Hyundai i30 2.0 t-gdi N Performance my20,https://www.autoscout24.it/annunci/hyundai-i30-2-0-t-gdi-n-performance-my20-benzina-cat_ma33mo19065-c7c0abca-ff12-4f90-b7a0-24270900b57b,26000,6,2020,580000,manuale,Benzina,110,N,Performance,2.0 T-GDi N,Privato,189,cles,38023,Trentino-Alto Adige/Südtirol,Nord-est
Hyundai i30 N 2.0 T-gdi 275cv N Performance dct SEDILI GUSCIO,https://www.autoscout24.it/annunci/hyundai-i30-n-2-0-t-gdi-275cv-n-performance-dct-sedili-guscio-benzina-nero-cat_ma33mo19065-f111150b-9016-4c4e-9719-2a3496574846,25900,5,2021,899000,automatico,Benzina,110,N,Performance,2.0 T-GDi N,Rivenditore,189,cesano maderno,20811,Lombardia,Nord-ovest
Hyundai i30 1.0 T-GDI iMT N Line,https://www.autoscout24.it/annunci/hyundai-i30-1-0-t-gdi-imt-n-line-benzina-grigio-cat_ma33mo19065-da7e49f3-f304-48c9-b196-3668fe407bca,25900,0,2026,200,manuale,Benzina,110,N Line,Sport,1.0 T-GDi,Rivenditore,206,andreis,33080,Friuli-Venezia Giulia,Nord-est
Hyundai i30 N Performance 2.0 T-GDI *PRE OPF 109DB,https://www.autoscout24.it/annunci/hyundai-i30-n-performance-2-0-t-gdi-pre-opf-109db-benzina-nero-cat_ma33mo19065-5929308c-54d2-4c2f-8dec-3959f0bf7ea7,25900,8,2018,715000,manuale,Benzina,110,N,Performance,2.0 T-GDi N,Rivenditore,156,trento,38121,Trentino-Alto Adige/Südtirol,Nord-est
Hyundai i30 i30 III 2017 5p 2.0 t-gdi N Performance my19,https://www.autoscout24.it/annunci/hyundai-i30-i30-iii-2017-5p-2-0-t-gdi-n-performance-my19-benzina-bianco-cat_ma33mo19065-9514d490-8955-47ba-818e-20632bb6f940,25900,7,2019,1188840,manuale,Benzina,110,N,Performance,2.0 T-GDi N,Rivenditore,167,san martino siccomario,27028,Lombardia,Nord-ovest
Hyundai i30 N PERFOMANCE 2.0 VARI COLORI E ALLESTIMENTI,https://www.autoscout24.it/annunci/hyundai-i30-n-perfomance-2-0-vari-colori-e-allestimenti-benzina-bianco-cat_ma33mo19065-60b0c59c-e901-4888-bd35-7da5cc54fd19,26900,4,2022,269000,manuale,Benzina,110,N,Performance,,Rivenditore,149,pandino,26025,Lombardia,Nord-ovest
Hyundai i30 N Performance 2.0 VARI COLORI E ALLESTIMENTI,https://www.autoscout24.it/annunci/hyundai-i30-n-performance-2-0-vari-colori-e-allestimenti-benzina-bianco-cat_ma33mo19065-7bcbf96d-a876-4849-9e5b-a61c831e7d5d,26900,4,2022,290000,manuale,Benzina,110,N,Performance,2.0 T-GDi N,Rivenditore,77,arcole,37040,Veneto,Nord-est
Hyundai i30 2.0 t-gdi N Performance,https://www.autoscout24.it/annunci/hyundai-i30-2-0-t-gdi-n-performance-benzina-cat_ma33mo19065-869fa6f2-3347-4433-9b57-0b84a933da4f,27000,7,2019,500000,manuale,Benzina,110,N,Performance,2.0 T-GDi N,Privato,90,pieve san giacomo,26035,Lombardia,Nord-ovest
Hyundai i30 2.0 t-gdi N Performance,https://www.autoscout24.it/annunci/hyundai-i30-2-0-t-gdi-n-performance-benzina-cat_ma33mo19065-6d70b2aa-0718-4405-827d-bd33373620f9,27200,8,2018,592000,manuale,Benzina,110,N,Performance,2.0 T-GDi N,Privato,182,missaglia,23873,Lombardia,Nord-ovest
Hyundai i30 2.0 t-gdi N Performance my19,https://www.autoscout24.it/annunci/hyundai-i30-2-0-t-gdi-n-performance-my19-benzina-cat_ma33mo19065-9ff99cd7-b98d-4a63-a00d-4913eb79c682,28000,7,2019,325000,manuale,Benzina,110,N,Performance,2.0 T-GDi N,Privato,163,baselga pine,38042,Trentino-Alto Adige/Südtirol,Nord-est
Hyundai i30 i30 III 2.0 t-gdi N Performance TRATTABILE,https://www.autoscout24.it/annunci/hyundai-i30-i30-iii-2-0-t-gdi-n-performance-trattabile-benzina-bianco-cat_ma33mo19065-209fcd7a-895e-4248-975f-323497b1e429,28000,7,2019,450000,manuale,Benzina,110,N,Performance,2.0 T-GDi N,Privato,162,bergamo,24125,Lombardia,Nord-ovest
Hyundai i30 i30 N Performance DCT 2.0 T-GDI 280CV,https://www.autoscout24.it/annunci/hyundai-i30-i30-n-performance-dct-2-0-t-gdi-280cv-benzina-blu-azzurro-cat_ma33mo19065-c3dfb5a6-b293-40d3-b6fd-a3800d1436a5,27890,5,2021,731450,automatico,Benzina,110,N,Performance,2.0 T-GDi N,Rivenditore,170,algua,24010,Lombardia,Nord-ovest
Hyundai i30 i30 2.0 t-gdi N Performance dct TETTO STAGE 1,https://www.autoscout24.it/annunci/hyundai-i30-i30-2-0-t-gdi-n-performance-dct-tetto-stage-1-benzina-nero-cat_ma33mo19065-c633f3ed-60a8-4ac6-a800-c81c3905792f,28500,5,2021,990000,automatico,Benzina,110,N,Performance,2.0 T-GDi N,Rivenditore,152,costa volpino,24062,Lombardia,Nord-ovest
Hyundai i30 i30 2.0 t-gdi N Performance,https://www.autoscout24.it/annunci/hyundai-i30-i30-2-0-t-gdi-n-performance-benzina-grigio-cat_ma33mo19065-e1a26a3f-9de4-43ca-a813-defac89cedd8,29900,8,2018,990000,manuale,Benzina,110,N,Performance,2.0 T-GDi N,Privato,187,croviana,38027,Trentino-Alto Adige/Südtirol,Nord-est
Hyundai i30 1.0 T-GDI DCT 48V Business,https://www.automobile.it/pistoia-hyundai-i30-1-0-t-gdi-dct-48v-business/179525843,21400,2,2024,25700,automatico,Ibrido,120,Business,Base,1.0 T-GDi,Rivenditore,83,pistoia,51100,Toscana,Centro
HYUNDAI i30 2.0 T-GDI 275 CV N Performance #tettoapribile,https://www.automobile.it/spinea-hyundai-i30-2-0-t-gdi-275-cv-n-performance-tettoapribile/175419868,26990,8,2018,46500,manuale,Benzina,275,N,Performance,2.0 T-GDi N,Rivenditore,122,spinea,30038,Veneto,Nord-est
HYUNDAI i30 Wagon 1.6 CRDi 136 CV 48V DCT Prime,https://www.automobile.it/vignola-hyundai-i30-wagon-1-6-crdi-136-cv-48v-dct-prime/175303272,21900,5,2021,72000,automatico,Ibrido,136,Prime,Middle,1.6 CRDi,Rivenditore,22,vignola,41058,Emilia-Romagna,Nord-est
HYUNDAI i30 Wagon 1.6 CRDi 110CV DCT Comfort,https://www.automobile.it/crema-hyundai-i30-wagon-1-6-crdi-110cv-dct-comfort/182241420,7500,8,2018,200700,automatico,Diesel,110,Comfort,Middle,1.6 CRDi,Rivenditore,137,crema,26013,Lombardia,Nord-ovest
Hyundai i30 Wagon 1.6 CRDi 136CV DCT Style,https://www.automobile.it/corato-hyundai-i30-wagon-1-6-crdi-136cv-dct-style/184602156,7700,8,2018,204000,automatico,Diesel,136,Style,Middle,1.6 CRDi,Rivenditore,581,corato,70033,Puglia,Sud
Hyundai i30 1.6 CRDi 136CV 5 N-Line perfetta,https://www.automobile.it/frattaminore-hyundai-i30-1-6-crdi-136cv-5-n-line-perfetta/184642749,8700,7,2019,179000,manuale,Diesel,136,N Line,Sport,1.6 CRDi,Rivenditore,485,frattaminore,80020,Campania,Sud
Hyundai i30 Wagon 1.6 CRDi 115CV Business,https://www.automobile.it/pogliano-milanese-hyundai-i30-wagon-1-6-crdi-115cv-business/184655886,9400,7,2019,154000,manuale,Diesel,115,Business,Base,1.6 CRDi,Rivenditore,194,pogliano milanese,20005,Lombardia,Nord-ovest
Hyundai i30 Wagon 1.6 CRDi 136 CV 48V DCT Prime,https://www.automobile.it/vicenza-hyundai-i30-wagon-1-6-crdi-136-cv-48v-dct-prime/182208523,9900,5,2021,130000,automatico,Ibrido,136,Prime,Middle,1.6 CRDi,Rivenditore,103,vicenza,36100,Veneto,Nord-est
Hyundai i30 Wagon 1.0 T-GDI Go! 53 MILA KM,https://www.automobile.it/bernezzo-hyundai-i30-wagon-1-0-t-gdi-go-53-mila-km/182360164,10500,7,2019,53214,manuale,Benzina,120,Go,Base,1.0 T-GDi,Rivenditore,295,bernezzo,12010,Piemonte,Nord-ovest
i30 Wagon 1.6 CRDi 110CV DCT Business con obbligo di finanziamento,https://www.automobile.it/roma-i30-wagon-1-6-crdi-110cv-dct-business-obbligo-finanziamento/183008822,11399,8,2018,95000,automatico,Diesel,110,Business,Base,1.6 CRDi,Rivenditore,326,roma,118,Lazio,Centro
Hyundai i30 1.4 MPI CLASSIC,https://www.automobile.it/saronno-hyundai-i30-1-4-mpi-classic/184592134,11400,8,2018,68371,manuale,Benzina,100,Classic,Base,1.4 MPi,Rivenditore,196,saronno,21047,Lombardia,Nord-ovest
Hyundai i30 1.6 CRDi 110cv DCT Business,https://www.automobile.it/varese-hyundai-i30-1-6-crdi-110cv-dct-business/183505102,11750,8,2018,90500,automatico,Diesel,110,Business,Base,1.6 CRDi,Rivenditore,222,varese,21100,Lombardia,Nord-ovest
HYUNDAI i30 1.0 T-GDI 48V 5p. Prime NEOPATENTATI,https://www.automobile.it/assago-hyundai-i30-1-0-t-gdi-48v-5p-prime-neopatentati/184659203,11900,3,2023,91386,manuale,Ibrido,120,Prime,Middle,1.0 T-GDi,Rivenditore,177,assago,20057,Lombardia,Nord-ovest
Hyundai i30 1.6 CRDi 136 Prime,https://www.automobile.it/lanciano-hyundai-i30-1-6-crdi-136-prime/184441050,12500,5,2021,47000,manuale,Ibrido,116,Prime,Middle,1.6 CRDi,Rivenditore,377,lanciano,66034,Abruzzo,Sud
Hyundai i30 Prime 1.6 CRDi 48V MHEV #50298,https://www.automobile.it/mazzano-hyundai-i30-prime-1-6-crdi-48v-mhev-50298/184593230,12500,5,2021,106900,automatico,Diesel,136,Prime,Middle,1.6 CRDi 48V,Rivenditore,111,mazzano,25080,Lombardia,Nord-ovest
HYUNDAI i30 Wagon 1.0 T-GDI iMT 48V Prime,https://www.automobile.it/dolo-hyundai-i30-wagon-1-0-t-gdi-imt-48v-prime/184122247,12790,3,2023,69900,manuale,Ibrido,120,Prime,Middle,1.0 T-GDi,Rivenditore,112,dolo,30031,Veneto,Nord-est
Hyundai i30 1.6 CRDi 136 CV iMT 48V 5 porte Prime,https://www.automobile.it/castropignano-hyundai-i30-1-6-crdi-136-cv-imt-48v-5-porte-prime/184644131,12900,5,2021,94000,manuale,Ibrido,136,Prime,Middle,1.6 CRDi,Rivenditore,438,castropignano,86010,Molise,Sud
Hyundai i30 i30 Wagon 1.0 t-gdi 48V Prime 120cv,https://www.automobile.it/castelfranco-veneto-hyundai-i30-i30-wagon-1-0-t-gdi-48v-prime-120cv/182342537,13377,3,2023,61311,manuale,Ibrido,120,Prime,Middle,1.0 T-GDi,Rivenditore,128,castelfranco veneto,31033,Veneto,Nord-est
Hyundai i30 1.0 T-GDI iMT 48V N Line,https://www.automobile.it/nocera-inferiore-hyundai-i30-1-0-t-gdi-imt-48v-n-line/183966557,13490,3,2023,85985,manuale,Ibrido,120,N Line,Sport,1.0 T-GDi,Rivenditore,521,nocera inferiore,84014,Campania,Sud
HYUNDAI i30 Wagon 1.6 CRDi 136 CV 48V DCT Prime,https://www.automobile.it/arsie-hyundai-i30-wagon-1-6-crdi-136-cv-48v-dct-prime/184512336,13800,5,2021,95771,automatico,Ibrido,136,Prime,Middle,1.6 CRDi,Rivenditore,154,arsie,32030,Veneto,Nord-est
HYUNDAI i30 Wagon 1.0 T-GDI 48V Prime,https://www.automobile.it/assago-hyundai-i30-wagon-1-0-t-gdi-48v-prime/183353411,13900,3,2023,84257,manuale,Ibrido,120,Prime,Middle,1.0 T-GDi,Rivenditore,177,assago,20057,Lombardia,Nord-ovest
HYUNDAI i30 Wagon 1.0 T-GDI iMT 48V Prime NO VINCOLI !!!!,https://www.automobile.it/fiumicino-hyundai-i30-wagon-1-0-t-gdi-imt-48v-prime-vincoli/184445659,13900,3,2023,70000,manuale,Ibrido,120,Prime,Middle,1.0 T-GDi,Rivenditore,333,fiumicino,54,Lazio,Centro
Hyundai i30 1.6 CRDi 136 CV 48V DCT 5 porte Prime,https://www.automobile.it/marano-principato-hyundai-i30-1-6-crdi-136-cv-48v-dct-5-porte-prime/184332158,13999,4,2022,80000,manuale,Ibrido,136,Prime,Middle,1.6 CRDi,Rivenditore,727,marano principato,87040,Calabria,Sud
HYUNDAI i30 Wagon 1.0 T-GDI iMT 48V Prime,https://www.automobile.it/arsie-hyundai-i30-wagon-1-0-t-gdi-imt-48v-prime/184521806,14000,3,2023,74683,manuale,Ibrido,120,Prime,Middle,1.0 T-GDi,Rivenditore,154,arsie,32030,Veneto,Nord-est
HYUNDAI i30 Wagon 1.0 T-GDI iMT 120CV 48V Prime,https://www.automobile.it/arsie-hyundai-i30-wagon-1-0-t-gdi-imt-120cv-48v-prime/184496540,14000,3,2023,70104,manuale,Ibrido,120,Prime,Middle,1.0 T-GDi,Rivenditore,154,arsie,32030,Veneto,Nord-est
HYUNDAI i30 1.0 T-GDI 12V 5 porte N-Line,https://www.automobile.it/bologna-hyundai-i30-1-0-t-gdi-12v-5-porte-n-line/182034242,14099,7,2019,67033,manuale,Benzina,120,N Line,Sport,1.0 T-GDi,Rivenditore,25,bologna,40121,Emilia-Romagna,Nord-est
HYUNDAI i30 Wagon 1.0 T-GDI iMT 48V Prime,https://www.automobile.it/arsie-hyundai-i30-wagon-1-0-t-gdi-imt-48v-prime/184639875,14500,3,2023,67996,manuale,Ibrido,120,Prime,Middle,1.0 T-GDi,Rivenditore,154,arsie,32030,Veneto,Nord-est
HYUNDAI i30 Wagon 1.0 T-GDI iMT 48V Prime,https://www.automobile.it/arsie-hyundai-i30-wagon-1-0-t-gdi-imt-48v-prime/181375354,14800,4,2022,64758,manuale,Ibrido,120,Prime,Middle,1.0 T-GDi,Rivenditore,154,arsie,32030,Veneto,Nord-est
Hyundai i30 1.6 CRDi 136 CV 48V DCT 5 porte Prime,https://www.automobile.it/cepagatti-hyundai-i30-1-6-crdi-136-cv-48v-dct-5-porte-prime/184566160,14900,5,2021,92543,automatico,Ibrido,136,Prime,Middle,1.6 CRDi,Rivenditore,348,cepagatti,65012,Abruzzo,Sud
Hyundai i30 1.6 CRDi 136 CV 48V DCT 5 porte Prime,https://www.automobile.it/cepagatti-hyundai-i30-1-6-crdi-136-cv-48v-dct-5-porte-prime/184566162,14900,5,2021,101869,automatico,Ibrido,136,Prime,Middle,1.6 CRDi,Rivenditore,348,cepagatti,65012,Abruzzo,Sud
Hyundai i30 1.6 CRDi 136 CV 48V DCT 5 porte Prime,https://www.automobile.it/campobasso-hyundai-i30-1-6-crdi-136-cv-48v-dct-5-porte-prime/184566521,14900,5,2021,101869,automatico,Ibrido,136,Prime,Middle,1.6 CRDi,Rivenditore,448,campobasso,86100,Molise,Sud
HYUNDAI i30 Wagon 1.6 CRDi 136 CV iMT 48V Prime,https://www.automobile.it/caltagirone-hyundai-i30-wagon-1-6-crdi-136-cv-imt-48v-prime/182736112,15990,5,2021,32000,manuale,Ibrido,136,Prime,Middle,1.6 CRDi,Rivenditore,872,caltagirone,95041,Sicilia,Isole
Hyundai i30 Wagon 1.6 CRDi 136 CV 48V DCT Prime,https://www.automobile.it/cepagatti-hyundai-i30-wagon-1-6-crdi-136-cv-48v-dct-prime/184566169,16500,5,2021,67129,automatico,Ibrido,136,Prime,Middle,1.6 CRDi,Rivenditore,348,cepagatti,65012,Abruzzo,Sud
Hyundai i30 Wagon 1.6 CRDi 136 CV iMT 48V Prime,https://www.automobile.it/campobasso-hyundai-i30-wagon-1-6-crdi-136-cv-imt-48v-prime/184566512,16500,5,2021,67129,manuale,Ibrido,136,Prime,Middle,1.6 CRDi,Rivenditore,448,campobasso,86100,Molise,Sud
Hyundai i30 III Wagon 1.6 crdi Business 115cv dct my20,https://www.automobile.it/albavilla-hyundai-i30-iii-wagon-1-6-crdi-business-115cv-dct-my20/183992424,16986,5,2021,75298,automatico,Diesel,115,Business,Base,1.6 CRDi,Rivenditore,198,albavilla,22031,Lombardia,Nord-ovest
Hyundai i30 i30 Wagon 1.0 T-GDI iMT 48V 120cv Prime,https://www.automobile.it/roe-volciano-hyundai-i30-i30-wagon-1-0-t-gdi-imt-48v-120cv-prime/182067536,17500,3,2023,60300,manuale,Ibrido,120,Prime,Middle,1.0 T-GDi,Rivenditore,117,roe volciano,25077,Lombardia,Nord-ovest
Hyundai i30 1.0 T-GDI iMT 48V 5 porte Prime,https://www.automobile.it/salerno-hyundai-i30-1-0-t-gdi-imt-48v-5-porte-prime/178396256,17850,3,2023,200,automatico,Ibrido,120,Prime,Middle,1.0 T-GDi,Rivenditore,533,salerno,84121,Campania,Sud
HYUNDAI i30 2.0 T-GDI 275 CV 5 porte N Performance,https://www.automobile.it/montesilvano-hyundai-i30-2-0-t-gdi-275-cv-5-porte-n-performance/184429802,20200,8,2018,93000,manuale,Benzina,275,N,Performance,2.0 T-GDi N,Rivenditore,341,montesilvano,65015,Abruzzo,Sud
Hyundai i30 1.0 T-GDI 12V 5 porte Business,https://www.automobile.it/nola-hyundai-i30-1-0-t-gdi-12v-5-porte-business/182853053,21490,0,2026,0,manuale,Benzina,120,Business,Base,1.0 T-GDi,Rivenditore,499,nola,80035,Campania,Sud
Hyundai i30 1.0 T-GDI 12V 5 porte Business,https://www.automobile.it/nola-hyundai-i30-1-0-t-gdi-12v-5-porte-business/182853059,21490,0,2026,0,manuale,Benzina,120,Business,Base,1.0 T-GDi,Rivenditore,499,nola,80035,Campania,Sud
Hyundai i30 2.0 T-GDI 275 CV 5 porte N Performance,https://www.automobile.it/vigliano-biellese-hyundai-i30-2-0-t-gdi-275-cv-5-porte-n-performance/184618889,21500,7,2019,71400,manuale,Benzina,275,N,Performance,2.0 T-GDi N,Rivenditore,257,vigliano biellese,13856,Piemonte,Nord-ovest
Hyundai i30 Classic 2.0 T-GDI N Performance #50476,https://www.automobile.it/mazzano-hyundai-i30-classic-2-0-t-gdi-n-performance-50476/184600878,22500,7,2019,98000,manuale,Benzina,275,N,Performance,2.0 T-GDi N,Rivenditore,111,mazzano,25080,Lombardia,Nord-ovest
HYUNDAI i30 2.0 275 CV N PERFORMANCE SCARICO SPORTIVO,https://www.automobile.it/san-paolo-d-argon-hyundai-i30-2-0-275-cv-n-performance-scarico-sportivo/184630702,22900,8,2018,85900,manuale,Benzina,275,N,Performance,2.0 T-GDi N,Rivenditore,154,san paolo d argon,24060,Lombardia,Nord-ovest
Hyundai i30 1.5 T-GDI iMT 48V IBRIDA N-Line KM 7.000!!GARANZIA,https://www.automobile.it/modena-hyundai-i30-1-5-t-gdi-imt-48v-ibrida-n-line-km-7-000-garanzia/182957886,22950,5,2021,6907,manuale,Ibrido,160,N Line,Sport,1.5 T-GDi,Rivenditore,16,modena,41121,Emilia-Romagna,Nord-est
HYUNDAI i30 2.0 T-GDI 275 CV 5 porte N Performance,https://www.automobile.it/noale-hyundai-i30-2-0-t-gdi-275-cv-5-porte-n-performance/184260341,23200,8,2018,65000,manuale,Benzina,275,N,Performance,2.0 T-GDi N,Rivenditore,123,noale,30033,Veneto,Nord-est
Hyundai i30 1.0 T-GDI DCT 48V 5 porte Business,https://www.automobile.it/nola-hyundai-i30-1-0-t-gdi-dct-48v-5-porte-business/182853149,23890,0,2026,0,automatico,Ibrido,120,Business,Base,1.0 T-GDi,Rivenditore,499,nola,80035,Campania,Sud
Hyundai i30 1.0 T-GDI DCT 48V 5 porte Business,https://www.automobile.it/nola-hyundai-i30-1-0-t-gdi-dct-48v-5-porte-business/182853232,23890,0,2026,0,automatico,Ibrido,120,Business,Base,1.0 T-GDi,Rivenditore,499,nola,80035,Campania,Sud
Hyundai i30 N 2.0 T-gdi 275cv N Performance dct SEDILI GUSCIO,https://www.automobile.it/cesano-maderno-hyundai-i30-n-2-0-t-gdi-275cv-n-performance-dct-sedili-guscio/184629593,25900,5,2021,89900,automatico,Benzina,275,N,Performance,2.0 T-GDi N,Rivenditore,189,cesano maderno,20811,Lombardia,Nord-ovest
HYUNDAI i30 2.0 T-GDI 280 CV 5 porte DCT N Performance,https://www.automobile.it/villa-guardia-hyundai-i30-2-0-t-gdi-280-cv-5-porte-dct-n-performance/183847796,27000,5,2021,54000,automatico,Benzina,280,N,Performance,2.0 T-GDi N,Rivenditore,206,villa guardia,22079,Lombardia,Nord-ovest
Hyundai i30 2.0 T-GDI 280 CV 5 porte DCT N Performance,https://www.automobile.it/sorisole-hyundai-i30-2-0-t-gdi-280-cv-5-porte-dct-n-performance/183720593,27890,4,2022,73145,automatico,Benzina,280,N,Performance,2.0 T-GDi N,Rivenditore,166,sorisole,24010,Lombardia,Nord-ovest
Hyundai i30 N PERFORMANCE,https://www.automobile.it/costa-volpino-hyundai-i30-n-performance/183405149,28500,5,2021,99000,automatico,Benzina,275,N,Performance,2.0 T-GDi N,Rivenditore,152,costa volpino,24062,Lombardia,Nord-ovest
HYUNDAI I30 1.0 T-GDI iMT 48V 5 porte Prime 2023 *,https://www.subito.it/auto/hyundai-i30-1-0-t-gdi-imt-48v-5-porte-prime-2023-firenze-663385340.htm,12499,3,2023,93511,manuale,Diesel,120,Prime,Middle,1.0 T-GDi,Rivenditore,106,empoli,50053,Toscana,Centro
HYUNDAI i30 Wagon 1.6 CRDi 110CV DCT Comfort,https://www.subito.it/auto/hyundai-i30-wagon-1-6-crdi-110cv-dct-comfort-cremona-636262777.htm,7500,8,2018,200700,automatico,Diesel,110,Comfort,Middle,1.6 CRDi,Rivenditore,137,crema,26013,Lombardia,Nord-ovest
Hyundai i30 N 2.0 T-gdi 275cv N Performance dct SE,https://www.subito.it/auto/hyundai-i30-n-2-0-t-gdi-275cv-n-performance-dct-se-monza-663340578.htm,25900,5,2021,89900,automatico,Benzina,275,N,Performance,2.0 T-GDi N,Rivenditore,189,cesano maderno,20811,Lombardia,Nord-ovest
Hyundai i30 n performance stage 3 da 450cv,https://www.subito.it/auto/hyundai-i30-n-performance-stage-3-da-450cv-como-653808492.htm,22000,6,2020,88000,manuale,Benzina,450,N,Performance,2.0 T-GDi N,Privato,205,como,22100,Lombardia,Nord-ovest
Hyundai i30 1.0 T-GDI iMT 48V 5 porte Prime,https://www.subito.it/auto/hyundai-i30-1-0-t-gdi-imt-48v-5-porte-prime-salerno-649741959.htm,17850,3,2023,200,automatico,Ibrido,120,Prime,Middle,1.0 T-GDi,Rivenditore,533,salerno,84121,Campania,Sud
Hyundai i30 1.0 T-GDI iMT 48V N Line,https://www.subito.it/auto/hyundai-i30-1-0-t-gdi-imt-48v-n-line-salerno-652246782.htm,13490,3,2023,85985,manuale,Diesel,120,N Line,Sport,1.0 T-GDi,Rivenditore,521,nocera inferiore,84014,Campania,Sud
Hyundai i30 2.0 T-GDI 275 CV 5 porte N Performance,https://www.subito.it/auto/hyundai-i30-2-0-t-gdi-275-cv-5-porte-n-performance-biella-663165895.htm,21500,7,2019,71400,manuale,Benzina,275,N,Performance,2.0 T-GDi N,Rivenditore,257,vigliano biellese,13856,Piemonte,Nord-ovest
HYUNDAI i30 Wagon 1.0 T-GDI iMT 120CV 48V Prime,https://www.subito.it/auto/hyundai-i30-wagon-1-0-t-gdi-imt-120cv-48v-prime-belluno-662059218.htm,14000,3,2023,70104,manuale,Diesel,120,Prime,Middle,1.0 T-GDi,Rivenditore,154,arsie,32030,Veneto,Nord-est
HYUNDAI i30 1.0 T-GDI 48V 5p. Prime NEOPATENTATI,https://www.subito.it/auto/hyundai-i30-1-0-t-gdi-48v-5p-prime-neopatentati-milano-663809956.htm,11900,3,2023,91386,manuale,Diesel,120,Prime,Middle,1.0 T-GDi,Rivenditore,177,milano,20121,Lombardia,Nord-ovest
HYUNDAI i30 Wagon 1.0 T-GDI iMT 48V Prime,https://www.subito.it/auto/hyundai-i30-wagon-1-0-t-gdi-imt-48v-prime-belluno-661627979.htm,14000,3,2023,74683,manuale,Diesel,120,Prime,Middle,1.0 T-GDi,Rivenditore,154,arsie,32030,Veneto,Nord-est
Hyundai i30 Wagon 1.6 CRDi 115CV Business,https://www.subito.it/auto/hyundai-i30-wagon-1-6-crdi-115cv-business-milano-663793722.htm,9400,7,2019,154000,manuale,Diesel,115,Business,Base,1.6 CRDi,Rivenditore,194,pogliano milanese,20005,Lombardia,Nord-ovest
Hyundai i30 N PERFORMANCE,https://www.subito.it/auto/hyundai-i30-n-performance-bergamo-643521597.htm,28500,5,2021,99000,automatico,Benzina,275,N,Performance,2.0 T-GDi N,Rivenditore,152,costa volpino,24062,Lombardia,Nord-ovest
HYUNDAI i30 2.0 T-GDI 275 CV 5 porte N Performance,https://www.subito.it/auto/hyundai-i30-2-0-t-gdi-275-cv-5-porte-n-performance-venezia-656777163.htm,23200,8,2018,65000,manuale,Benzina,275,N,Performance,2.0 T-GDi N,Rivenditore,123,noale,30033,Veneto,Nord-est
Hyundai i30 1.0 T-GDI iMT 48V 5 porte Prime 120CV,https://www.subito.it/auto/hyundai-i30-1-0-t-gdi-imt-48v-5-porte-prime-120cv-caserta-663734449.htm,11990,3,2023,100000,automatico,Ibrido,120,Prime,Middle,1.0 T-GDi,Rivenditore,480,aversa,81031,Campania,Sud
Hyundai i30 1.6 CRDi 136 CV iMT 48V 5 porte Prime,https://www.subito.it/auto/hyundai-i30-1-6-crdi-136-cv-imt-48v-5-porte-prime-campobasso-663650558.htm,12900,5,2021,94000,manuale,Ibrido,136,Prime,Middle,1.6 CRDi,Rivenditore,438,castropignano,86010,Molise,Sud
Hyundai i30 1.6 CRDi 136 Prime,https://www.subito.it/auto/hyundai-i30-1-6-crdi-136-prime-chieti-660210692.htm,12500,5,2021,47000,manuale,Ibrido,116,Prime,Middle,1.6 CRDi,Rivenditore,377,lanciano,66034,Abruzzo,Sud
Hyundai i30 1.6 CRDi 136CV 5 N-Line perfetta,https://www.subito.it/auto/hyundai-i30-1-6-crdi-136cv-5-n-line-perfetta-napoli-663624423.htm,8700,7,2019,179000,manuale,Diesel,136,N Line,Sport,1.6 CRDi,Rivenditore,485,frattaminore,80020,Campania,Sud
HYUNDAI i30 2.0 T-GDI 275 CV 5 porte N Performan,https://www.subito.it/auto/hyundai-i30-2-0-t-gdi-275-cv-5-porte-n-performan-bologna-660958347.htm,22450,8,2018,96172,manuale,Benzina,275,N,Performance,2.0 T-GDi N,Rivenditore,14,pieve cento,40066,Emilia-Romagna,Nord-est
Hyundai i30 N Performance 2.0 T-GDI 275 CV,https://www.subito.it/auto/hyundai-i30-n-performance-2-0-t-gdi-275-cv-torino-663610525.htm,24900,8,2018,75000,manuale,Benzina,275,N,Performance,2.0 T-GDi N,Privato,276,torino,10121,Piemonte,Nord-ovest
i30 Wagon 1.6 CRDi 110CV DCT Business con obbligo ,https://www.subito.it/auto/i30-wagon-1-6-crdi-110cv-dct-business-con-obbligo-roma-637372135.htm,9999,8,2018,95000,automatico,Diesel,110,Business,Base,1.6 CRDi,Rivenditore,326,roma,118,Lazio,Centro
HYUNDAI i30 Wagon 1.0 T-GDI iMT 48V Prime,https://www.subito.it/auto/hyundai-i30-wagon-1-0-t-gdi-imt-48v-prime-belluno-663575572.htm,14500,3,2023,67996,manuale,Diesel,120,Prime,Middle,1.0 T-GDi,Rivenditore,154,arsie,32030,Veneto,Nord-est
HYUNDAI i30 1.5 T-GDI iMT 48V 5 porte N-Line,https://www.subito.it/auto/hyundai-i30-1-5-t-gdi-imt-48v-5-porte-n-line-bologna-660961190.htm,19950,4,2022,124600,manuale,Diesel,160,N Line,Sport,1.5 T-GDi,Rivenditore,14,pieve cento,40066,Emilia-Romagna,Nord-est
HYUNDAI i30 1.5 T-GDI DCT 48V 5 porte N-Line,https://www.subito.it/auto/hyundai-i30-1-5-t-gdi-dct-48v-5-porte-n-line-bologna-660967878.htm,24950,5,2021,36999,automatico,Diesel,160,N Line,Sport,1.5 T-GDi,Rivenditore,14,pieve cento,40066,Emilia-Romagna,Nord-est
HYUNDAI i30 2.0 275 CV N PERFORMANCE SCARICO SPO,https://www.subito.it/auto/hyundai-i30-2-0-275-cv-n-performance-scarico-spo-bergamo-663440945.htm,22900,8,2018,85900,manuale,Benzina,275,N,Performance,2.0 T-GDi N,Rivenditore,154,san paolo d argon,24060,Lombardia,Nord-ovest
HYUNDAI i30 Wagon 1.6 CRDi 136 CV 48V DCT Prime,https://www.subito.it/auto/hyundai-i30-wagon-1-6-crdi-136-cv-48v-dct-prime-belluno-662292564.htm,13800,5,2021,95771,automatico,Diesel,136,Prime,Middle,1.6 CRDi,Rivenditore,154,arsie,32030,Veneto,Nord-est
HYUNDAI i30 2.0 T-GDI 275 CV 5 porte N Performan,https://www.subito.it/auto/hyundai-i30-2-0-t-gdi-275-cv-5-porte-n-performan-bologna-660885192.htm,28950,5,2021,47999,manuale,Benzina,275,N,Performance,2.0 T-GDi N,Rivenditore,14,pieve cento,40066,Emilia-Romagna,Nord-est
hyundai i30n performance TRATTABILE,https://www.subito.it/auto/hyundai-i30n-performance-trattabile-bergamo-663275876.htm,28000,2,2024,45000,manuale,Benzina,275,N,Performance,2.0 T-GDi N,Privato,162,bergamo,24121,Lombardia,Nord-ovest
HYUNDAI i30 Wagon 1.6 CRDi 136 CV iMT 48V Prime,https://www.subito.it/auto/hyundai-i30-wagon-1-6-crdi-136-cv-imt-48v-prime-catania-636246623.htm,15990,5,2021,32000,manuale,Diesel,136,Prime,Middle,1.6 CRDi,Rivenditore,872,caltagirone,95041,Sicilia,Isole
Hyundai i30 Wagon 1.6 CRDi 136CV DCT Style,https://www.subito.it/auto/hyundai-i30-wagon-1-6-crdi-136cv-dct-style-bari-662927284.htm,7700,8,2018,204000,automatico,Diesel,136,Style,Middle,1.6 CRDi,Rivenditore,581,corato,70033,Puglia,Sud
HYUNDAI i30 Wagon 1.0 T-GDI iMT 48V Prime,https://www.subito.it/auto/hyundai-i30-wagon-1-0-t-gdi-imt-48v-prime-venezia-661950445.htm,12790,3,2023,69900,manuale,Diesel,120,Prime,Middle,1.0 T-GDi,Rivenditore,112,dolo,30031,Veneto,Nord-est
Hyundai i30 Classic 2.0 T-GDI N Performance #50476,https://www.subito.it/auto/hyundai-i30-classic-2-0-t-gdi-n-performance-50476-brescia-662911735.htm,22500,7,2019,98000,manuale,Benzina,275,N,Performance,2.0 T-GDi N,Rivenditore,111,mazzano,25080,Lombardia,Nord-ovest
Hyundai i30 Prime 1.6 CRDi 48V MHEV #50298,https://www.subito.it/auto/hyundai-i30-prime-1-6-crdi-48v-mhev-50298-brescia-662864616.htm,12500,5,2021,106900,automatico,Diesel,136,Prime,Middle,1.6 CRDi 48V,Rivenditore,111,mazzano,25080,Lombardia,Nord-ovest
Hyundai i30 N-Line 1.0T-GDI 2020,https://www.subito.it/auto/hyundai-i30-n-line-1-0t-gdi-2020-aosta-662801685.htm,15800,6,2020,88000,manuale,Ibrido,120,N Line,Sport,1.0 T-GDi,Privato,292,verres,11029,Valle d'Aosta/Vallée d'Aoste,Nord-ovest
Hyundai i30 N-Line 1.5tgdi 160cv 2023,https://www.subito.it/auto/hyundai-i30-n-line-1-5tgdi-160cv-2023-varese-662800037.htm,23900,3,2023,67800,automatico,Ibrido,160,N Line,Sport,1.5 T-GDi,Privato,222,varese,21100,Lombardia,Nord-ovest
Hyundai i30 1.6 CRDi 136 CV 48V DCT 5 porte Prime,https://www.subito.it/auto/hyundai-i30-1-6-crdi-136-cv-48v-dct-5-porte-prime-campobasso-662426411.htm,14900,5,2021,101869,automatico,Ibrido,136,Prime,Middle,1.6 CRDi,Rivenditore,448,campobasso,86100,Molise,Sud
Hyundai i30 Wagon 1.6 CRDi 136 CV iMT 48V Prime,https://www.subito.it/auto/hyundai-i30-wagon-1-6-crdi-136-cv-imt-48v-prime-campobasso-662426304.htm,16500,5,2021,67129,manuale,Ibrido,136,Prime,Middle,1.6 CRDi,Rivenditore,448,campobasso,86100,Molise,Sud
Hyundai i30 Wagon 1.6 CRDi 136 CV 48V DCT Prime,https://www.subito.it/auto/hyundai-i30-wagon-1-6-crdi-136-cv-48v-dct-prime-pescara-662419685.htm,16500,5,2021,67129,automatico,Ibrido,136,Prime,Middle,1.6 CRDi,Rivenditore,348,cepagatti,65012,Abruzzo,Sud
Hyundai i30 1.6 CRDi 136 CV 48V DCT 5 porte Prime,https://www.subito.it/auto/hyundai-i30-1-6-crdi-136-cv-48v-dct-5-porte-prime-pescara-662419551.htm,14900,5,2021,101869,automatico,Ibrido,136,Prime,Middle,1.6 CRDi,Rivenditore,348,cepagatti,65012,Abruzzo,Sud
Hyundai i30 1.6 CRDi 136 CV 48V DCT 5 porte Prime,https://www.subito.it/auto/hyundai-i30-1-6-crdi-136-cv-48v-dct-5-porte-prime-pescara-662419509.htm,14900,5,2021,92543,automatico,Ibrido,136,Prime,Middle,1.6 CRDi,Rivenditore,348,cepagatti,65012,Abruzzo,Sud
Hyundai i30 N 2.0 T-GDI Performance 275 CV,https://www.subito.it/auto/hyundai-i30-n-2-0-t-gdi-performance-275-cv-bergamo-662334178.htm,21900,8,2018,79900,manuale,Benzina,275,N,Performance,2.0 T-GDi N,Privato,160,osio sotto,24046,Lombardia,Nord-ovest
Hyundai i30 1.4 MPI CLASSIC,https://www.subito.it/auto/hyundai-i30-1-4-mpi-classic-varese-662330438.htm,11400,8,2018,68371,manuale,Benzina,100,Classic,Base,1.4 MPi,Rivenditore,196,saronno,21047,Lombardia,Nord-ovest
Hyundai i30 2.0 T-GDI 280 CV 5 porte DCT N Perform,https://www.subito.it/auto/hyundai-i30-2-0-t-gdi-280-cv-5-porte-dct-n-perform-bergamo-648384833.htm,27890,4,2022,73145,automatico,Benzina,280,N,Performance,2.0 T-GDi N,Rivenditore,166,sorisole,24010,Lombardia,Nord-ovest
Hyundai i30 1.0 t-gdi 48V NLine 100cv dct,https://www.subito.it/auto/hyundai-i30-1-0-t-gdi-48v-nline-100cv-dct-firenze-661778305.htm,22074,2,2024,18660,automatico,Diesel,100,N Line,Sport,1.0 T-GDi,Rivenditore,99,firenze,50121,Toscana,Centro
Hyundai i30 N N Performance 2.0 T-GDI *PRE OP...,https://www.subito.it/auto/hyundai-i30-n-n-performance-2-0-t-gdi-pre-op-trento-661543325.htm,25900,8,2018,71500,manuale,Benzina,275,N,Performance,2.0 T-GDi N,Rivenditore,156,trento,38121,Trentino-Alto Adige/Südtirol,Nord-est
Hyundai i30 N line grdi 136 cv,https://www.subito.it/auto/hyundai-i30-n-line-grdi-136-cv-grosseto-661389021.htm,12500,6,2020,133000,manuale,Diesel,136,N,Performance,,Privato,180,massa marittima,58024,Toscana,Centro
Hyundai I30N performance,https://www.subito.it/auto/hyundai-i30n-performance-venezia-661326297.htm,22500,8,2018,116000,manuale,Benzina,275,N,Performance,2.0 T-GDi N,Privato,115,mira,30034,Veneto,Nord-est
Hyundai i30 N Performance,https://www.subito.it/auto/hyundai-i30-n-performance-vicenza-660868861.htm,22500,3,2023,89000,manuale,Benzina,275,N,Performance,2.0 T-GDi N,Privato,103,vicenza,36100,Veneto,Nord-est
Hyundai I30N - 280cv,https://www.subito.it/auto/hyundai-i30n-280cv-cuneo-660826817.htm,27000,3,2023,65000,automatico,Benzina,280,N,Performance,,Privato,275,savigliano,12038,Piemonte,Nord-ovest
Hyundai i30 N Line 120cv 48V Mild Hybrid ,https://www.subito.it/auto/hyundai-i30-n-line-120cv-48v-mild-hybrid-siracusa-660399102.htm,15990,4,2022,89000,manuale,Ibrido,120,N,Performance,,Privato,883,francofonte,96015,Sicilia,Isole
HYUNDAI i30 2.0 T-GDI 275 CV 5 porte N Performance,https://www.subito.it/auto/hyundai-i30-2-0-t-gdi-275-cv-5-porte-n-performance-pescara-660143130.htm,20200,8,2018,93000,manuale,Benzina,275,N,Performance,2.0 T-GDi N,Rivenditore,341,montesilvano,65015,Abruzzo,Sud
Hyundai i30 1.6 CRDi 110 CV Business + Prime Editi,https://www.subito.it/auto/hyundai-i30-1-6-crdi-110-cv-business-prime-editi-verona-659948927.htm,9500,8,2018,98500,manuale,Diesel,110,Business,Base,1.6 CRDi,Privato,60,legnago,37045,Veneto,Nord-est
Hyundai i30 N Performance 275 CV,https://www.subito.it/auto/hyundai-i30-n-performance-275-cv-cremona-650514942.htm,27000,7,2019,50000,manuale,Benzina,275,N,Performance,2.0 T-GDi N,Privato,90,pieve san giacomo,26035,Lombardia,Nord-ovest
Hyundai i30N Performance 275cv,https://www.subito.it/auto/hyundai-i30n-performance-275cv-belluno-658507394.htm,22500,4,2022,104000,manuale,Benzina,275,N,Performance,2.0 T-GDi N,Privato,184,belluno,32100,Veneto,Nord-est
Hyundai i30 1.6 CRDi 136 CV 48V DCT 5 porte Prime,https://www.subito.it/auto/hyundai-i30-1-6-crdi-136-cv-48v-dct-5-porte-prime-cosenza-658252905.htm,13999,4,2022,80000,manuale,Ibrido,136,Prime,Middle,1.6 CRDi,Rivenditore,727,marano principato,87040,Calabria,Sud
i30N PERFORMANCE 2019,https://www.subito.it/auto/i30n-performance-2019-pistoia-656387457.htm,25000,7,2019,51000,manuale,Benzina,275,N,Performance,2.0 T-GDi N,Privato,83,pistoia,51100,Toscana,Centro
Hyundai i30 N Performance ,https://www.subito.it/auto/hyundai-i30-n-performance-como-655964956.htm,23700,8,2018,81000,manuale,Benzina,275,N,Performance,2.0 T-GDi N,Privato,218,carlazzo,22010,Lombardia,Nord-ovest
Hyundai i30 1.0 T-GDI DCT 48V 5 porte Business,https://www.subito.it/auto/hyundai-i30-1-0-t-gdi-dct-48v-5-porte-business-napoli-655927402.htm,23890,0,2026,0,automatico,Diesel,120,Business,Base,1.0 T-GDi,Rivenditore,499,nola,80035,Campania,Sud
Hyundai i30 1.0 T-GDI 12V 5 porte Business,https://www.subito.it/auto/hyundai-i30-1-0-t-gdi-12v-5-porte-business-napoli-655926379.htm,21490,0,2026,0,manuale,Benzina,120,Business,Base,1.0 T-GDi,Rivenditore,499,nola,80035,Campania,Sud
Hyundai i30 1.0 T-GDI 12V 5 porte Business,https://www.subito.it/auto/hyundai-i30-1-0-t-gdi-12v-5-porte-business-napoli-655926285.htm,21490,0,2026,0,manuale,Benzina,120,Business,Base,1.0 T-GDi,Rivenditore,499,nola,80035,Campania,Sud
Hyundai i30n performance fastback 2019,https://www.subito.it/auto/hyundai-i30n-performance-fastback-2019-bolzano-654258655.htm,19000,1,2025,122000,manuale,Benzina,275,N,Performance,2.0 T-GDi N,Privato,245,brunico,39031,Trentino-Alto Adige/Südtirol,Nord-est
HYUNDAI i30 Wagon 1.0 T-GDI iMT 48V Prime NO VIN,https://www.subito.it/auto/hyundai-i30-wagon-1-0-t-gdi-imt-48v-prime-no-vin-roma-653718479.htm,13900,3,2023,70000,manuale,Diesel,120,Prime,Middle,1.0 T-GDi,Rivenditore,333,fiumicino,54,Lazio,Centro
HYUNDAI i30 Wagon 1.6 CRDi 136 CV hibrid Prime,https://www.subito.it/auto/hyundai-i30-wagon-1-6-crdi-136-cv-hibrid-prime-roma-652574166.htm,12900,5,2021,65008,manuale,Diesel,136,Prime,Middle,1.6 CRDi,Rivenditore,333,fiumicino,54,Lazio,Centro
Hyundai i30n performance ,https://www.subito.it/auto/hyundai-i30n-performance-trento-651697355.htm,22000,8,2018,64000,manuale,Benzina,275,N,Performance,2.0 T-GDi N,Privato,161,fierozzo,38050,Trentino-Alto Adige/Südtirol,Nord-est
Hyundai i30 n-line 2020 1.0 tgdi 120cv,https://www.subito.it/auto/hyundai-i30-n-line-2020-1-0-tgdi-120cv-avellino-651588030.htm,18500,6,2020,26400,manuale,Ibrido,120,N Line,Sport,1.0 T-GDi,Privato,511,monteforte irpino,83024,Campania,Sud
I30 N 400cv,https://www.subito.it/auto/i30-n-400cv-trento-649211660.htm,29900,8,2018,99000,manuale,Benzina,400,N,Performance,,Privato,187,croviana,38027,Trentino-Alto Adige/Südtirol,Nord-est
Hyundai I30 1.6 CRDI 136CV N-LINE + PACK PLUS,https://www.subito.it/auto/hyundai-i30-1-6-crdi-136cv-n-line-pack-plus-pordenone-650357073.htm,13500,7,2019,112500,manuale,Diesel,136,N Line,Sport,1.6 CRDi,Privato,186,pordenone,33170,Friuli-Venezia Giulia,Nord-est
HYUNDAI i30 2.0 T-GDI 280 CV 5 porte DCT N Perform,https://www.subito.it/auto/hyundai-i30-2-0-t-gdi-280-cv-5-porte-dct-n-perform-como-650188525.htm,27000,5,2021,54000,automatico,Benzina,280,N,Performance,2.0 T-GDi N,Rivenditore,205,como,22100,Lombardia,Nord-ovest
Hyundai i30n performance stage 2,https://www.subito.it/auto/hyundai-i30n-performance-stage-2-la-spezia-649994626.htm,25900,8,2018,78950,manuale,Benzina,275,N,Performance,2.0 T-GDi N,Privato,111,sarzana,19038,Liguria,Nord-ovest
Hyundai I30 1.6 CRDI 136CV N-LINE + PACK PLUS,https://www.subito.it/auto/hyundai-i30-1-6-crdi-136cv-n-line-pack-plus-pordenone-644647857.htm,14000,7,2019,112000,manuale,Diesel,136,N Line,Sport,1.6 CRDi,Privato,186,pordenone,33170,Friuli-Venezia Giulia,Nord-est
Hyundai i30 1.6 CRDi 110cv DCT Business,https://www.subito.it/auto/hyundai-i30-1-6-crdi-110cv-dct-business-varese-644629254.htm,11750,8,2018,90500,automatico,Diesel,110,Business,Base,1.6 CRDi,Rivenditore,222,varese,21100,Lombardia,Nord-ovest
Hyundai i30 1.0 t-gdi N-Line,https://www.subito.it/auto/hyundai-i30-1-0-t-gdi-n-line-chieti-643340295.htm,13900,7,2019,66000,manuale,Benzina,120,N Line,Sport,1.0 T-GDi,Privato,377,lanciano,66034,Abruzzo,Sud
Hyundai i30N performance,https://www.subito.it/auto/hyundai-i30n-performance-imperia-641873828.htm,26500,7,2019,55000,manuale,Benzina,275,N,Performance,2.0 T-GDi N,Privato,292,vallebona,18012,Liguria,Nord-ovest
Hyundai i30 1.5 T-GDI iMT 48V IBRIDA N-Line ...,https://www.subito.it/auto/hyundai-i30-1-5-t-gdi-imt-48v-ibrida-n-line-modena-636637446.htm,22950,5,2021,6907,manuale,Diesel,160,N Line,Sport,1.5 T-GDi,Rivenditore,16,modena,41121,Emilia-Romagna,Nord-est
Hyundai i 30 N Performance,https://www.subito.it/auto/hyundai-i-30-n-performance-palermo-635935648.htm,30000,8,2018,26722,manuale,Benzina,275,N,Performance,2.0 T-GDi N,Privato,750,palermo,90121,Sicilia,Isole
Hyundai i30 N Performance 275 CV ,https://www.subito.it/auto/hyundai-i30-n-performance-275-cv-siena-635129795.htm,22000,8,2018,85000,manuale,Benzina,275,N,Performance,2.0 T-GDi N,Privato,150,siena,53100,Toscana,Centro
I 30 n performance 280 cv,https://www.subito.it/auto/i-30-n-performance-280-cv-varese-632418758.htm,25000,4,2022,115000,manuale,Benzina,280,N,Performance,2.0 T-GDi N,Privato,229,lavena ponte tresa,21037,Lombardia,Nord-ovest
Hyundai i30 N Performance,https://www.subito.it/auto/hyundai-i30-n-performance-bologna-628077153.htm,27900,6,2020,59000,manuale,Benzina,275,N,Performance,2.0 T-GDi N,Privato,25,bologna,40121,Emilia-Romagna,Nord-est
Hyundai i30 N Performance,https://www.subito.it/auto/hyundai-i30-n-performance-bolzano-626270394.htm,26000,6,2020,55000,manuale,Benzina,275,N,Performance,2.0 T-GDi N,Privato,204,cornedo all isarco,39053,Trentino-Alto Adige/Südtirol,Nord-est
HYUNDAI I30N Performance,https://www.subito.it/auto/hyundai-i30n-performance-trapani-625090390.htm,22000,7,2019,70000,manuale,Benzina,275,N,Performance,2.0 T-GDi N,Privato,747,trapani,91100,Sicilia,Isole
Hyundai i30 N 275 CV – 2019 – 45.000 km,https://www.subito.it/auto/hyundai-i30-n-275-cv-2019-45-000-km-cremona-624269046.htm,28000,7,2019,45000,manuale,Benzina,275,N,Performance,,Privato,90,pieve san giacomo,26035,Lombardia,Nord-ovest
