Prezzo,Anni,Chilometraggio,Cambio,CV,Venditore,Distanza,is_Diesel vs Benzina,is_Ibrido vs Benzina,is_sport vs base,is_performance vs base,is_middle vs base,is NO vs NE,is Centro vs NE,is Sud_Isole vs NE
7500,8,2007000,1,110,1,137,1,0,0,0,1,1,0,0
8200,8,1400000,0,110,0,190,1,0,0,0,0,1,0,0
8900,7,1540000,0,110,1,203,1,0,0,0,0,1,0,0
8200,8,1460000,0,110,0,190,1,0,0,0,0,1,0,0
8890,5,1890000,1,110,1,691,0,1,0,0,1,0,0,1
9990,5,1322360,0,110,1,31,1,0,0,0,1,0,0,0
9500,8,985000,0,110,0,60,1,0,0,0,0,0,0,0
9900,8,1425000,0,110,0,198,1,0,0,0,0,1,0,0
10500,8,1060000,1,110,0,101,0,0,0,0,1,0,0,0
11990,3,1000000,1,110,1,480,0,1,0,0,1,0,0,1
12000,5,1055000,0,110,0,292,0,1,0,0,1,1,0,0
12500,5,1069000,1,110,1,111,1,0,0,0,1,1,0,0
12499,3,935110,0,110,1,99,0,1,0,0,1,0,1,0
12790,3,699000,0,110,1,112,0,1,0,0,1,0,0,0
12990,5,590000,1,110,1,180,1,0,0,0,1,1,0,0
12900,5,940000,0,110,1,444,0,1,0,0,1,0,0,1
12900,3,685310,0,110,1,127,0,1,0,0,1,0,0,0
12990,5,590000,1,110,1,180,0,1,0,0,1,1,0,0
12950,3,648000,0,110,1,119,0,1,0,0,1,0,0,0
12500,5,900000,0,110,0,792,0,1,0,0,1,0,0,1
13000,7,1204000,0,110,0,162,1,0,0,0,0,0,1,0
12900,5,1200000,0,110,0,333,0,1,0,0,1,0,1,0
12499,3,880830,0,110,1,99,0,1,0,0,1,0,1,0
13450,3,819960,0,110,1,55,0,1,0,0,1,0,0,0
13450,8,580000,0,110,0,180,0,0,0,0,0,1,0,0
14000,8,428200,1,110,0,611,0,0,0,0,1,0,0,1
14000,5,720000,0,110,0,513,0,1,0,0,1,0,0,1
14000,3,701040,0,110,1,154,0,1,0,0,1,0,0,0
13490,3,859850,0,110,1,521,0,1,1,0,0,0,0,1
13900,3,700000,0,110,1,333,0,1,0,0,1,0,1,0
13980,3,798850,0,110,1,372,0,1,0,0,1,0,1,0
13800,5,957710,1,110,1,154,0,1,0,0,1,0,0,0
14000,3,746830,0,110,1,154,0,1,0,0,1,0,0,0
14300,5,970000,0,110,0,180,0,0,1,0,0,1,0,0
14200,5,1155000,0,110,0,271,0,1,0,0,1,1,0,0
14500,3,679960,0,110,1,154,0,1,0,0,1,0,0,0
15000,8,810000,0,110,0,16,0,0,0,1,0,0,0,0
15800,6,871000,0,110,0,292,0,1,1,0,0,1,0,0
15900,4,400000,0,110,0,285,0,1,0,0,1,1,0,0
15990,4,890000,0,110,0,883,0,1,0,1,0,0,0,1
16000,8,1060000,1,110,0,322,0,0,0,0,1,1,0,0
15699,5,732840,1,110,1,99,0,1,0,0,1,0,1,0
15900,5,589380,0,110,1,276,0,1,1,0,0,1,0,0
16986,5,752980,1,110,1,196,1,0,0,0,0,1,0,0
16500,5,560000,1,110,0,256,0,1,0,0,1,1,0,0
17000,6,750000,0,110,0,116,0,0,1,0,0,0,0,0
16900,7,320000,0,110,0,25,0,0,1,0,0,0,0,0
17400,4,353600,0,110,1,187,0,1,0,0,1,1,0,0
18500,6,264000,0,110,0,511,0,1,1,0,0,0,0,1
18500,6,265480,0,110,0,511,0,0,1,0,0,0,0,1
19750,7,1230000,0,110,0,245,0,0,0,1,0,0,0,0
19150,8,7000,1,110,1,358,0,0,0,0,1,0,1,0
19950,4,1246000,0,110,1,14,0,1,1,0,0,0,0,0
20999,8,1050000,0,110,1,204,0,0,0,1,0,1,0,0
20200,8,930000,0,110,1,355,0,0,0,1,0,0,0,1
20500,7,1167550,0,110,1,154,0,0,0,1,0,0,0,0
20853,2,186600,1,110,1,99,0,1,1,0,0,0,1,0
21900,8,890000,0,110,1,95,0,0,0,1,0,0,0,0
21500,7,714000,0,110,1,257,0,0,0,1,0,1,0,0
22000,8,830000,0,110,0,150,0,0,0,1,0,0,1,0
22000,6,880000,0,110,0,205,0,0,0,1,0,1,0,0
22000,8,650000,0,110,0,238,0,0,0,1,0,0,0,0
21900,8,799000,0,110,0,160,0,0,0,1,0,1,0,0
21500,8,961720,0,110,1,14,0,0,0,1,0,0,0,0
21900,1,94530,1,110,1,276,0,1,0,0,0,1,0,0
21400,2,257000,1,110,1,83,0,1,0,0,0,0,1,0
22900,8,859000,0,110,1,154,0,0,0,1,0,1,0,0
23000,7,930000,0,110,0,348,0,0,0,1,0,0,0,1
22950,5,69070,0,110,1,16,0,1,1,0,0,0,0,0
22500,7,1220000,0,110,1,201,0,0,0,1,0,1,0,0
22500,8,660000,0,110,1,204,0,0,0,1,0,0,0,0
22900,5,325000,1,110,0,190,0,1,0,1,0,0,0,0
23000,7,650000,0,110,1,177,0,0,0,1,0,1,0,0
22500,7,1040000,0,110,0,184,0,0,0,1,0,0,0,0
22500,7,980000,0,110,1,111,0,0,0,1,0,1,0,0
23000,3,480000,1,110,0,101,0,1,0,0,1,0,0,0
23200,8,650000,0,110,1,123,0,0,0,1,0,0,0,0
23450,7,525180,0,110,1,159,0,0,0,1,0,1,0,0
23900,7,320000,0,110,0,184,0,0,0,1,0,0,0,0
24000,7,520000,0,110,0,105,0,0,0,1,0,0,1,0
23900,8,786000,0,110,0,111,0,0,0,1,0,1,0,0
23900,7,403930,0,110,1,163,0,0,0,1,0,0,0,0
23600,6,609000,0,110,1,229,0,0,0,1,0,1,0,0
23600,8,743250,0,110,1,132,0,0,0,1,0,0,0,0
24000,8,910690,0,110,0,135,0,0,0,1,0,0,0,0
23900,8,949000,0,110,0,117,0,0,0,1,0,0,0,0
24300,7,540000,0,110,0,166,0,0,0,1,0,1,0,0
24600,8,626300,0,110,0,180,0,0,0,1,0,1,0,0
25000,7,510000,0,110,0,83,0,0,0,1,0,0,1,0
24800,7,800000,0,110,0,222,0,0,0,1,0,1,0,0
24200,6,75000,0,110,1,358,0,1,0,0,1,0,1,0
26000,5,680000,0,110,0,204,0,0,0,1,0,0,0,0
26000,6,580000,0,110,0,189,0,0,0,1,0,0,0,0
25900,5,899000,1,110,1,189,0,0,0,1,0,1,0,0
25900,0,200,0,110,1,206,0,0,1,0,0,0,0,0
25900,8,715000,0,110,1,156,0,0,0,1,0,0,0,0
25900,7,1188840,0,110,1,167,0,0,0,1,0,1,0,0
26900,4,269000,0,110,1,149,0,0,0,1,0,1,0,0
26900,4,290000,0,110,1,77,0,0,0,1,0,0,0,0
27000,7,500000,0,110,0,90,0,0,0,1,0,1,0,0
27200,8,592000,0,110,0,182,0,0,0,1,0,1,0,0
28000,7,325000,0,110,0,163,0,0,0,1,0,0,0,0
28000,7,450000,0,110,0,162,0,0,0,1,0,1,0,0
27890,5,731450,1,110,1,170,0,0,0,1,0,1,0,0
28500,5,990000,1,110,1,152,0,0,0,1,0,1,0,0
29900,8,990000,0,110,0,187,0,0,0,1,0,0,0,0
21400,2,25700,1,120,1,83,0,1,0,0,0,0,1,0
26990,8,46500,0,275,1,122,0,0,0,1,0,0,0,0
21900,5,72000,1,136,1,22,0,1,0,0,1,0,0,0
7500,8,200700,1,110,1,137,1,0,0,0,1,1,0,0
7700,8,204000,1,136,1,581,1,0,0,0,1,0,0,1
8700,7,179000,0,136,1,485,1,0,1,0,0,0,0,1
9400,7,154000,0,115,1,194,1,0,0,0,0,1,0,0
9900,5,130000,1,136,1,103,0,1,0,0,1,0,0,0
10500,7,53214,0,120,1,295,0,0,0,0,0,1,0,0
11399,8,95000,1,110,1,326,1,0,0,0,0,0,1,0
11400,8,68371,0,100,1,196,0,0,0,0,0,1,0,0
11750,8,90500,1,110,1,222,1,0,0,0,0,1,0,0
11900,3,91386,0,120,1,177,0,1,0,0,1,1,0,0
12500,5,47000,0,116,1,377,0,1,0,0,1,0,0,1
12500,5,106900,1,136,1,111,1,0,0,0,1,1,0,0
12790,3,69900,0,120,1,112,0,1,0,0,1,0,0,0
12900,5,94000,0,136,1,438,0,1,0,0,1,0,0,1
13377,3,61311,0,120,1,128,0,1,0,0,1,0,0,0
13490,3,85985,0,120,1,521,0,1,1,0,0,0,0,1
13800,5,95771,1,136,1,154,0,1,0,0,1,0,0,0
13900,3,84257,0,120,1,177,0,1,0,0,1,1,0,0
13900,3,70000,0,120,1,333,0,1,0,0,1,0,1,0
13999,4,80000,0,136,1,727,0,1,0,0,1,0,0,1
14000,3,74683,0,120,1,154,0,1,0,0,1,0,0,0
14000,3,70104,0,120,1,154,0,1,0,0,1,0,0,0
14099,7,67033,0,120,1,25,0,0,1,0,0,0,0,0
14500,3,67996,0,120,1,154,0,1,0,0,1,0,0,0
14800,4,64758,0,120,1,154,0,1,0,0,1,0,0,0
14900,5,92543,1,136,1,348,0,1,0,0,1,0,0,1
14900,5,101869,1,136,1,348,0,1,0,0,1,0,0,1
14900,5,101869,1,136,1,448,0,1,0,0,1,0,0,1
15990,5,32000,0,136,1,872,0,1,0,0,1,0,0,1
16500,5,67129,1,136,1,348,0,1,0,0,1,0,0,1
16500,5,67129,0,136,1,448,0,1,0,0,1,0,0,1
16986,5,75298,1,115,1,198,1,0,0,0,0,1,0,0
17500,3,60300,0,120,1,117,0,1,0,0,1,1,0,0
17850,3,200,1,120,1,533,0,1,0,0,1,0,0,1
20200,8,93000,0,275,1,341,0,0,0,1,0,0,0,1
21490,0,0,0,120,1,499,0,0,0,0,0,0,0,1
21490,0,0,0,120,1,499,0,0,0,0,0,0,0,1
21500,7,71400,0,275,1,257,0,0,0,1,0,1,0,0
22500,7,98000,0,275,1,111,0,0,0,1,0,1,0,0
22900,8,85900,0,275,1,154,0,0,0,1,0,1,0,0
22950,5,6907,0,160,1,16,0,1,1,0,0,0,0,0
23200,8,65000,0,275,1,123,0,0,0,1,0,0,0,0
23890,0,0,1,120,1,499,0,1,0,0,0,0,0,1
23890,0,0,1,120,1,499,0,1,0,0,0,0,0,1
25900,5,89900,1,275,1,189,0,0,0,1,0,1,0,0
27000,5,54000,1,280,1,206,0,0,0,1,0,1,0,0
27890,4,73145,1,280,1,166,0,0,0,1,0,1,0,0
28500,5,99000,1,275,1,152,0,0,0,1,0,1,0,0
12499,3,93511,0,120,1,106,1,0,0,0,1,0,1,0
7500,8,200700,1,110,1,137,1,0,0,0,1,1,0,0
25900,5,89900,1,275,1,189,0,0,0,1,0,1,0,0
22000,6,88000,0,450,0,205,0,0,0,1,0,1,0,0
17850,3,200,1,120,1,533,0,1,0,0,1,0,0,1
13490,3,85985,0,120,1,521,1,0,1,0,0,0,0,1
21500,7,71400,0,275,1,257,0,0,0,1,0,1,0,0
14000,3,70104,0,120,1,154,1,0,0,0,1,0,0,0
11900,3,91386,0,120,1,177,1,0,0,0,1,1,0,0
14000,3,74683,0,120,1,154,1,0,0,0,1,0,0,0
9400,7,154000,0,115,1,194,1,0,0,0,0,1,0,0
28500,5,99000,1,275,1,152,0,0,0,1,0,1,0,0
23200,8,65000,0,275,1,123,0,0,0,1,0,0,0,0
11990,3,100000,1,120,1,480,0,1,0,0,1,0,0,1
12900,5,94000,0,136,1,438,0,1,0,0,1,0,0,1
12500,5,47000,0,116,1,377,0,1,0,0,1,0,0,1
8700,7,179000,0,136,1,485,1,0,1,0,0,0,0,1
22450,8,96172,0,275,1,14,0,0,0,1,0,0,0,0
24900,8,75000,0,275,0,276,0,0,0,1,0,1,0,0
9999,8,95000,1,110,1,326,1,0,0,0,0,0,1,0
14500,3,67996,0,120,1,154,1,0,0,0,1,0,0,0
19950,4,124600,0,160,1,14,1,0,1,0,0,0,0,0
24950,5,36999,1,160,1,14,1,0,1,0,0,0,0,0
22900,8,85900,0,275,1,154,0,0,0,1,0,1,0,0
13800,5,95771,1,136,1,154,1,0,0,0,1,0,0,0
28950,5,47999,0,275,1,14,0,0,0,1,0,0,0,0
28000,2,45000,0,275,0,162,0,0,0,1,0,1,0,0
15990,5,32000,0,136,1,872,1,0,0,0,1,0,0,1
7700,8,204000,1,136,1,581,1,0,0,0,1,0,0,1
12790,3,69900,0,120,1,112,1,0,0,0,1,0,0,0
22500,7,98000,0,275,1,111,0,0,0,1,0,1,0,0
12500,5,106900,1,136,1,111,1,0,0,0,1,1,0,0
15800,6,88000,0,120,0,292,0,1,1,0,0,1,0,0
23900,3,67800,1,160,0,222,0,1,1,0,0,1,0,0
14900,5,101869,1,136,1,448,0,1,0,0,1,0,0,1
16500,5,67129,0,136,1,448,0,1,0,0,1,0,0,1
16500,5,67129,1,136,1,348,0,1,0,0,1,0,0,1
14900,5,101869,1,136,1,348,0,1,0,0,1,0,0,1
14900,5,92543,1,136,1,348,0,1,0,0,1,0,0,1
21900,8,79900,0,275,0,160,0,0,0,1,0,1,0,0
11400,8,68371,0,100,1,196,0,0,0,0,0,1,0,0
27890,4,73145,1,280,1,166,0,0,0,1,0,1,0,0
22074,2,18660,1,100,1,99,1,0,1,0,0,0,1,0
25900,8,71500,0,275,1,156,0,0,0,1,0,0,0,0
12500,6,133000,0,136,0,180,1,0,0,1,0,0,1,0
22500,8,116000,0,275,0,115,0,0,0,1,0,0,0,0
22500,3,89000,0,275,0,103,0,0,0,1,0,0,0,0
27000,3,65000,1,280,0,275,0,0,0,1,0,1,0,0
15990,4,89000,0,120,0,883,0,1,0,1,0,0,0,1
20200,8,93000,0,275,1,341,0,0,0,1,0,0,0,1
9500,8,98500,0,110,0,60,1,0,0,0,0,0,0,0
27000,7,50000,0,275,0,90,0,0,0,1,0,1,0,0
22500,4,104000,0,275,0,184,0,0,0,1,0,0,0,0
13999,4,80000,0,136,1,727,0,1,0,0,1,0,0,1
25000,7,51000,0,275,0,83,0,0,0,1,0,0,1,0
23700,8,81000,0,275,0,218,0,0,0,1,0,1,0,0
23890,0,0,1,120,1,499,1,0,0,0,0,0,0,1
21490,0,0,0,120,1,499,0,0,0,0,0,0,0,1
21490,0,0,0,120,1,499,0,0,0,0,0,0,0,1
19000,1,122000,0,275,0,245,0,0,0,1,0,0,0,0
13900,3,70000,0,120,1,333,1,0,0,0,1,0,1,0
12900,5,65008,0,136,1,333,1,0,0,0,1,0,1,0
22000,8,64000,0,275,0,161,0,0,0,1,0,0,0,0
18500,6,26400,0,120,0,511,0,1,1,0,0,0,0,1
29900,8,99000,0,400,0,187,0,0,0,1,0,0,0,0
13500,7,112500,0,136,0,186,1,0,1,0,0,0,0,0
27000,5,54000,1,280,1,205,0,0,0,1,0,1,0,0
25900,8,78950,0,275,0,111,0,0,0,1,0,1,0,0
14000,7,112000,0,136,0,186,1,0,1,0,0,0,0,0
11750,8,90500,1,110,1,222,1,0,0,0,0,1,0,0
13900,7,66000,0,120,0,377,0,0,1,0,0,0,0,1
26500,7,55000,0,275,0,292,0,0,0,1,0,1,0,0
22950,5,6907,0,160,1,16,1,0,1,0,0,0,0,0
30000,8,26722,0,275,0,750,0,0,0,1,0,0,0,1
22000,8,85000,0,275,0,150,0,0,0,1,0,0,1,0
25000,4,115000,0,280,0,229,0,0,0,1,0,1,0,0
27900,6,59000,0,275,0,25,0,0,0,1,0,0,0,0
26000,6,55000,0,275,0,204,0,0,0,1,0,0,0,0
22000,7,70000,0,275,0,747,0,0,0,1,0,0,0,1
28000,7,45000,0,275,0,90,0,0,0,1,0,1,0,0
