Annuncio,Link,Modello,Prezzo,Chilometraggio,Cambio,Immatricolazione,Carburante,CV,Venditore,CAP,Comune
Hyundai i30 Wagon 1.6 CRDi 110CV DCT Comfort,https://www.autoscout24.it/annunci/hyundai-i30-wagon-1-6-crdi-110cv-dct-comfort-diesel-grigio-cat_ma33mo19065-7ee2b70a-f3ac-4ce8-8a0e-3652bd7178fa,1.6 CRDi,7500,2007000,automatico,2018,Diesel,110.0,Rivenditore,26013,crema
Hyundai i30 i30 Wagon 1.6 crdi Business 110cv,https://www.autoscout24.it/annunci/hyundai-i30-i30-wagon-1-6-crdi-business-110cv-diesel-grigio-cat_ma33mo19065-c081aa58-971c-4ec3-a49d-a768e49c5562,1.6 CRDi,8200,1400000,manuale,2018,Diesel,110.0,Privato,23900,lecco
Hyundai i30 1.6 crdi Business 116CV IVA ESPOSTA,https://www.autoscout24.it/annunci/hyundai-i30-1-6-crdi-business-116cv-iva-esposta-diesel-grigio-cat_ma33mo19065-19a42ad4-ba31-4ffe-809a-f8d9b8353adb,1.6 CRDi,8900,1540000,manuale,2019,Diesel,110.0,Rivenditore,20010,bernate ticino
Hyundai i30 i30 III 2017 Wagon Wagon 1.6 crdi Business 110cv,https://www.autoscout24.it/annunci/hyundai-i30-i30-iii-2017-wagon-wagon-1-6-crdi-business-110cv-diesel-grigio-cat_ma33mo19065-b8fc5dc0-9878-49be-973f-eb1894ee0bfe,1.6 CRDi,8200,1460000,manuale,2018,Diesel,110.0,Privato,23900,lecco
Hyundai i30 i30 III 2021 Wagon Wagon 1.6 crdi 48V Prime Techno,https://www.autoscout24.it/annunci/hyundai-i30-i30-iii-2021-wagon-wagon-1-6-crdi-48v-prime-techno-elettrica-diesel-nero-cat_ma33mo19065-75be4005-6ac7-469b-b16e-7d4c4926deb3,1.6 CRDi 48V,8890,1890000,automatico,2021,Ibrido,110.0,Rivenditore,72012,carovigno
Hyundai i30 III 2020 Wagon Wagon 1.6 crdi Prime 115cv,https://www.autoscout24.it/annunci/hyundai-i30-iii-2020-wagon-wagon-1-6-crdi-prime-115cv-diesel-bianco-cat_ma33mo19065-ce5f0d89-1a27-4719-91b3-f28820763665,1.6 CRDi,9990,1322360,manuale,2021,Diesel,110.0,Rivenditore,40055,castenaso
Hyundai i30 i30 III 2017 5p 1.6 crdi Business 110cv,https://www.autoscout24.it/annunci/hyundai-i30-i30-iii-2017-5p-1-6-crdi-business-110cv-diesel-nero-cat_ma33mo19065-9c24c3ab-3670-4aaf-b060-74cb28fa6ca3,1.6 CRDi,9500,985000,manuale,2018,Diesel,110.0,Privato,37045,legnago
Hyundai i30 i30 III 2017 Wagon Wagon 1.6 crdi Business 110cv,https://www.autoscout24.it/annunci/hyundai-i30-i30-iii-2017-wagon-wagon-1-6-crdi-business-110cv-diesel-cat_ma33mo19065-7427e94b-e017-4cf2-833f-c3cc56390ebc,1.6 CRDi,9900,1425000,manuale,2018,Diesel,110.0,Privato,22031,albavilla
Hyundai i30 i30 III 2017 Wagon Wagon 1.4 t-gdi Style dct,https://www.autoscout24.it/annunci/hyundai-i30-i30-iii-2017-wagon-wagon-1-4-t-gdi-style-dct-benzina-rosso-cat_ma33mo19065-28419eca-9d08-4f7d-9453-08521a5afd1b,1.4 T-GDi,10500,1060000,automatico,2018,Benzina,110.0,Privato,35124,padova
Hyundai i30 i30 1.0 T-GDI DCT 48V 5 porte Prime,https://www.autoscout24.it/annunci/hyundai-i30-i30-1-0-t-gdi-dct-48v-5-porte-prime-elettrica-benzina-grigio-cat_ma33mo19065-608cec11-7a55-46e5-93ee-c42099f67251,1.0 T-GDi,11990,1000000,automatico,2023,Ibrido,110.0,Rivenditore,81031,aversa
Hyundai i30 1.6 crdi 48V Prime 136cv,https://www.autoscout24.it/annunci/hyundai-i30-1-6-crdi-48v-prime-136cv-elettrica-diesel-cat_ma33mo19065-5ef0b04e-6eca-4433-80f0-65e5bb2a9455,1.6 CRDi 48V,12000,1055000,manuale,2021,Ibrido,110.0,Privato,10090,bruino
Hyundai i30 i30 Prime 1.6 CRDi 48V MHEV,https://www.autoscout24.it/annunci/hyundai-i30-i30-prime-1-6-crdi-48v-mhev-diesel-bianco-cat_ma33mo19065-092ca974-96fe-4f78-aa15-66aee2e6bc32,1.6 CRDi 48V,12500,1069000,automatico,2021,Diesel,110.0,Rivenditore,25080,calvagese riviera
Hyundai i30 1.0 T-GDI iMT 48V 5 porte Prime 2023 *BERLINA*,https://www.autoscout24.it/annunci/hyundai-i30-1-0-t-gdi-imt-48v-5-porte-prime-2023-berlina-elettrica-benzina-argento-cat_ma33mo19065-390c6ca2-65b2-48fa-9fd6-f5fefc4eddf5,1.0 T-GDi,12499,935110,manuale,2023,Ibrido,110.0,Rivenditore,50142,firenze
Hyundai i30 Wagon 1.0 T-GDI iMT 48V Prime,https://www.autoscout24.it/annunci/hyundai-i30-wagon-1-0-t-gdi-imt-48v-prime-elettrica-benzina-grigio-cat_ma33mo19065-8f8fa4cb-2c40-4bc5-91c2-a8094180632e,1.0 T-GDi,12790,699000,manuale,2023,Ibrido,110.0,Rivenditore,30031,dolo
Hyundai i30 Wagon 1.6 CRDi Hybrid iMT Auto. Prime *OFFERTA PRO,https://www.autoscout24.it/annunci/hyundai-i30-wagon-1-6-crdi-hybrid-imt-auto-prime-offerta-pro-diesel-grigio-cat_ma33mo19065-886188d1-81b1-44a4-ac0e-1332e189b7a3,1.6 CRDi 48V,12990,590000,automatico,2021,Diesel,110.0,Rivenditore,20092,cinisello balsamo
Hyundai i30 i30 III 2020 5p 1.6 crdi 48V Prime 136cv,https://www.autoscout24.it/annunci/hyundai-i30-i30-iii-2020-5p-1-6-crdi-48v-prime-136cv-elettrica-diesel-nero-cat_ma33mo19065-4f4caa1c-68eb-4440-874e-bcf610c5dd14,1.6 CRDi 48V,12900,940000,manuale,2021,Ibrido,110.0,Rivenditore,86010,busso
Hyundai i30 1.0 T-GDI iMT 48V Prime,https://www.autoscout24.it/annunci/hyundai-i30-1-0-t-gdi-imt-48v-prime-elettrica-benzina-cat_ma33mo19065-cfae571e-3ee2-4b70-b1fb-003dc5d9d90c,1.0 T-GDi,12900,685310,manuale,2023,Ibrido,110.0,Rivenditore,30175,venezia
Hyundai i30 Wagon 1.6 CRDi Hybrid iMT Auto. Prime *OFFERTA PRO,https://www.autoscout24.it/annunci/hyundai-i30-wagon-1-6-crdi-hybrid-imt-auto-prime-offerta-pro-elettrica-diesel-grigio-cat_ma33mo19065-3dbf41f4-4fb2-4abd-8004-a247f5f9a834,1.6 CRDi 48V,12990,590000,automatico,2021,Ibrido,110.0,Rivenditore,20092,cinisello balsamo
Hyundai i30 Wagon 1.0 t-gdi Prime 120cv,https://www.autoscout24.it/annunci/hyundai-i30-wagon-1-0-t-gdi-prime-120cv-elettrica-benzina-grigio-cat_ma33mo19065-0256d712-c73e-43cc-a8b0-c5b06601bbd3,1.0 T-GDi,12950,648000,manuale,2023,Ibrido,110.0,Rivenditore,47039,savignano sul rubicone
Hyundai i30 1.6 crdi 48V Prime 136cv,https://www.autoscout24.it/annunci/hyundai-i30-1-6-crdi-48v-prime-136cv-elettrica-diesel-cat_ma33mo19065-5ef0b04e-6eca-4433-80f0-65e5bb2a9455,1.6 CRDi 48V,12000,1055000,manuale,2021,Ibrido,110.0,Privato,10090,bruino
Hyundai i30 1.6 crdi 48V Prime 136cv,https://www.autoscout24.it/annunci/hyundai-i30-1-6-crdi-48v-prime-136cv-elettrica-diesel-cat_ma33mo19065-3a237865-9254-4254-94c5-32ecc1f6e376,1.6 CRDi 48V,12500,900000,manuale,2021,Ibrido,110.0,Privato,98066,patti
Hyundai i30 i30 1.6 crdi Go! 110cv,https://www.autoscout24.it/annunci/hyundai-i30-i30-1-6-crdi-go-110cv-diesel-blu-azzurro-cat_ma33mo19065-5458017e-cd47-4943-8282-65bebe3e2886,1.6 CRDi,13000,1204000,manuale,2019,Diesel,110.0,Privato,53041,asciano
Hyundai i30 Wagon 1.6 crdi 48V Prime 136cv,https://www.autoscout24.it/annunci/hyundai-i30-wagon-1-6-crdi-48v-prime-136cv-elettrica-diesel-cat_ma33mo19065-86763321-75ad-45b2-aa7e-3a97be04e19a,1.6 CRDi 48V,12900,1200000,manuale,2021,Ibrido,110.0,Privato,54,fiumicino
Hyundai i30 3ª serie - i30 1.0 T-GDI iMT 48V 5 porte Prime,https://www.autoscout24.it/annunci/hyundai-i30-3-serie-i30-1-0-t-gdi-imt-48v-5-porte-prime-elettrica-benzina-grigio-cat_ma33mo19065-14574cc9-ccd8-43b9-b64a-55cfc5cbfdec,1.0 T-GDi,12499,880830,manuale,2023,Ibrido,110.0,Rivenditore,50142,firenze
Hyundai i30 i30 III 2020 5p 1.0 t-gdi 48V Prime 120cv,https://www.autoscout24.it/annunci/hyundai-i30-i30-iii-2020-5p-1-0-t-gdi-48v-prime-120cv-elettrica-benzina-grigio-cat_ma33mo19065-4b57278b-bc37-4a1d-91ad-593c3175b45b,1.0 T-GDi,13450,819960,manuale,2023,Ibrido,110.0,Rivenditore,42049,sant ilario d enza
Hyundai i30 Fastback 1.4 t-gdi Business Safety Pack my19,https://www.autoscout24.it/annunci/hyundai-i30-fastback-1-4-t-gdi-business-safety-pack-my19-benzina-cat_ma33mo19065-1fb4d243-cd17-4a2e-aa02-0295eaab0538,1.4 T-GDi,13450,580000,manuale,2018,Benzina,110.0,Privato,20094,corsico
Hyundai i30 i30 FastbackFastback 1.4 t-gdi Style dct,https://www.autoscout24.it/annunci/hyundai-i30-i30-fastbackfastback-1-4-t-gdi-style-dct-benzina-blu-azzurro-cat_ma33mo19065-f2769c75-36b3-4828-96c8-28cbcd548c35,1.4 T-GDi,14000,428200,automatico,2018,Benzina,110.0,Privato,70126,bari
Hyundai i30 1.6 crdi 48V Prime Techno&Style Pack 136cv,https://www.autoscout24.it/annunci/hyundai-i30-1-6-crdi-48v-prime-technostyle-pack-136cv-elettrica-diesel-cat_ma33mo19065-ebc5aba6-d558-4e4b-b647-957a510196b9,1.6 CRDi 48V,14000,720000,manuale,2021,Ibrido,110.0,Privato,83100,avellino
Hyundai i30 Wagon 1.0 T-GDI iMT 120CV 48V Prime,https://www.autoscout24.it/annunci/hyundai-i30-wagon-1-0-t-gdi-imt-120cv-48v-prime-elettrica-benzina-grigio-cat_ma33mo19065-1b081d57-e6db-4a8f-9679-9b9c84ff709c,1.0 T-GDi,14000,701040,manuale,2023,Ibrido,110.0,Rivenditore,32030,arsie
Hyundai i30 1.0 T-GDI iMT 48V N Line,https://www.autoscout24.it/annunci/hyundai-i30-1-0-t-gdi-imt-48v-n-line-elettrica-benzina-grigio-cat_ma33mo19065-9eaddce5-b219-43a0-b5e7-bbb5f67fb8b2,1.0 T-GDi,13490,859850,manuale,2023,Ibrido,110.0,Rivenditore,84014,nocera inferiore
Hyundai i30 Wagon 1.0 T-GDI iMT 48V Prime NO VINCOLI !!!!,https://www.autoscout24.it/annunci/hyundai-i30-wagon-1-0-t-gdi-imt-48v-prime-no-vincoli-elettrica-benzina-grigio-cat_ma33mo19065-8043e6e1-59c9-45f3-8407-446999746343,1.0 T-GDi,13900,700000,manuale,2023,Ibrido,110.0,Rivenditore,54,fiumicino
"Hyundai i30 1.0 T-GDI Prime 120CV (Man9""PREZZO REALE""(F1411)",https://www.autoscout24.it/annunci/hyundai-i30-1-0-t-gdi-prime-120cv-man9-prezzo-reale-f1411-elettrica-benzina-cat_ma33mo19065-9e6cdcb3-46e4-4352-a669-275fd09494b2,1.0 T-GDi,13980,798850,manuale,2023,Ibrido,110.0,Rivenditore,3011,alatri
Hyundai i30 Wagon 1.6 CRDi 136 CV 48V DCT Prime,https://www.autoscout24.it/annunci/hyundai-i30-wagon-1-6-crdi-136-cv-48v-dct-prime-elettrica-diesel-nero-cat_ma33mo19065-e97f586a-8333-4692-aeb3-aa30b02f98c7,1.6 CRDi,13800,957710,automatico,2021,Ibrido,110.0,Rivenditore,32030,arsie
Hyundai i30 Wagon 1.0 T-GDI iMT 48V Prime,https://www.autoscout24.it/annunci/hyundai-i30-wagon-1-0-t-gdi-imt-48v-prime-elettrica-benzina-grigio-cat_ma33mo19065-f1d7ea40-4865-4bff-8c6e-949b81175892,1.0 T-GDi,14000,746830,manuale,2023,Ibrido,110.0,Rivenditore,32030,arsie
Hyundai i30 i30 1.6 crdi Go! 110cv,https://www.autoscout24.it/annunci/hyundai-i30-i30-1-6-crdi-go-110cv-diesel-blu-azzurro-cat_ma33mo19065-5458017e-cd47-4943-8282-65bebe3e2886,1.6 CRDi,13000,1204000,manuale,2019,Diesel,110.0,Privato,53041,asciano
Hyundai i30 i30 FastbackFastback 1.4 t-gdi Style dct,https://www.autoscout24.it/annunci/hyundai-i30-i30-fastbackfastback-1-4-t-gdi-style-dct-benzina-blu-azzurro-cat_ma33mo19065-f2769c75-36b3-4828-96c8-28cbcd548c35,1.4 T-GDi,14000,428200,automatico,2018,Benzina,110.0,Privato,70126,bari
Hyundai i30 1.6 crdi 48V Prime Techno&Style Pack 136cv,https://www.autoscout24.it/annunci/hyundai-i30-1-6-crdi-48v-prime-technostyle-pack-136cv-elettrica-diesel-cat_ma33mo19065-ebc5aba6-d558-4e4b-b647-957a510196b9,1.6 CRDi 48V,14000,720000,manuale,2021,Ibrido,110.0,Privato,83100,avellino
Hyundai i30 1.0 t-gdi N-line Plus Pack my20,https://www.autoscout24.it/annunci/hyundai-i30-1-0-t-gdi-n-line-plus-pack-my20-benzina-cat_ma33mo19065-a79fd8ea-c3b7-42ae-a496-e91e4c60e700,1.0 T-GDi,14300,970000,manuale,2021,Benzina,110.0,Privato,20090,buccinasco
Hyundai i30 Wagon 1.0 T-GDI iMT 120CV 48V Prime,https://www.autoscout24.it/annunci/hyundai-i30-wagon-1-0-t-gdi-imt-120cv-48v-prime-elettrica-benzina-grigio-cat_ma33mo19065-1b081d57-e6db-4a8f-9679-9b9c84ff709c,1.0 T-GDi,14000,701040,manuale,2023,Ibrido,110.0,Rivenditore,32030,arsie
Hyundai i30 i30 1.6 crdi 48V Prime 136cv,https://www.autoscout24.it/annunci/hyundai-i30-i30-1-6-crdi-48v-prime-136cv-elettrica-diesel-grigio-cat_ma33mo19065-c7f19e69-0e1d-4a6e-8050-1dacb147a550,1.6 CRDi 48V,14200,1155000,manuale,2021,Ibrido,110.0,Privato,10022,carmagnola
Hyundai i30 Wagon 1.0 T-GDI iMT 48V Prime,https://www.autoscout24.it/annunci/hyundai-i30-wagon-1-0-t-gdi-imt-48v-prime-elettrica-benzina-grigio-cat_ma33mo19065-0fe762c6-c8c1-455a-99c6-2ba57345e060,1.0 T-GDi,14500,679960,manuale,2023,Ibrido,110.0,Rivenditore,32030,arsie
Hyundai i30 Wagon 1.0 T-GDI iMT 48V Prime,https://www.autoscout24.it/annunci/hyundai-i30-wagon-1-0-t-gdi-imt-48v-prime-elettrica-benzina-grigio-cat_ma33mo19065-f1d7ea40-4865-4bff-8c6e-949b81175892,1.0 T-GDi,14000,746830,manuale,2023,Ibrido,110.0,Rivenditore,32030,arsie
Hyundai i30 i30 2.0 t-gdi N Performance my19,https://www.autoscout24.it/annunci/hyundai-i30-i30-2-0-t-gdi-n-performance-my19-benzina-bianco-cat_ma33mo19065-cfef1aa3-938a-4291-a91b-6ebcc1c4b744,2.0 T-GDi N,15000,810000,manuale,2018,Benzina,110.0,Privato,41123,modena
Hyundai i30 1.0 t-gdi 48V NLine 120cv,https://www.autoscout24.it/annunci/hyundai-i30-1-0-t-gdi-48v-nline-120cv-elettrica-benzina-cat_ma33mo19065-f2d54b45-5ccb-4e86-93c5-18ee6ffe110a,1.0 T-GDi,15800,871000,manuale,2020,Ibrido,110.0,Privato,11029,verres
Hyundai i30 i30 1.0 t-gdi 48V Prime 120cv,https://www.autoscout24.it/annunci/hyundai-i30-i30-1-0-t-gdi-48v-prime-120cv-elettrica-benzina-argento-cat_ma33mo19065-8278ca59-850b-4e0e-b65c-a2293edd9149,1.0 T-GDi,15900,400000,manuale,2022,Ibrido,110.0,Privato,10073,cirie
Hyundai i30 N Line Techno Pack 120cv 1.0 t-gdi 48V Shadow Grey,https://www.autoscout24.it/annunci/hyundai-i30-n-line-techno-pack-120cv-1-0-t-gdi-48v-shadow-grey-elettrica-benzina-grigio-cat_ma33mo19065-bfae33de-e457-4928-ae98-d9a3985f63b2,1.0 T-GDi,15990,890000,manuale,2022,Ibrido,110.0,Privato,96015,francofonte
Hyundai i30 1.4 t-gdi style dct,https://www.autoscout24.it/annunci/hyundai-i30-1-4-t-gdi-style-dct-benzina-cat_ma33mo19065-2b458793-f097-4357-afd9-d9a875b1186b,1.4 T-GDi,16000,1060000,automatico,2018,Benzina,110.0,Privato,11100,aosta
Hyundai i30 1.6 CRDi Mild-Hybrid Prime MHEV,https://www.autoscout24.it/annunci/hyundai-i30-1-6-crdi-mild-hybrid-prime-mhev-elettrica-diesel-grigio-cat_ma33mo19065-f42cf7bd-c78b-49ba-92d6-c2b7b59140a1,1.6 CRDi 48V,15699,732840,automatico,2021,Ibrido,110.0,Rivenditore,50145,firenze
Hyundai i30 HYUNDAI i30 1.0 T-GDI iMT 48V 5 porte N-Line PREZZO REALE,https://www.autoscout24.it/annunci/hyundai-i30-hyundai-i30-1-0-t-gdi-imt-48v-5-porte-n-line-prezzo-reale-elettrica-benzina-grigio-cat_ma33mo19065-d8f59166-af52-4fdb-b8ed-b3a33377fe85,1.0 T-GDi,15900,589380,manuale,2021,Ibrido,110.0,Rivenditore,10156,torino
Hyundai i30 i30 2.0 t-gdi N Performance my19,https://www.autoscout24.it/annunci/hyundai-i30-i30-2-0-t-gdi-n-performance-my19-benzina-bianco-cat_ma33mo19065-cfef1aa3-938a-4291-a91b-6ebcc1c4b744,2.0 T-GDi N,15000,810000,manuale,2018,Benzina,110.0,Privato,41123,modena
Hyundai i30 III Wagon 1.6 crdi Business 115cv dct my20,https://www.autoscout24.it/annunci/hyundai-i30-iii-wagon-1-6-crdi-business-115cv-dct-my20-diesel-grigio-cat_ma33mo19065-83e3ad04-14c1-4c50-ba21-2aaae36c5ec9,1.6 CRDi,16986,752980,automatico,2021,Diesel,110.0,Rivenditore,22036,erba
Hyundai i30 1.6 crdi 48V Prime 136cv dct,https://www.autoscout24.it/annunci/hyundai-i30-1-6-crdi-48v-prime-136cv-dct-elettrica-diesel-cat_ma33mo19065-06ae1198-a150-4640-a61e-bfd25a1ae184,1.6 CRDi 48V,16500,560000,automatico,2021,Ibrido,110.0,Privato,12070,alto
Hyundai i30 1.0 t-gdi N-line my20,https://www.autoscout24.it/annunci/hyundai-i30-1-0-t-gdi-n-line-my20-benzina-cat_ma33mo19065-a6349202-814f-4582-8a4d-f9cf1eb15cfd,1.0 T-GDi,17000,750000,manuale,2020,Benzina,110.0,Privato,35010,borgoricco
Hyundai i30 1.4 t-gdi style dct,https://www.autoscout24.it/annunci/hyundai-i30-1-4-t-gdi-style-dct-benzina-cat_ma33mo19065-2b458793-f097-4357-afd9-d9a875b1186b,1.4 T-GDi,16000,1060000,automatico,2018,Benzina,110.0,Privato,11100,aosta
Hyundai i30 1.0 t-gdi N-line my20,https://www.autoscout24.it/annunci/hyundai-i30-1-0-t-gdi-n-line-my20-benzina-cat_ma33mo19065-aa42ab56-80cb-4b9f-8225-1afe6d02e9c9,1.0 T-GDi,16900,320000,manuale,2019,Benzina,110.0,Privato,40131,bologna
Hyundai i30 WAGON 1.0 TGDI 48V DCT,https://www.autoscout24.it/annunci/hyundai-i30-wagon-1-0-tgdi-48v-dct-benzina-grigio-cat_ma33mo19065-1908e0a4-4f15-4520-afbd-ba792d91cb88,1.0 T-GDi,17850,1000,automatico,2023,Benzina,110.0,Rivenditore,84131,salerno
Hyundai i30 1.0 t-gdi N-line my20,https://www.autoscout24.it/annunci/hyundai-i30-1-0-t-gdi-n-line-my20-benzina-cat_ma33mo19065-a6349202-814f-4582-8a4d-f9cf1eb15cfd,1.0 T-GDi,17000,750000,manuale,2020,Benzina,110.0,Privato,35010,borgoricco
Hyundai i30 1.0 t-gdi 48V Prime 120cv,https://www.autoscout24.it/annunci/hyundai-i30-1-0-t-gdi-48v-prime-120cv-elettrica-benzina-nero-cat_ma33mo19065-f763d940-819d-46b4-83ce-5ca7e4776859,1.0 T-GDi,17400,353600,manuale,2022,Ibrido,110.0,Rivenditore,20831,seregno
Hyundai i30 Fastback 1.0 t-gdi 48V NLine 120cv,https://www.autoscout24.it/annunci/hyundai-i30-fastback-1-0-t-gdi-48v-nline-120cv-elettrica-benzina-cat_ma33mo19065-5fe85419-33d8-4b88-8280-27d1f9d3f2f0,1.0 T-GDi,18500,264000,manuale,2020,Ibrido,110.0,Privato,83024,monteforte irpino
Hyundai i30 1.0 t-gdi N-line Plus Pack my20,https://www.autoscout24.it/annunci/hyundai-i30-1-0-t-gdi-n-line-plus-pack-my20-benzina-cat_ma33mo19065-6bde5c03-b465-43e5-a0b2-ca2bf6ab761e,1.0 T-GDi,18500,265480,manuale,2020,Benzina,110.0,Privato,83024,monteforte irpino
Hyundai i30 2.0 t-gdi N Performance,https://www.autoscout24.it/annunci/hyundai-i30-2-0-t-gdi-n-performance-benzina-cat_ma33mo19065-669f3dba-e1f2-4a4e-97f4-a5139fb3e0b7,2.0 T-GDi N,19750,1230000,manuale,2019,Benzina,110.0,Privato,39031,brunico
Hyundai i30 FASTBACK 1.4 T-GDI 140CV STYLE DCT FS230WY PROMO DEL MESE,https://www.autoscout24.it/annunci/hyundai-i30-fastback-1-4-t-gdi-140cv-style-dct-fs230wy-promo-del-mese-benzina-blu-azzurro-cat_ma33mo19065-fe990f3b-6e74-456f-8059-890efc734a0d,1.4 T-GDi,19150,7000,automatico,2018,Benzina,110.0,Rivenditore,40,ardea
Hyundai i30 1.5 T-GDI iMT 48V 5 porte N-Line,https://www.autoscout24.it/annunci/hyundai-i30-1-5-t-gdi-imt-48v-5-porte-n-line-elettrica-benzina-bianco-cat_ma33mo19065-68a3e93c-8429-49ee-9a6d-8bd1cc84ee88,1.5 T-GDi,19950,1246000,manuale,2022,Ibrido,110.0,Rivenditore,40066,pieve cento
Hyundai i30 i30 2.0 TURBO 275CV N PERFORMANCE OTTIME CONDIZIONI / FULL OPTIONAL!!! PREZZO REALE!!!! ORIGINALE!!,https://www.autoscout24.it/annunci/hyundai-i30-i30-2-0-turbo-275cv-n-performance-ottime-condizioni-full-optional-prezzo-reale-originale-benzina-blu-azzurro-cat_ma33mo19065-28ce17f7-9c6d-4714-b506-03dd56e0468e,2.0 T-GDi N,20999,1050000,manuale,2018,Benzina,110.0,Rivenditore,23013,cosio valtellino
Hyundai i30 i30 2.0 T-GDI 275 CV 5 porte N Performance,https://www.autoscout24.it/annunci/hyundai-i30-i30-2-0-t-gdi-275-cv-5-porte-n-performance-benzina-nero-cat_ma33mo19065-1cb7de32-ae1c-46e7-9706-5ba95f8fa09a,2.0 T-GDi N,20200,930000,manuale,2018,Benzina,110.0,Rivenditore,66100,chieti
Hyundai i30 1.5 T-GDI DCT 48V - CARPLAY - CAM - PADDLE,https://www.autoscout24.it/annunci/hyundai-i30-1-5-t-gdi-dct-48v-carplay-cam-paddle-elettrica-benzina-grigio-cat_ma33mo19065-522aaf17-9d4e-44f9-b233-272b834d5080,1.5 T-GDi,21000,9500,automatico,2023,Ibrido,110.0,Rivenditore,20060,basiano
Hyundai i30 i30 2.0 t-gdi N Performance my19 **FULL OPTIONAL!!!**,https://www.autoscout24.it/annunci/hyundai-i30-i30-2-0-t-gdi-n-performance-my19-full-optional-benzina-rosso-cat_ma33mo19065-a6a8fdcf-0ff4-4587-af3f-477ac9e83b93,2.0 T-GDi N,20500,1167550,manuale,2019,Benzina,110.0,Rivenditore,32030,arsie
Hyundai i30 5 Porte 1.0 T-GDi 48V NLine,https://www.autoscout24.it/annunci/hyundai-i30-5-porte-1-0-t-gdi-48v-nline-elettrica-benzina-bianco-cat_ma33mo19065-11f78cdb-c6c4-4cb8-aee8-b2850b049090,1.0 T-GDi,20853,186600,automatico,2024,Ibrido,110.0,Rivenditore,50127,firenze
Hyundai i30 i30 2.0 t-gdi N *NO SUPERBOLLO*,https://www.autoscout24.it/annunci/hyundai-i30-i30-2-0-t-gdi-n-no-superbollo-benzina-nero-cat_ma33mo19065-f2fcdb31-7ffb-4301-a008-eb4f08c5eea5,2.0 T-GDi N,21900,890000,manuale,2018,Benzina,110.0,Rivenditore,37035,san giovanni ilarione
Hyundai i30 1.5 T-GDI DCT 48V - CARPLAY - CAM - PADDLE,https://www.autoscout24.it/annunci/hyundai-i30-1-5-t-gdi-dct-48v-carplay-cam-paddle-elettrica-benzina-grigio-cat_ma33mo19065-522aaf17-9d4e-44f9-b233-272b834d5080,1.5 T-GDi,21000,9500,automatico,2023,Ibrido,110.0,Rivenditore,20060,basiano
Hyundai i30 i30 III 2017 5p 2.0 t-gdi N Performance my19,https://www.autoscout24.it/annunci/hyundai-i30-i30-iii-2017-5p-2-0-t-gdi-n-performance-my19-benzina-blu-azzurro-cat_ma33mo19065-b66fd8f9-8086-4396-a266-ec1e531ac7f9,2.0 T-GDi N,21500,714000,manuale,2019,Benzina,110.0,Rivenditore,13856,vigliano biellese
Hyundai i30 2.0 t-gdi N Performance,https://www.autoscout24.it/annunci/hyundai-i30-2-0-t-gdi-n-performance-benzina-cat_ma33mo19065-48881548-11dc-4642-86d8-55ab43c53891,2.0 T-GDi N,22000,830000,manuale,2018,Benzina,110.0,Privato,53100,siena
Hyundai i30 i30 III 2.0 t-gdi N Performance 450cv stage 3,https://www.autoscout24.it/annunci/hyundai-i30-i30-iii-2-0-t-gdi-n-performance-450cv-stage-3-benzina-verde-cat_ma33mo19065-a144313c-8deb-41ef-aac7-1aa74893d38b,2.0 T-GDi N,22000,880000,manuale,2020,Benzina,110.0,Privato,22100,como
Hyundai i30 2.0 t-gdi N Performance,https://www.autoscout24.it/annunci/hyundai-i30-2-0-t-gdi-n-performance-benzina-cat_ma33mo19065-94c103db-cae6-4050-a62e-4a2ad894dae8,2.0 T-GDi N,22000,650000,manuale,2018,Benzina,110.0,Privato,39045,fortezza
Hyundai i30 Hyundai i30 N Performance 275 CV,https://www.autoscout24.it/annunci/hyundai-i30-hyundai-i30-n-performance-275-cv-benzina-blu-azzurro-cat_ma33mo19065-0da0ab43-bf53-4932-a0e6-43cc38e7a6f1,2.0 T-GDi N,21900,799000,manuale,2018,Benzina,110.0,Privato,24046,osio sotto
Hyundai i30 2.0 T-GDI 275 CV 5 porte N Performance,https://www.autoscout24.it/annunci/hyundai-i30-2-0-t-gdi-275-cv-5-porte-n-performance-benzina-nero-cat_ma33mo19065-59fd2f03-81e7-4cea-b236-37e43eb35165,2.0 T-GDi N,21500,961720,manuale,2018,Benzina,110.0,Rivenditore,40066,pieve cento
Hyundai i30 2024 5p 1.0 t-gdi 48V Business 100cv dct,https://www.autoscout24.it/annunci/hyundai-i30-2024-5p-1-0-t-gdi-48v-business-100cv-dct-elettrica-benzina-grigio-cat_ma33mo19065-f90a292b-3e22-4460-a787-5030cd18e42c,1.0 T-GDi,21900,94530,automatico,2025,Ibrido,110.0,Rivenditore,10148,torino
Hyundai i30 1.0 T-GDI DCT 48V Business,https://www.autoscout24.it/annunci/hyundai-i30-1-0-t-gdi-dct-48v-business-elettrica-benzina-cat_ma33mo19065-777b042a-caf9-4717-bf27-d1f15c16fcc9,1.0 T-GDi,21400,257000,automatico,2024,Ibrido,110.0,Rivenditore,51100,pistoia
Hyundai i30 1.0 T-GDI 12V 5 porte Business,https://www.autoscout24.it/annunci/hyundai-i30-1-0-t-gdi-12v-5-porte-business-benzina-nero-cat_ma33mo19065-b41e27b6-4285-46d2-9fc2-8ad9ccea934c,1.0 T-GDi,21490,,manuale,,Benzina,110.0,Rivenditore,80035,nola
Hyundai i30 1.0 T-GDI 12V 5 porte Business,https://www.autoscout24.it/annunci/hyundai-i30-1-0-t-gdi-12v-5-porte-business-benzina-grigio-cat_ma33mo19065-af0d7b45-1fd4-43f4-861f-d8f01ba730a2,1.0 T-GDi,21490,,manuale,,Benzina,110.0,Rivenditore,80035,nola
Hyundai i30 2.0 275 CV N PERFORMANCE SCARICO SPORTIVO,https://www.autoscout24.it/annunci/hyundai-i30-2-0-275-cv-n-performance-scarico-sportivo-benzina-nero-cat_ma33mo19065-cf5e78b9-cd1d-4958-8743-ef6c121f8819,2.0 T-GDi N,22900,859000,manuale,2018,Benzina,110.0,Rivenditore,24069,cenate sotto
Hyundai i30 2.0 t-gdi N Performance,https://www.autoscout24.it/annunci/hyundai-i30-2-0-t-gdi-n-performance-benzina-cat_ma33mo19065-48881548-11dc-4642-86d8-55ab43c53891,2.0 T-GDi N,22000,830000,manuale,2018,Benzina,110.0,Privato,53100,siena
Hyundai i30 i30 III 2.0 t-gdi N Performance 450cv stage 3,https://www.autoscout24.it/annunci/hyundai-i30-i30-iii-2-0-t-gdi-n-performance-450cv-stage-3-benzina-verde-cat_ma33mo19065-a144313c-8deb-41ef-aac7-1aa74893d38b,2.0 T-GDi N,22000,880000,manuale,2020,Benzina,110.0,Privato,22100,como
Hyundai i30 i30 III 2019 5p 2.0 t-gdi N Performance,https://www.autoscout24.it/annunci/hyundai-i30-i30-iii-2019-5p-2-0-t-gdi-n-performance-benzina-nero-cat_ma33mo19065-a96cf446-c1fb-4752-a079-4a0247de2950,2.0 T-GDi N,23000,930000,manuale,2019,Benzina,110.0,Privato,65122,pescara
Hyundai i30 2.0 t-gdi N Performance,https://www.autoscout24.it/annunci/hyundai-i30-2-0-t-gdi-n-performance-benzina-cat_ma33mo19065-94c103db-cae6-4050-a62e-4a2ad894dae8,2.0 T-GDi N,22000,650000,manuale,2018,Benzina,110.0,Privato,39045,fortezza
Hyundai i30 1.5 T-GDI iMT 48V IBRIDA  N-Line KM 7.000!!GARANZIA,https://www.autoscout24.it/annunci/hyundai-i30-1-5-t-gdi-imt-48v-ibrida-n-line-km-7-000-garanzia-elettrica-benzina-nero-cat_ma33mo19065-af17fc06-639c-4288-a0d2-2f62af4cdd75,1.5 T-GDi,22950,69070,manuale,2021,Ibrido,110.0,Rivenditore,41122,modena
Hyundai i30 2.0 t-gdi N Performance my19,https://www.autoscout24.it/annunci/hyundai-i30-2-0-t-gdi-n-performance-my19-benzina-grigio-cat_ma33mo19065-92879b85-07d4-4ffd-94a2-f88ce7efa0dc,2.0 T-GDi N,22500,1220000,manuale,2019,Benzina,110.0,Rivenditore,22030,barni
Hyundai i30 i30 2.0 t-gdi N Performance,https://www.autoscout24.it/annunci/hyundai-i30-i30-2-0-t-gdi-n-performance-benzina-grigio-cat_ma33mo19065-a852f809-cd4a-49bd-9b9b-b2a4cf37b3bb,2.0 T-GDi N,22500,660000,manuale,2018,Benzina,110.0,Rivenditore,39100,bolzano
Hyundai i30 N Line Mild-Hybrid,https://www.autoscout24.it/annunci/hyundai-i30-n-line-mild-hybrid-elettrica-benzina-grigio-cat_ma33mo19065-5ebe061b-b4a9-40ca-a0c1-352a5335025d,,22900,325000,automatico,2021,Ibrido,110.0,Privato,39040,aldino
Hyundai i30 i30 2.0 t-gdi N Performance,https://www.autoscout24.it/annunci/hyundai-i30-i30-2-0-t-gdi-n-performance-benzina-blu-azzurro-cat_ma33mo19065-94d1f7b9-4070-4f6c-b4a2-d9a4854c9545,2.0 T-GDi N,23000,650000,manuale,2019,Benzina,110.0,Rivenditore,20126,milano
Hyundai i30 2.0 t-gdi N Performance,https://www.autoscout24.it/annunci/hyundai-i30-2-0-t-gdi-n-performance-benzina-cat_ma33mo19065-62e37518-7cfe-4314-8768-338321cac05d,2.0 T-GDi N,22500,1040000,manuale,2019,Benzina,110.0,Privato,32100,belluno
Hyundai i30 Classic 2.0 T-GDI N Performance,https://www.autoscout24.it/annunci/hyundai-i30-classic-2-0-t-gdi-n-performance-benzina-nero-cat_ma33mo19065-a1c65d9b-31ec-43db-8c06-1ff6c46e3db0,2.0 T-GDi N,22500,980000,manuale,2019,Benzina,110.0,Rivenditore,25080,calvagese riviera
Hyundai i30 Wagon 1.0 t-gdi 48V Prime 120cv dct,https://www.autoscout24.it/annunci/hyundai-i30-wagon-1-0-t-gdi-48v-prime-120cv-dct-elettrica-benzina-cat_ma33mo19065-e05dceaf-2cc1-4848-8b5d-ee52b4bfdae6,1.0 T-GDi,23000,480000,automatico,2023,Ibrido,110.0,Privato,35132,padova
Hyundai i30 i30 2.0 T-GDI 275 CV 5 porte N Performance NO VINCOLI,https://www.autoscout24.it/annunci/hyundai-i30-i30-2-0-t-gdi-275-cv-5-porte-n-performance-no-vincoli-benzina-blu-azzurro-cat_ma33mo19065-d23f8509-aa92-4412-a7ce-1f9ba4c6e61f,2.0 T-GDi N,23200,650000,manuale,2018,Benzina,110.0,Rivenditore,30033,noale
Hyundai i30 Fastback 2.0 T-GDI 275 CV N Performance,https://www.autoscout24.it/annunci/hyundai-i30-fastback-2-0-t-gdi-275-cv-n-performance-benzina-grigio-cat_ma33mo19065-7b083ca4-3386-4611-bce4-6a9b27b90466,2.0 T-GDi N,23450,525180,manuale,2019,Benzina,110.0,Rivenditore,20062,cassano d adda
Hyundai i30 i30 III 2017 5p 2.0 t-gdi N Performance my20,https://www.autoscout24.it/annunci/hyundai-i30-i30-iii-2017-5p-2-0-t-gdi-n-performance-my20-benzina-nero-cat_ma33mo19065-c9486c5c-3773-4bde-8556-7ba830760402,2.0 T-GDi N,23900,320000,manuale,2019,Benzina,110.0,Privato,32100,belluno
Hyundai i30 2.0 t-gdi N my19,https://www.autoscout24.it/annunci/hyundai-i30-2-0-t-gdi-n-my19-benzina-cat_ma33mo19065-2708811f-ab86-49f1-a60a-5d8478408468,2.0 T-GDi N,24000,520000,manuale,2019,Benzina,110.0,Privato,54100,massa
Hyundai i30 i30 III 2019 5p 2.0 t-gdi N Performance,https://www.autoscout24.it/annunci/hyundai-i30-i30-iii-2019-5p-2-0-t-gdi-n-performance-benzina-nero-cat_ma33mo19065-a96cf446-c1fb-4752-a079-4a0247de2950,2.0 T-GDi N,23000,930000,manuale,2019,Benzina,110.0,Privato,65122,pescara
Hyundai i30 i30 Kombi 1.5 T-GDI 48V-Hybrid DCT N Line,https://www.autoscout24.it/annunci/hyundai-i30-i30-kombi-1-5-t-gdi-48v-hybrid-dct-n-line-benzina-grigio-cat_ma33mo19065-d22f9c72-0377-46ab-b4da-539770d7e003,1.5 T-GDi,23500,180000,automatico,2024,Benzina,110.0,Privato,69434,
Hyundai i30 i30 2.0 t-gdi N Performance,https://www.autoscout24.it/annunci/hyundai-i30-i30-2-0-t-gdi-n-performance-benzina-blu-azzurro-cat_ma33mo19065-94d1f7b9-4070-4f6c-b4a2-d9a4854c9545,2.0 T-GDi N,23000,650000,manuale,2019,Benzina,110.0,Rivenditore,20126,milano
Hyundai i30 2.0 t-gdi N Performance,https://www.autoscout24.it/annunci/hyundai-i30-2-0-t-gdi-n-performance-benzina-cat_ma33mo19065-f9747e5f-4ac0-4eb5-b769-e3713738bb76,2.0 T-GDi N,23900,786000,manuale,2018,Benzina,110.0,Privato,19038,sarzana
Hyundai i30 2.0 T-GDI 275 CV 5 porte N Performance,https://www.autoscout24.it/annunci/hyundai-i30-2-0-t-gdi-275-cv-5-porte-n-performance-benzina-blu-azzurro-cat_ma33mo19065-f26534de-f7d7-48fe-a820-e8b75e078ad1,2.0 T-GDi N,23900,403930,manuale,2019,Benzina,110.0,Rivenditore,31020,refrontolo
"Hyundai i30 PERFORMANCE 19"" RETROCAMERA SENS PARK KEYLESS ACCES PRONTA CONSEGNA",https://www.autoscout24.it/annunci/hyundai-i30-performance-19-retrocamera-sens-park-keyless-acces-pronta-consegna-benzina-nero-cat_ma33mo19065-c91895b9-2529-4bd4-8fba-6e48e4675611,,23600,609000,manuale,2020,Benzina,110.0,Rivenditore,21024,biandronno
Hyundai i30 Hyundai i30N performance,https://www.autoscout24.it/annunci/hyundai-i30-hyundai-i30n-performance-benzina-blu-azzurro-cat_ma33mo19065-90e95290-b494-470a-85ea-554a8bac28a4,2.0 T-GDi N,23600,743250,manuale,2018,Benzina,110.0,Rivenditore,47921,rimini
Hyundai i30 i30 2.0 t-gdi N Performance,https://www.autoscout24.it/annunci/hyundai-i30-i30-2-0-t-gdi-n-performance-benzina-blu-azzurro-cat_ma33mo19065-7da149de-e99f-43fd-a84e-9ecb75bda84a,2.0 T-GDi N,24000,910690,manuale,2018,Benzina,110.0,Privato,38068,rovereto
Hyundai i30 2.0 t-gdi N,https://www.autoscout24.it/annunci/hyundai-i30-2-0-t-gdi-n-benzina-cat_ma33mo19065-cd673321-b9bc-44be-b4c7-b6c0a064b28e,2.0 T-GDi N,23900,949000,manuale,2018,Benzina,110.0,Privato,30036,santa maria sala
Hyundai i30 1.0 T-GDI DCT 48V 5 porte Business,https://www.autoscout24.it/annunci/hyundai-i30-1-0-t-gdi-dct-48v-5-porte-business-elettrica-benzina-nero-cat_ma33mo19065-dc6184b6-c945-4527-937b-23ba63ada227,1.0 T-GDi,23890,,automatico,,Ibrido,110.0,Rivenditore,80035,nola
Hyundai i30 1.0 T-GDI DCT 48V 5 porte Business,https://www.autoscout24.it/annunci/hyundai-i30-1-0-t-gdi-dct-48v-5-porte-business-elettrica-benzina-grigio-cat_ma33mo19065-58954ff7-b654-4a67-8036-33f4fac87a4e,1.0 T-GDi,23890,,automatico,,Ibrido,110.0,Rivenditore,80035,nola
Hyundai i30 Wagon 1.0 t-gdi 48V Prime 120cv dct,https://www.autoscout24.it/annunci/hyundai-i30-wagon-1-0-t-gdi-48v-prime-120cv-dct-elettrica-benzina-cat_ma33mo19065-e05dceaf-2cc1-4848-8b5d-ee52b4bfdae6,1.0 T-GDi,23000,480000,automatico,2023,Ibrido,110.0,Privato,35132,padova
Hyundai i30 2.0 t-gdi N my19,https://www.autoscout24.it/annunci/hyundai-i30-2-0-t-gdi-n-my19-benzina-cat_ma33mo19065-4ce20f73-d3ac-43d9-b013-2c7632ea107f,2.0 T-GDi N,24300,540000,manuale,2019,Benzina,110.0,Privato,20053,rodano
Hyundai i30 2.0 t-gdi N my19,https://www.autoscout24.it/annunci/hyundai-i30-2-0-t-gdi-n-my19-benzina-cat_ma33mo19065-2708811f-ab86-49f1-a60a-5d8478408468,2.0 T-GDi N,24000,520000,manuale,2019,Benzina,110.0,Privato,54100,massa
Hyundai i30 i30 2.0 t-gdi N Performance,https://www.autoscout24.it/annunci/hyundai-i30-i30-2-0-t-gdi-n-performance-benzina-blu-azzurro-cat_ma33mo19065-4ddedc0c-a661-4ed1-b4f0-a87080e82187,2.0 T-GDi N,24600,626300,manuale,2018,Benzina,110.0,Privato,20854,vedano lambro
Hyundai i30 2.0 t-gdi N Performance my19,https://www.autoscout24.it/annunci/hyundai-i30-2-0-t-gdi-n-performance-my19-benzina-cat_ma33mo19065-7baab97a-1ebd-407a-969d-b23fdd804845,2.0 T-GDi N,25000,510000,manuale,2019,Benzina,110.0,Privato,51100,pistoia
Hyundai i30 i30 2.0 t-gdi N Performance,https://www.autoscout24.it/annunci/hyundai-i30-i30-2-0-t-gdi-n-performance-benzina-blu-azzurro-cat_ma33mo19065-7da149de-e99f-43fd-a84e-9ecb75bda84a,2.0 T-GDi N,24000,910690,manuale,2018,Benzina,110.0,Privato,38068,rovereto
Hyundai i30 i30 III 2017 5p 2.0 t-gdi N Performance,https://www.autoscout24.it/annunci/hyundai-i30-i30-iii-2017-5p-2-0-t-gdi-n-performance-benzina-blu-azzurro-cat_ma33mo19065-18923001-640d-485d-a34d-6b020fb1c6e8,2.0 T-GDi N,24900,750000,manuale,2018,Benzina,110.0,Privato,10100,
Hyundai i30 2.0 t-gdi N Performance,https://www.autoscout24.it/annunci/hyundai-i30-2-0-t-gdi-n-performance-benzina-cat_ma33mo19065-3179de9f-104f-4465-866d-6ea0ee7152d4,2.0 T-GDi N,24800,800000,manuale,2019,Benzina,110.0,Privato,21100,varese
Hyundai i30 i30,https://www.autoscout24.it/annunci/hyundai-i30-i30-elettrica-benzina-nero-cat_ma33mo19065-8fc53641-17c6-4638-b017-557c9998f970,,24950,369990,automatico,2021,Ibrido,110.0,Rivenditore,40066,pieve cento
Hyundai i30 i30,https://www.autoscout24.it/annunci/hyundai-i30-i30-elettrica-benzina-nero-cat_ma33mo19065-a9e9a44b-6277-46db-b61b-b8f39e6d94cc,,24950,369990,automatico,2021,Ibrido,110.0,Rivenditore,40066,pieve cento
Hyundai i30 1.6 CRDI 136CV 48V PRIME 6725 PROMO DEL MESE,https://www.autoscout24.it/annunci/hyundai-i30-1-6-crdi-136cv-48v-prime-6725-promo-del-mese-elettrica-benzina-bianco-cat_ma33mo19065-cafd997d-78fc-47b3-9862-f6c0f39f6f23,1.6 CRDi,24200,75000,manuale,2020,Ibrido,110.0,Rivenditore,40,ardea
Hyundai i30 2.0 T-GDI N Performance,https://www.autoscout24.it/annunci/hyundai-i30-2-0-t-gdi-n-performance-benzina-cat_ma33mo19065-c3505e04-d9f1-414d-84c4-9f9d5bb85a3d,2.0 T-GDi N,26000,680000,manuale,2021,Benzina,110.0,Privato,39100,bolzano
Hyundai i30 2.0 t-gdi N Performance my20,https://www.autoscout24.it/annunci/hyundai-i30-2-0-t-gdi-n-performance-my20-benzina-cat_ma33mo19065-c7c0abca-ff12-4f90-b7a0-24270900b57b,2.0 T-GDi N,26000,580000,manuale,2020,Benzina,110.0,Privato,38023,cles
Hyundai i30 N 2.0 T-gdi 275cv N Performance dct SEDILI GUSCIO,https://www.autoscout24.it/annunci/hyundai-i30-n-2-0-t-gdi-275cv-n-performance-dct-sedili-guscio-benzina-nero-cat_ma33mo19065-f111150b-9016-4c4e-9719-2a3496574846,2.0 T-GDi N,25900,899000,automatico,2021,Benzina,110.0,Rivenditore,20811,cesano maderno
Hyundai i30 2.0 t-gdi N Performance my19,https://www.autoscout24.it/annunci/hyundai-i30-2-0-t-gdi-n-performance-my19-benzina-cat_ma33mo19065-6069c2d0-c3e4-4edc-80ac-9e810622a644,2.0 T-GDi N,25900,410000,manuale,2020,Benzina,110.0,Privato,38097,terre d adige
Hyundai i30 2.0 t-gdi N Performance my19,https://www.autoscout24.it/annunci/hyundai-i30-2-0-t-gdi-n-performance-my19-benzina-cat_ma33mo19065-7baab97a-1ebd-407a-969d-b23fdd804845,2.0 T-GDi N,25000,510000,manuale,2019,Benzina,110.0,Privato,51100,pistoia
Hyundai i30 1.0 T-GDI iMT N Line,https://www.autoscout24.it/annunci/hyundai-i30-1-0-t-gdi-imt-n-line-benzina-grigio-cat_ma33mo19065-da7e49f3-f304-48c9-b196-3668fe407bca,1.0 T-GDi,25900,200,manuale,2026,Benzina,110.0,Rivenditore,33080,andreis
Hyundai i30 N Performance 2.0 T-GDI *PRE OPF 109DB,https://www.autoscout24.it/annunci/hyundai-i30-n-performance-2-0-t-gdi-pre-opf-109db-benzina-nero-cat_ma33mo19065-5929308c-54d2-4c2f-8dec-3959f0bf7ea7,2.0 T-GDi N,25900,715000,manuale,2018,Benzina,110.0,Rivenditore,38121,trento
Hyundai i30 i30 III 2017 5p 2.0 t-gdi N Performance my19,https://www.autoscout24.it/annunci/hyundai-i30-i30-iii-2017-5p-2-0-t-gdi-n-performance-my19-benzina-bianco-cat_ma33mo19065-9514d490-8955-47ba-818e-20632bb6f940,2.0 T-GDi N,25900,1188840,manuale,2019,Benzina,110.0,Rivenditore,27028,san martino siccomario
Hyundai i30 2.0 T-GDI N Performance,https://www.autoscout24.it/annunci/hyundai-i30-2-0-t-gdi-n-performance-benzina-cat_ma33mo19065-c3505e04-d9f1-414d-84c4-9f9d5bb85a3d,2.0 T-GDi N,26000,680000,manuale,2021,Benzina,110.0,Privato,39100,bolzano
Hyundai i30 2.0 t-gdi N Performance my20,https://www.autoscout24.it/annunci/hyundai-i30-2-0-t-gdi-n-performance-my20-benzina-cat_ma33mo19065-c7c0abca-ff12-4f90-b7a0-24270900b57b,2.0 T-GDi N,26000,580000,manuale,2020,Benzina,110.0,Privato,38023,cles
Hyundai i30 N PERFOMANCE 2.0 VARI COLORI E ALLESTIMENTI,https://www.autoscout24.it/annunci/hyundai-i30-n-perfomance-2-0-vari-colori-e-allestimenti-benzina-bianco-cat_ma33mo19065-60b0c59c-e901-4888-bd35-7da5cc54fd19,,26900,269000,manuale,2022,Benzina,110.0,Rivenditore,26025,pandino
Hyundai i30 N Performance 2.0 VARI COLORI E ALLESTIMENTI,https://www.autoscout24.it/annunci/hyundai-i30-n-performance-2-0-vari-colori-e-allestimenti-benzina-bianco-cat_ma33mo19065-7bcbf96d-a876-4849-9e5b-a61c831e7d5d,2.0 T-GDi N,26900,290000,manuale,2022,Benzina,110.0,Rivenditore,37040,arcole
Hyundai i30 2.0 t-gdi N Performance,https://www.autoscout24.it/annunci/hyundai-i30-2-0-t-gdi-n-performance-benzina-cat_ma33mo19065-869fa6f2-3347-4433-9b57-0b84a933da4f,2.0 T-GDi N,27000,500000,manuale,2019,Benzina,110.0,Privato,26035,pieve san giacomo
Hyundai i30 2.0 t-gdi N Performance,https://www.autoscout24.it/annunci/hyundai-i30-2-0-t-gdi-n-performance-benzina-cat_ma33mo19065-6d70b2aa-0718-4405-827d-bd33373620f9,2.0 T-GDi N,27200,592000,manuale,2018,Benzina,110.0,Privato,23873,missaglia
Hyundai i30 2.0 t-gdi N Performance my19,https://www.autoscout24.it/annunci/hyundai-i30-2-0-t-gdi-n-performance-my19-benzina-cat_ma33mo19065-9ff99cd7-b98d-4a63-a00d-4913eb79c682,2.0 T-GDi N,28000,325000,manuale,2019,Benzina,110.0,Privato,38042,baselga pine
Hyundai i30 2.0 t-gdi N Performance,https://www.autoscout24.it/annunci/hyundai-i30-2-0-t-gdi-n-performance-benzina-cat_ma33mo19065-869fa6f2-3347-4433-9b57-0b84a933da4f,2.0 T-GDi N,27000,500000,manuale,2019,Benzina,110.0,Privato,26035,pieve san giacomo
Hyundai i30 i30 III 2.0 t-gdi N Performance TRATTABILE,https://www.autoscout24.it/annunci/hyundai-i30-i30-iii-2-0-t-gdi-n-performance-trattabile-benzina-bianco-cat_ma33mo19065-209fcd7a-895e-4248-975f-323497b1e429,2.0 T-GDi N,28000,450000,manuale,2019,Benzina,110.0,Privato,24125,bergamo
Hyundai i30 i30 N Performance DCT 2.0 T-GDI 280CV,https://www.autoscout24.it/annunci/hyundai-i30-i30-n-performance-dct-2-0-t-gdi-280cv-benzina-blu-azzurro-cat_ma33mo19065-c3dfb5a6-b293-40d3-b6fd-a3800d1436a5,2.0 T-GDi N,27890,731450,automatico,2021,Benzina,110.0,Rivenditore,24010,algua
Hyundai i30 1.0 T-GDI 115 CV 12V 5 porte Business,https://www.autoscout24.it/annunci/hyundai-i30-1-0-t-gdi-115-cv-12v-5-porte-business-benzina-argento-cat_ma33mo19065-40e10a76-55ac-4f10-bdd8-b00733581086,1.0 T-GDi,27100,,manuale,,Benzina,110.0,Rivenditore,40066,pieve cento
Hyundai i30 2.0 t-gdi N Performance my19,https://www.autoscout24.it/annunci/hyundai-i30-2-0-t-gdi-n-performance-my19-benzina-cat_ma33mo19065-9ff99cd7-b98d-4a63-a00d-4913eb79c682,2.0 T-GDi N,28000,325000,manuale,2019,Benzina,110.0,Privato,38042,baselga pine
Hyundai i30 i30 III 2.0 t-gdi N Performance TRATTABILE,https://www.autoscout24.it/annunci/hyundai-i30-i30-iii-2-0-t-gdi-n-performance-trattabile-benzina-bianco-cat_ma33mo19065-209fcd7a-895e-4248-975f-323497b1e429,2.0 T-GDi N,28000,450000,manuale,2019,Benzina,110.0,Privato,24125,bergamo
Hyundai i30 i30 2.0 t-gdi N Performance dct TETTO STAGE 1,https://www.autoscout24.it/annunci/hyundai-i30-i30-2-0-t-gdi-n-performance-dct-tetto-stage-1-benzina-nero-cat_ma33mo19065-c633f3ed-60a8-4ac6-a800-c81c3905792f,2.0 T-GDi N,28500,990000,automatico,2021,Benzina,110.0,Rivenditore,24062,costa volpino
Hyundai i30 1.0 T-GDI 115 CV 12V 5 porte N-Line,https://www.autoscout24.it/annunci/hyundai-i30-1-0-t-gdi-115-cv-12v-5-porte-n-line-benzina-argento-cat_ma33mo19065-b1fd9f0d-6404-43ac-b751-b2a9f821f748,1.0 T-GDi,28560,,manuale,,Benzina,110.0,Rivenditore,40066,pieve cento
Hyundai i30 Wagon 1.0 T-GDI 115 CV 12V Business,https://www.autoscout24.it/annunci/hyundai-i30-wagon-1-0-t-gdi-115-cv-12v-business-benzina-argento-cat_ma33mo19065-c591dfe6-745a-4e9b-a6a2-ac3021778371,1.0 T-GDi,28560,,manuale,,Benzina,110.0,Rivenditore,40066,pieve cento
Hyundai i30 i30 2.0 t-gdi N Performance,https://www.autoscout24.it/annunci/hyundai-i30-i30-2-0-t-gdi-n-performance-benzina-grigio-cat_ma33mo19065-e1a26a3f-9de4-43ca-a813-defac89cedd8,2.0 T-GDi N,29900,990000,manuale,2018,Benzina,110.0,Privato,38027,croviana
Hyundai i30 1.0 T-GDI DCT 48V Business,https://www.automobile.it/pistoia-hyundai-i30-1-0-t-gdi-dct-48v-business/179525843,1.0 T-GDi,21400,25700,automatico,2024,Ibrido,120.0,Rivenditore,51100,pistoia
HYUNDAI i30 2.0 T-GDI 275 CV N Performance #tettoapribile,https://www.automobile.it/spinea-hyundai-i30-2-0-t-gdi-275-cv-n-performance-tettoapribile/175419868,2.0 T-GDi N,26990,46500,manuale,2018,Benzina,275.0,Rivenditore,30038,spinea
HYUNDAI i30 Wagon 1.6 CRDi 136 CV 48V DCT Prime,https://www.automobile.it/vignola-hyundai-i30-wagon-1-6-crdi-136-cv-48v-dct-prime/175303272,1.6 CRDi,21900,72000,automatico,2021,Ibrido,136.0,Rivenditore,41058,vignola
HYUNDAI i30 Wagon 1.6 CRDi 110CV DCT Comfort,https://www.automobile.it/crema-hyundai-i30-wagon-1-6-crdi-110cv-dct-comfort/182241420,1.6 CRDi,7500,200700,automatico,2018,Diesel,110.0,Rivenditore,26013,crema
Hyundai i30 Wagon 1.6 CRDi 136CV DCT Style,https://www.automobile.it/corato-hyundai-i30-wagon-1-6-crdi-136cv-dct-style/184602156,1.6 CRDi,7700,204000,automatico,2018,Diesel,136.0,Rivenditore,70033,corato
Hyundai i30 Wagon 1.6 CRDi 110CV EURO 6B,https://www.automobile.it/cologne-hyundai-i30-wagon-1-6-crdi-110cv-euro-6b/184430937,1.6 CRDi,7990,160000,manuale,2018,Diesel,110.0,Rivenditore,25033,cologne
Hyundai i30 Wagon 1.6 CRDi 110CV EURO 6B,https://www.automobile.it/cologne-hyundai-i30-wagon-1-6-crdi-110cv-euro-6b/184417450,1.6 CRDi,7990,160000,manuale,2018,Diesel,110.0,Rivenditore,25033,cologne
Hyundai i30 1.6 CRDi 136CV 5 N-Line perfetta,https://www.automobile.it/frattaminore-hyundai-i30-1-6-crdi-136cv-5-n-line-perfetta/184642749,1.6 CRDi,8700,179000,manuale,2019,Diesel,136.0,Rivenditore,80020,frattaminore
Hyundai i30 Wagon 1.6 CRDi 115CV Business,https://www.automobile.it/pogliano-milanese-hyundai-i30-wagon-1-6-crdi-115cv-business/184655886,1.6 CRDi,9400,154000,manuale,2019,Diesel,115.0,Rivenditore,20005,pogliano milanese
Hyundai i30 Wagon 1.6 CRDi 136 CV 48V DCT Prime,https://www.automobile.it/vicenza-hyundai-i30-wagon-1-6-crdi-136-cv-48v-dct-prime/182208523,1.6 CRDi,9900,130000,automatico,2021,Ibrido,136.0,Rivenditore,36100,vicenza
Hyundai i30 Wagon 1.0 T-GDI Go! 53 MILA KM,https://www.automobile.it/bernezzo-hyundai-i30-wagon-1-0-t-gdi-go-53-mila-km/182360164,1.0 T-GDi,10500,53214,manuale,2019,Benzina,120.0,Rivenditore,12010,bernezzo
i30 Wagon 1.6 CRDi 110CV DCT Business con obbligo di finanziamento,https://www.automobile.it/roma-i30-wagon-1-6-crdi-110cv-dct-business-obbligo-finanziamento/183008822,1.6 CRDi,11399,95000,automatico,2018,Diesel,110.0,Rivenditore,118,roma
Hyundai i30 1.4 MPI CLASSIC,https://www.automobile.it/saronno-hyundai-i30-1-4-mpi-classic/184592134,1.4 MPi,11400,68371,manuale,2018,Benzina,100.0,Rivenditore,21047,saronno
Hyundai i30 1.6 CRDi 110cv DCT Business,https://www.automobile.it/varese-hyundai-i30-1-6-crdi-110cv-dct-business/183505102,1.6 CRDi,11750,90500,automatico,2018,Diesel,110.0,Rivenditore,21100,varese
HYUNDAI i30 1.0 T-GDI 48V 5p. Prime NEOPATENTATI,https://www.automobile.it/assago-hyundai-i30-1-0-t-gdi-48v-5p-prime-neopatentati/184659203,1.0 T-GDi,11900,91386,manuale,2023,Ibrido,120.0,Rivenditore,20057,assago
HYUNDAI i30 Wagon 1.6 CRDi 136 CV MHEV AUTOMATICA,https://www.automobile.it/apricena-hyundai-i30-wagon-1-6-crdi-136-cv-mhev-automatica/184626548,1.6 CRDi,11999,163000,automatico,2021,Ibrido,136.0,Rivenditore,71011,apricena
Hyundai i30 1.6 CRDi 136 Prime,https://www.automobile.it/lanciano-hyundai-i30-1-6-crdi-136-prime/184441050,1.6 CRDi,12500,47000,manuale,2021,Ibrido,116.0,Rivenditore,66034,lanciano
Hyundai i30 Prime 1.6 CRDi 48V MHEV #50298,https://www.automobile.it/mazzano-hyundai-i30-prime-1-6-crdi-48v-mhev-50298/184593230,1.6 CRDi 48V,12500,106900,automatico,2021,Diesel,136.0,Rivenditore,25080,mazzano
HYUNDAI i30 Wagon 1.0 T-GDI iMT 48V Prime,https://www.automobile.it/dolo-hyundai-i30-wagon-1-0-t-gdi-imt-48v-prime/184122247,1.0 T-GDi,12790,69900,manuale,2023,Ibrido,120.0,Rivenditore,30031,dolo
Hyundai i30 1.6 CRDi 136 CV iMT 48V 5 porte Prime,https://www.automobile.it/castropignano-hyundai-i30-1-6-crdi-136-cv-imt-48v-5-porte-prime/184644131,1.6 CRDi,12900,94000,manuale,2021,Ibrido,136.0,Rivenditore,86010,castropignano
Hyundai i30 i30 Wagon 1.0 t-gdi 48V Prime 120cv,https://www.automobile.it/castelfranco-veneto-hyundai-i30-i30-wagon-1-0-t-gdi-48v-prime-120cv/182342537,1.0 T-GDi,13377,61311,manuale,2023,Ibrido,120.0,Rivenditore,31033,castelfranco veneto
Hyundai i30 1.0 T-GDI iMT 48V N Line,https://www.automobile.it/nocera-inferiore-hyundai-i30-1-0-t-gdi-imt-48v-n-line/183966557,1.0 T-GDi,13490,85985,manuale,2023,Ibrido,120.0,Rivenditore,84014,nocera inferiore
HYUNDAI i30 Wagon 1.6 CRDi 136 CV 48V DCT Prime,https://www.automobile.it/arsie-hyundai-i30-wagon-1-6-crdi-136-cv-48v-dct-prime/184512336,1.6 CRDi,13800,95771,automatico,2021,Ibrido,136.0,Rivenditore,32030,arsie
HYUNDAI i30 Wagon 1.0 T-GDI 48V Prime,https://www.automobile.it/assago-hyundai-i30-wagon-1-0-t-gdi-48v-prime/183353411,1.0 T-GDi,13900,84257,manuale,2023,Ibrido,120.0,Rivenditore,20057,assago
HYUNDAI i30 Wagon 1.0 T-GDI iMT 48V Prime NO VINCOLI !!!!,https://www.automobile.it/fiumicino-hyundai-i30-wagon-1-0-t-gdi-imt-48v-prime-vincoli/184445659,1.0 T-GDi,13900,70000,manuale,2023,Ibrido,120.0,Rivenditore,54,fiumicino
HYUNDAI i30 3ª serie i30 1.6 CRDi 136 CV iMT 4...,https://www.automobile.it/santadi-hyundai-i30-3-serie-i30-1-6-crdi-136-cv-imt-4/184622932,1.6 CRDi,13990,96000,manuale,2020,Diesel,136.0,Rivenditore,9010,santadi
Hyundai i30 1.6 CRDi 136 CV 48V DCT 5 porte Prime,https://www.automobile.it/marano-principato-hyundai-i30-1-6-crdi-136-cv-48v-dct-5-porte-prime/184332158,1.6 CRDi,13999,80000,manuale,2022,Ibrido,136.0,Rivenditore,87040,marano principato
HYUNDAI i30 Wagon 1.0 T-GDI iMT 48V Prime,https://www.automobile.it/arsie-hyundai-i30-wagon-1-0-t-gdi-imt-48v-prime/184521806,1.0 T-GDi,14000,74683,manuale,2023,Ibrido,120.0,Rivenditore,32030,arsie
HYUNDAI i30 Wagon 1.0 T-GDI iMT 120CV 48V Prime,https://www.automobile.it/arsie-hyundai-i30-wagon-1-0-t-gdi-imt-120cv-48v-prime/184496540,1.0 T-GDi,14000,70104,manuale,2023,Ibrido,120.0,Rivenditore,32030,arsie
HYUNDAI i30 1.0 T-GDI 12V 5 porte N-Line,https://www.automobile.it/bologna-hyundai-i30-1-0-t-gdi-12v-5-porte-n-line/182034242,1.0 T-GDi,14099,67033,manuale,2019,Benzina,120.0,Rivenditore,40121,bologna
HYUNDAI i30 Wagon 1.0 T-GDI iMT 48V Prime,https://www.automobile.it/arsie-hyundai-i30-wagon-1-0-t-gdi-imt-48v-prime/184639875,1.0 T-GDi,14500,67996,manuale,2023,Ibrido,120.0,Rivenditore,32030,arsie
HYUNDAI i30 Wagon 1.0 T-GDI iMT 48V Prime,https://www.automobile.it/arsie-hyundai-i30-wagon-1-0-t-gdi-imt-48v-prime/181375354,1.0 T-GDi,14800,64758,manuale,2022,Ibrido,120.0,Rivenditore,32030,arsie
Hyundai i30 1.6 CRDi 136 CV 48V DCT 5 porte Prime,https://www.automobile.it/cepagatti-hyundai-i30-1-6-crdi-136-cv-48v-dct-5-porte-prime/184566160,1.6 CRDi,14900,92543,automatico,2021,Ibrido,136.0,Rivenditore,65012,cepagatti
Hyundai i30 1.6 CRDi 136 CV 48V DCT 5 porte Prime,https://www.automobile.it/cepagatti-hyundai-i30-1-6-crdi-136-cv-48v-dct-5-porte-prime/184566162,1.6 CRDi,14900,101869,automatico,2021,Ibrido,136.0,Rivenditore,65012,cepagatti
Hyundai i30 1.6 CRDi 136 CV 48V DCT 5 porte Prime,https://www.automobile.it/campobasso-hyundai-i30-1-6-crdi-136-cv-48v-dct-5-porte-prime/184566521,1.6 CRDi,14900,101869,automatico,2021,Ibrido,136.0,Rivenditore,86100,campobasso
Hyundai i30 1.6 CRDi 136 CV PARI AL NUOVO GARANZIA,https://www.automobile.it/anzio-hyundai-i30-1-6-crdi-136-cv-pari-nuovo-garanzia/182516185,1.6 CRDi,15800,69000,automatico,2021,Ibrido,136.0,Rivenditore,42,anzio
HYUNDAI i30 3ª serie i30 1.0 T-GDI iMT 48V 5 p...,https://www.automobile.it/torino-hyundai-i30-3-serie-i30-1-0-t-gdi-imt-48v-5-p/184406649,1.0 T-GDi,15900,58938,manuale,2021,Ibrido,120.0,Rivenditore,10121,torino
HYUNDAI i30 Wagon 1.6 CRDi 136 CV iMT 48V Prime,https://www.automobile.it/caltagirone-hyundai-i30-wagon-1-6-crdi-136-cv-imt-48v-prime/182736112,1.6 CRDi,15990,32000,manuale,2021,Ibrido,136.0,Rivenditore,95041,caltagirone
Hyundai i30 Wagon 1.6 CRDi 136 CV 48V DCT Prime,https://www.automobile.it/cepagatti-hyundai-i30-wagon-1-6-crdi-136-cv-48v-dct-prime/184566169,1.6 CRDi,16500,67129,automatico,2021,Ibrido,136.0,Rivenditore,65012,cepagatti
Hyundai i30 Wagon 1.6 CRDi 136 CV iMT 48V Prime,https://www.automobile.it/campobasso-hyundai-i30-wagon-1-6-crdi-136-cv-imt-48v-prime/184566512,1.6 CRDi,16500,67129,manuale,2021,Ibrido,136.0,Rivenditore,86100,campobasso
Hyundai i30 III Wagon 1.6 crdi Business 115cv dct my20,https://www.automobile.it/albavilla-hyundai-i30-iii-wagon-1-6-crdi-business-115cv-dct-my20/183992424,1.6 CRDi,16986,75298,automatico,2021,Diesel,115.0,Rivenditore,22031,albavilla
Hyundai i30 i30 Wagon 1.0 T-GDI iMT 48V 120cv Prime,https://www.automobile.it/roe-volciano-hyundai-i30-i30-wagon-1-0-t-gdi-imt-48v-120cv-prime/182067536,1.0 T-GDi,17500,60300,manuale,2023,Ibrido,120.0,Rivenditore,25077,roe volciano
Hyundai i30 1.0 T-GDI iMT 48V 5 porte Prime,https://www.automobile.it/salerno-hyundai-i30-1-0-t-gdi-imt-48v-5-porte-prime/178396256,1.0 T-GDi,17850,200,automatico,2023,Ibrido,120.0,Rivenditore,84121,salerno
HYUNDAI i30 2.0 T-GDI 275 CV 5 porte N Performance,https://www.automobile.it/montesilvano-hyundai-i30-2-0-t-gdi-275-cv-5-porte-n-performance/184429802,2.0 T-GDi N,20200,93000,manuale,2018,Benzina,275.0,Rivenditore,65015,montesilvano
HYUNDAI i30 1.5 T-GDI DCT 48V - CARPLAY - CAM - PADDLE,https://www.automobile.it/liscate-hyundai-i30-1-5-t-gdi-dct-48v-carplay-cam-paddle/182464545,1.5 T-GDi,21000,950,automatico,2023,Ibrido,160.0,Rivenditore,20050,liscate
Hyundai i30 1.0 T-GDI 12V 5 porte Business,https://www.automobile.it/nola-hyundai-i30-1-0-t-gdi-12v-5-porte-business/182853053,1.0 T-GDi,21490,0,manuale,2026,Benzina,120.0,Rivenditore,80035,nola
Hyundai i30 1.0 T-GDI 12V 5 porte Business,https://www.automobile.it/nola-hyundai-i30-1-0-t-gdi-12v-5-porte-business/182853059,1.0 T-GDi,21490,0,manuale,2026,Benzina,120.0,Rivenditore,80035,nola
Hyundai i30 2.0 T-GDI 275 CV 5 porte N Performance,https://www.automobile.it/vigliano-biellese-hyundai-i30-2-0-t-gdi-275-cv-5-porte-n-performance/184618889,2.0 T-GDi N,21500,71400,manuale,2019,Benzina,275.0,Rivenditore,13856,vigliano biellese
Hyundai i30 Classic 2.0 T-GDI N Performance #50476,https://www.automobile.it/mazzano-hyundai-i30-classic-2-0-t-gdi-n-performance-50476/184600878,2.0 T-GDi N,22500,98000,manuale,2019,Benzina,275.0,Rivenditore,25080,mazzano
HYUNDAI i30 2.0 275 CV N PERFORMANCE SCARICO SPORTIVO,https://www.automobile.it/san-paolo-d-argon-hyundai-i30-2-0-275-cv-n-performance-scarico-sportivo/184630702,2.0 T-GDi N,22900,85900,manuale,2018,Benzina,275.0,Rivenditore,24060,san paolo d argon
Hyundai i30 1.5 T-GDI iMT 48V IBRIDA N-Line KM 7.000!!GARANZIA,https://www.automobile.it/modena-hyundai-i30-1-5-t-gdi-imt-48v-ibrida-n-line-km-7-000-garanzia/182957886,1.5 T-GDi,22950,6907,manuale,2021,Ibrido,160.0,Rivenditore,41121,modena
HYUNDAI i30 2.0 T-GDI 275 CV 5 porte N Performance,https://www.automobile.it/noale-hyundai-i30-2-0-t-gdi-275-cv-5-porte-n-performance/184260341,2.0 T-GDi N,23200,65000,manuale,2018,Benzina,275.0,Rivenditore,30033,noale
Hyundai i30 1.0 T-GDI DCT 48V 5 porte Business,https://www.automobile.it/nola-hyundai-i30-1-0-t-gdi-dct-48v-5-porte-business/182853149,1.0 T-GDi,23890,0,automatico,2026,Ibrido,120.0,Rivenditore,80035,nola
Hyundai i30 1.0 T-GDI DCT 48V 5 porte Business,https://www.automobile.it/nola-hyundai-i30-1-0-t-gdi-dct-48v-5-porte-business/182853232,1.0 T-GDi,23890,0,automatico,2026,Ibrido,120.0,Rivenditore,80035,nola
"Hyundai i30 PERFORMANCE 19"" APPLE CAR PLAY SENS PARK RETROCAMERA KEYLESS ACCESS VOLANTE RISCALDATO",https://www.automobile.it/biandronno-hyundai-i30-performance-19-apple-car-play-sens-park-retrocamera-keyless-access-volante-riscaldato/182790220,,23950,60900,manuale,2020,Benzina,,Rivenditore,21024,biandronno
Hyundai i30 N 2.0 T-gdi 275cv N Performance dct SEDILI GUSCIO,https://www.automobile.it/cesano-maderno-hyundai-i30-n-2-0-t-gdi-275cv-n-performance-dct-sedili-guscio/184629593,2.0 T-GDi N,25900,89900,automatico,2021,Benzina,275.0,Rivenditore,20811,cesano maderno
HYUNDAI i30 2.0 T-GDI 280 CV 5 porte DCT N Performance,https://www.automobile.it/villa-guardia-hyundai-i30-2-0-t-gdi-280-cv-5-porte-dct-n-performance/183847796,2.0 T-GDi N,27000,54000,automatico,2021,Benzina,280.0,Rivenditore,22079,villa guardia
Hyundai i30 2.0 T-GDI 280 CV 5 porte DCT N Performance,https://www.automobile.it/sorisole-hyundai-i30-2-0-t-gdi-280-cv-5-porte-dct-n-performance/183720593,2.0 T-GDi N,27890,73145,automatico,2022,Benzina,280.0,Rivenditore,24010,sorisole
Hyundai i30 N PERFORMANCE,https://www.automobile.it/costa-volpino-hyundai-i30-n-performance/183405149,2.0 T-GDi N,28500,99000,automatico,2021,Benzina,275.0,Rivenditore,24062,costa volpino
Hyundai i30 Hyundai i30 N PERFORMANCE 275 CV – H&R – E-LSD – TETTO APRIBILE – FULL SERVICE,https://autosupermarket.it/annunci/hyundai-i30-2-0-t-gdi-275-cv-benzina-2019-0f12d0a238072062,2.0 T-GDi N,23500,90000,manuale,2019,Benzina,275.0,Rivenditore,,verona
Hyundai i30 2024 5p 1.0 t-gdi 48V Business 100cv dct,https://autosupermarket.it/annunci/hyundai-i30-1-0-t-gdi-ibrida-benzina-2025-cc483fe7b7a0cff5,1.0 T-GDi,21900,9453,automatico,2025,Benzina,101.0,Rivenditore,,torino
Hyundai i30 - i30 1.6 crdi vgt 16v 115cv 5p dynamic wagon,https://autosupermarket.it/annunci/hyundai-i30-1-6-crdi-diesel-2018-a23b6191a902459d,1.6 CRDi,12500,78660,manuale,2018,Diesel,111.0,Rivenditore,,narni
Hyundai i30 1.6 CRDi 110cv DCT Business,https://autosupermarket.it/annunci/hyundai-i30-1-6-crdi-110cv-diesel-2018-8d36aff087ad58f3,1.6 CRDi,11750,90500,automatico,2018,Diesel,111.0,Rivenditore,,varese
Hyundai i30 i30 1.6 CRDi 136 CV 5p. 48V PRIME,https://autosupermarket.it/annunci/hyundai-i30-1-6-crdi-136-cv-diesel-2021-677cea63bf7e07a7,1.6 CRDi,14900,92543,manuale,2021,Diesel,136.0,Rivenditore,,campobasso
Hyundai i30 i30 1.6 CRDi 136 CV iMT 48V 5 porte Prime,https://autosupermarket.it/annunci/hyundai-i30-1-6-crdi-136-cv-diesel-2021-62726bdd960c31b9,1.6 CRDi,12500,47000,manuale,2021,Diesel,136.0,Rivenditore,,treglio
Hyundai i30 HYUNDAI i30 1.0 T-GDI iMT 48V 5 porte N-Line PREZZO REALE,https://autosupermarket.it/annunci/hyundai-i30-1-0-t-gdi-ibrida-benzina-2021-379cd77d9e289cd1,1.0 T-GDi,15900,58938,manuale,2021,Benzina,120.0,Rivenditore,,torino
Hyundai i30 1.0 T-GDI iMT 48V Prime,https://autosupermarket.it/annunci/hyundai-i30-1-0-t-gdi-ibrida-benzina-2023-fe363442d222490f,1.0 T-GDi,12900,68531,manuale,2023,Benzina,120.0,Rivenditore,,venezia
Hyundai i30 i30 Wagon 1.6 CRDi 136 CV 48V DCT Prime PROMO  NO  FINANZIAMENTO,https://autosupermarket.it/annunci/hyundai-i30-1-6-crdi-136-cv-ibrida-diesel-2021-5ef0885f513938fd,1.6 CRDi,16900,67355,automatico,2021,Diesel,136.0,Rivenditore,,campobasso
Hyundai i30 i30 1.6 CRDi 136 CV 48V DCT 5p. Prime,https://autosupermarket.it/annunci/hyundai-i30-1-6-crdi-136-cv-ibrida-diesel-2021-87d306a447d150d8,1.6 CRDi,14900,101926,automatico,2021,Diesel,136.0,Rivenditore,,campobasso
Hyundai i30 I30 1.0 t-gdi 48v nline 100cv dct,https://autosupermarket.it/annunci/hyundai-i30-1-0-t-gdi-ibrida-benzina-2024-3eef9be28c3ffeca,1.0 T-GDi,22074,18660,automatico,2024,Benzina,101.0,Rivenditore,,firenze
Hyundai i30 N 2.0 T-gdi 275cv N Performance dct SEDILI GUSCIO,https://autosupermarket.it/annunci/hyundai-i30-2-0-t-gdi-benzina-2021-137d82ea9d6fa1ee,2.0 T-GDi N,25900,89900,automatico,2021,Benzina,281.0,Rivenditore,,cesano maderno
Hyundai i30 Fastback 2.0 T-GDI 275 CV N Performance,https://autosupermarket.it/annunci/hyundai-i30-2-0-t-gdi-275-cv-benzina-2019-44a41b1fed3ade39,2.0 T-GDi N,23450,52518,manuale,2019,Benzina,275.0,Rivenditore,,cassano d adda
Hyundai i30 i30 III 2020 5p 1.0 t-gdi 48V Prime 120cv,https://autosupermarket.it/annunci/hyundai-i30-1-0-t-gdi-ibrida-benzina-2023-26bb7279fc666d79,1.0 T-GDi,13450,81996,manuale,2023,Benzina,120.0,Rivenditore,,calerno sant ilario d enza
Hyundai i30 - i30 1.0 t-gdi imt 48v 5 porte prime,https://autosupermarket.it/annunci/hyundai-i30-1-0-t-gdi-ibrida-benzina-2023-f54f3142d9342a99,1.0 T-GDi,12499,88083,manuale,2023,Benzina,120.0,Rivenditore,,firenze
Hyundai i30 1.0 T-GDI DCT 48V Business,https://autosupermarket.it/annunci/hyundai-i30-1-0-t-gdi-ibrida-benzina-2024-c3d9aaf2b19731ee,1.0 T-GDi,21400,25700,automatico,2024,Benzina,101.0,Rivenditore,,pistoia
Hyundai i30 I30 1.0 t-gdi imt 48v 5 porte prime 2023 *berlina*,https://autosupermarket.it/annunci/hyundai-i30-1-0-t-gdi-ibrida-benzina-2023-de418625e2fba6bb,1.0 T-GDi,12499,93511,manuale,2023,Benzina,120.0,Rivenditore,,firenze
Hyundai i30 HYUNDAI i30 2.0 T-GDI 280 CV 5 porte DCT N Performance,https://autosupermarket.it/annunci/hyundai-i30-2-0-t-gdi-280-cv-benzina-2021-6e1fe0a56e877193,2.0 T-GDi N,27000,54000,automatico,2021,Benzina,281.0,Rivenditore,,villa guardia
Hyundai i30 HYUNDAI i30 2.0 T-GDI 275 CV 5 porte N Performance,https://autosupermarket.it/annunci/hyundai-i30-2-0-t-gdi-275-cv-benzina-2018-cc3d822d951c84b3,2.0 T-GDi N,20200,93000,manuale,2018,Benzina,275.0,Rivenditore,,montesilvano
Hyundai i30 i30 2.0 TURBO 275CV N PERFORMANCE OTTIME CONDIZIONI / FULL OPTIONAL!!! PREZZO REALE!!!! ORIGINALE!!,https://autosupermarket.it/annunci/hyundai-i30-2-0-t-gdi-275-cv-benzina-2018-9daca28543ddc70d,2.0 T-GDi N,20999,105000,manuale,2018,Benzina,275.0,Rivenditore,,cosio valtellino
HYUNDAI I30 1.0 T-GDI iMT 48V 5 porte Prime 2023 *,https://www.subito.it/auto/hyundai-i30-1-0-t-gdi-imt-48v-5-porte-prime-2023-firenze-663385340.htm,1.0 T-GDi,12499,93511,manuale,2023,Diesel,120.0,Rivenditore,50053,empoli
HYUNDAI i30 Wagon 1.6 CRDi 110CV DCT Comfort,https://www.subito.it/auto/hyundai-i30-wagon-1-6-crdi-110cv-dct-comfort-cremona-636262777.htm,1.6 CRDi,7500,200700,automatico,2018,Diesel,110.0,Rivenditore,26013,crema
Hyundai i30 N 2.0 T-gdi 275cv N Performance dct SE,https://www.subito.it/auto/hyundai-i30-n-2-0-t-gdi-275cv-n-performance-dct-se-monza-663340578.htm,2.0 T-GDi N,25900,89900,automatico,2021,Benzina,275.0,Rivenditore,20811,cesano maderno
Hyundai i30 n performance stage 3 da 450cv,https://www.subito.it/auto/hyundai-i30-n-performance-stage-3-da-450cv-como-653808492.htm,2.0 T-GDi N,22000,88000,manuale,2020,Benzina,450.0,Privato,22100,como
Hyundai i30 1.0 T-GDI iMT 48V 5 porte Prime,https://www.subito.it/auto/hyundai-i30-1-0-t-gdi-imt-48v-5-porte-prime-salerno-649741959.htm,1.0 T-GDi,17850,200,automatico,2023,Ibrido,120.0,Rivenditore,84121,salerno
Hyundai i30 1.0 T-GDI iMT 48V N Line,https://www.subito.it/auto/hyundai-i30-1-0-t-gdi-imt-48v-n-line-salerno-652246782.htm,1.0 T-GDi,13490,85985,manuale,2023,Diesel,120.0,Rivenditore,84014,nocera inferiore
Hyundai i30 2.0 T-GDI 275 CV 5 porte N Performance,https://www.subito.it/auto/hyundai-i30-2-0-t-gdi-275-cv-5-porte-n-performance-biella-663165895.htm,2.0 T-GDi N,21500,71400,manuale,2019,Benzina,275.0,Rivenditore,13856,vigliano biellese
HYUNDAI i30 Wagon 1.0 T-GDI iMT 120CV 48V Prime,https://www.subito.it/auto/hyundai-i30-wagon-1-0-t-gdi-imt-120cv-48v-prime-belluno-662059218.htm,1.0 T-GDi,14000,70104,manuale,2023,Diesel,120.0,Rivenditore,32030,arsie
Hyundai i30 fastback,https://www.subito.it/auto/hyundai-i30-fastback-aosta-663826070.htm,,16000,106000,automatico,2018,Benzina,,Privato,11100,aosta
Hyundai I30 - 69000 km - COME NUOVA!! ,https://www.subito.it/auto/hyundai-i30-69000-km-come-nuova-perugia-663813824.htm,,12800,69000,manuale,2018,Diesel,,Privato,6038,spello
HYUNDAI i30 1.0 T-GDI 48V 5p. Prime NEOPATENTATI,https://www.subito.it/auto/hyundai-i30-1-0-t-gdi-48v-5p-prime-neopatentati-milano-663809956.htm,1.0 T-GDi,11900,91386,manuale,2023,Diesel,120.0,Rivenditore,20121,milano
HYUNDAI i30 Wagon 1.0 T-GDI iMT 48V Prime,https://www.subito.it/auto/hyundai-i30-wagon-1-0-t-gdi-imt-48v-prime-belluno-661627979.htm,1.0 T-GDi,14000,74683,manuale,2023,Diesel,120.0,Rivenditore,32030,arsie
Hyundai i30 Wagon 1.6 CRDi 115CV Business,https://www.subito.it/auto/hyundai-i30-wagon-1-6-crdi-115cv-business-milano-663793722.htm,1.6 CRDi,9400,154000,manuale,2019,Diesel,115.0,Rivenditore,20005,pogliano milanese
Hyundai i30 N PERFORMANCE,https://www.subito.it/auto/hyundai-i30-n-performance-bergamo-643521597.htm,2.0 T-GDi N,28500,99000,automatico,2021,Benzina,275.0,Rivenditore,24062,costa volpino
HYUNDAI i30 2.0 T-GDI 275 CV 5 porte N Performance,https://www.subito.it/auto/hyundai-i30-2-0-t-gdi-275-cv-5-porte-n-performance-venezia-656777163.htm,2.0 T-GDi N,23200,65000,manuale,2018,Benzina,275.0,Rivenditore,30033,noale
HYUNDAI i30 3ª serie i30 1.0 T-GDI iMT 48V 5 p...,https://www.subito.it/auto/hyundai-i30-3-serie-i30-1-0-t-gdi-imt-48v-5-p-torino-659426802.htm,1.0 T-GDi,15900,58938,manuale,2021,Diesel,120.0,Rivenditore,10121,torino
Hyundai i30 Wagon 1.0 T-GDI iMT 48V 120cv ...,https://www.subito.it/auto/hyundai-i30-wagon-1-0-t-gdi-imt-48v-120cv-brescia-632584312.htm,1.0 T-GDi,17500,60300,manuale,2023,Diesel,120.0,Rivenditore,25121,brescia
Hyundai i30 1.0 T-GDI iMT 48V 5 porte Prime 120CV,https://www.subito.it/auto/hyundai-i30-1-0-t-gdi-imt-48v-5-porte-prime-120cv-caserta-663734449.htm,1.0 T-GDi,11990,100000,automatico,2023,Ibrido,120.0,Rivenditore,81031,aversa
Hyundai i30 1.6 CRDi 136 CV iMT 48V 5 porte Prime,https://www.subito.it/auto/hyundai-i30-1-6-crdi-136-cv-imt-48v-5-porte-prime-campobasso-663650558.htm,1.6 CRDi,12900,94000,manuale,2021,Ibrido,136.0,Rivenditore,86010,castropignano
Hyundai i30 1.6 CRDi 136 Prime,https://www.subito.it/auto/hyundai-i30-1-6-crdi-136-prime-chieti-660210692.htm,1.6 CRDi,12500,47000,manuale,2021,Ibrido,116.0,Rivenditore,66034,lanciano
Hyundai i30 1.6 CRDi 136CV 5 N-Line perfetta,https://www.subito.it/auto/hyundai-i30-1-6-crdi-136cv-5-n-line-perfetta-napoli-663624423.htm,1.6 CRDi,8700,179000,manuale,2019,Diesel,136.0,Rivenditore,80020,frattaminore
HYUNDAI i30 2.0 T-GDI 275 CV 5 porte N Performan,https://www.subito.it/auto/hyundai-i30-2-0-t-gdi-275-cv-5-porte-n-performan-bologna-660958347.htm,2.0 T-GDi N,22450,96172,manuale,2018,Benzina,275.0,Rivenditore,40066,pieve cento
Hyundai i30 N Performance 2.0 T-GDI 275 CV,https://www.subito.it/auto/hyundai-i30-n-performance-2-0-t-gdi-275-cv-torino-663610525.htm,2.0 T-GDi N,24900,75000,manuale,2018,Benzina,275.0,Privato,10121,torino
i30 Wagon 1.6 CRDi 110CV DCT Business con obbligo ,https://www.subito.it/auto/i30-wagon-1-6-crdi-110cv-dct-business-con-obbligo-roma-637372135.htm,1.6 CRDi,9999,95000,automatico,2018,Diesel,110.0,Rivenditore,118,roma
HYUNDAI i30 Wagon 1.0 T-GDI iMT 48V Prime,https://www.subito.it/auto/hyundai-i30-wagon-1-0-t-gdi-imt-48v-prime-belluno-663575572.htm,1.0 T-GDi,14500,67996,manuale,2023,Diesel,120.0,Rivenditore,32030,arsie
HYUNDAI i30 1.5 T-GDI iMT 48V 5 porte N-Line,https://www.subito.it/auto/hyundai-i30-1-5-t-gdi-imt-48v-5-porte-n-line-bologna-660961190.htm,1.5 T-GDi,19950,124600,manuale,2022,Diesel,160.0,Rivenditore,40066,pieve cento
HYUNDAI i30 1.5 T-GDI DCT 48V 5 porte N-Line,https://www.subito.it/auto/hyundai-i30-1-5-t-gdi-dct-48v-5-porte-n-line-bologna-660967878.htm,1.5 T-GDi,24950,36999,automatico,2021,Diesel,160.0,Rivenditore,40066,pieve cento
Hyundai i30 1.4 DCT Style SW,https://www.subito.it/auto/hyundai-i30-1-4-dct-style-sw-padova-663466149.htm,,10500,106000,automatico,2018,Benzina,,Privato,35121,padova
HYUNDAI i30 2.0 275 CV N PERFORMANCE SCARICO SPO,https://www.subito.it/auto/hyundai-i30-2-0-275-cv-n-performance-scarico-spo-bergamo-663440945.htm,2.0 T-GDi N,22900,85900,manuale,2018,Benzina,275.0,Rivenditore,24060,san paolo d argon
HYUNDAI i30 Wagon 1.6 CRDi 136 CV 48V DCT Prime,https://www.subito.it/auto/hyundai-i30-wagon-1-6-crdi-136-cv-48v-dct-prime-belluno-662292564.htm,1.6 CRDi,13800,95771,automatico,2021,Diesel,136.0,Rivenditore,32030,arsie
HYUNDAI i30 Wagon 1.6 CRDi 136 CV MHEV AUTOMATICA,https://www.subito.it/auto/hyundai-i30-wagon-1-6-crdi-136-cv-mhev-automatica-foggia-663372633.htm,1.6 CRDi,11999,163000,automatico,2021,Ibrido,136.0,Rivenditore,71011,apricena
HYUNDAI i30 2.0 T-GDI 275 CV 5 porte N Performan,https://www.subito.it/auto/hyundai-i30-2-0-t-gdi-275-cv-5-porte-n-performan-bologna-660885192.htm,2.0 T-GDi N,28950,47999,manuale,2021,Benzina,275.0,Rivenditore,40066,pieve cento
HYUNDAI i30 3� serie i30 1.6 CRDi 136 CV iMT 48...,https://www.subito.it/auto/hyundai-i30-3-serie-i30-1-6-crdi-136-cv-imt-48-medio-campidano-663316167.htm,1.6 CRDi,13990,96000,manuale,2020,Diesel,136.0,Rivenditore,9037,san gavino monreale
hyundai i30n performance TRATTABILE,https://www.subito.it/auto/hyundai-i30n-performance-trattabile-bergamo-663275876.htm,2.0 T-GDi N,28000,45000,manuale,2024,Benzina,275.0,Privato,24121,bergamo
HYUNDAI i30 Wagon 1.6 CRDi 136 CV iMT 48V Prime,https://www.subito.it/auto/hyundai-i30-wagon-1-6-crdi-136-cv-imt-48v-prime-catania-636246623.htm,1.6 CRDi,15990,32000,manuale,2021,Diesel,136.0,Rivenditore,95041,caltagirone
HYUNDAI i30 3� serie i30 2.0 T-GDI 275 CV 5 por...,https://www.subito.it/auto/hyundai-i30-3-serie-i30-2-0-t-gdi-275-cv-5-por-cagliari-663080327.htm,2.0 T-GDi N,24990,70000,manuale,2018,Benzina,275.0,Rivenditore,9028,sestu
Hyundai i30 Wagon 1.6 CRDi 136CV DCT Style,https://www.subito.it/auto/hyundai-i30-wagon-1-6-crdi-136cv-dct-style-bari-662927284.htm,1.6 CRDi,7700,204000,automatico,2018,Diesel,136.0,Rivenditore,70033,corato
HYUNDAI i30 Wagon 1.0 T-GDI iMT 48V Prime,https://www.subito.it/auto/hyundai-i30-wagon-1-0-t-gdi-imt-48v-prime-venezia-661950445.htm,1.0 T-GDi,12790,69900,manuale,2023,Diesel,120.0,Rivenditore,30031,dolo
HYUNDAI i30 3ª serie - i30 1.0 T-GDI iMT 48V 5 por,https://www.subito.it/auto/hyundai-i30-3-serie-i30-1-0-t-gdi-imt-48v-5-por-firenze-658792099.htm,1.0 T-GDi,12499,88083,manuale,2023,Diesel,120.0,Rivenditore,50121,firenze
Hyundai i30 Classic 2.0 T-GDI N Performance #50476,https://www.subito.it/auto/hyundai-i30-classic-2-0-t-gdi-n-performance-50476-brescia-662911735.htm,2.0 T-GDi N,22500,98000,manuale,2019,Benzina,275.0,Rivenditore,25080,mazzano
Hyundai I30 1.6 crdi 48V,https://www.subito.it/auto/hyundai-i30-1-6-crdi-48v-avellino-662906449.htm,1.6 CRDi 48V,14000,73000,manuale,2021,Ibrido,136.0,Privato,83100,avellino
Hyundai i30 Prime 1.6 CRDi 48V MHEV #50298,https://www.subito.it/auto/hyundai-i30-prime-1-6-crdi-48v-mhev-50298-brescia-662864616.htm,1.6 CRDi 48V,12500,106900,automatico,2021,Diesel,136.0,Rivenditore,25080,mazzano
Hyundai i30 N-Line 1.0T-GDI 2020,https://www.subito.it/auto/hyundai-i30-n-line-1-0t-gdi-2020-aosta-662801685.htm,1.0 T-GDi,15800,88000,manuale,2020,Ibrido,120.0,Privato,11029,verres
Hyundai i30 N-Line 1.5tgdi 160cv 2023,https://www.subito.it/auto/hyundai-i30-n-line-1-5tgdi-160cv-2023-varese-662800037.htm,1.5 T-GDi,23900,67800,automatico,2023,Ibrido,160.0,Privato,21100,varese
Hyundai i30 1.6 CRDi 136 CV 48V DCT 5 porte Prime,https://www.subito.it/auto/hyundai-i30-1-6-crdi-136-cv-48v-dct-5-porte-prime-campobasso-662426411.htm,1.6 CRDi,14900,101869,automatico,2021,Ibrido,136.0,Rivenditore,86100,campobasso
Hyundai i30 Wagon 1.6 CRDi 136 CV iMT 48V Prime,https://www.subito.it/auto/hyundai-i30-wagon-1-6-crdi-136-cv-imt-48v-prime-campobasso-662426304.htm,1.6 CRDi,16500,67129,manuale,2021,Ibrido,136.0,Rivenditore,86100,campobasso
Hyundai i30 Wagon 1.6 CRDi 136 CV 48V DCT Prime,https://www.subito.it/auto/hyundai-i30-wagon-1-6-crdi-136-cv-48v-dct-prime-pescara-662419685.htm,1.6 CRDi,16500,67129,automatico,2021,Ibrido,136.0,Rivenditore,65012,cepagatti
Hyundai i30 1.6 CRDi 136 CV 48V DCT 5 porte Prime,https://www.subito.it/auto/hyundai-i30-1-6-crdi-136-cv-48v-dct-5-porte-prime-pescara-662419551.htm,1.6 CRDi,14900,101869,automatico,2021,Ibrido,136.0,Rivenditore,65012,cepagatti
Hyundai i30 1.6 CRDi 136 CV 48V DCT 5 porte Prime,https://www.subito.it/auto/hyundai-i30-1-6-crdi-136-cv-48v-dct-5-porte-prime-pescara-662419509.htm,1.6 CRDi,14900,92543,automatico,2021,Ibrido,136.0,Rivenditore,65012,cepagatti
Hyundai i30 N 2.0 T-GDI Performance 275 CV,https://www.subito.it/auto/hyundai-i30-n-2-0-t-gdi-performance-275-cv-bergamo-662334178.htm,2.0 T-GDi N,21900,79900,manuale,2018,Benzina,275.0,Privato,24046,osio sotto
Hyundai i30 1.4 MPI CLASSIC,https://www.subito.it/auto/hyundai-i30-1-4-mpi-classic-varese-662330438.htm,1.4 MPi,11400,68371,manuale,2018,Benzina,100.0,Rivenditore,21047,saronno
Hyundai i30 2.0 T-GDI 280 CV 5 porte DCT N Perform,https://www.subito.it/auto/hyundai-i30-2-0-t-gdi-280-cv-5-porte-dct-n-perform-bergamo-648384833.htm,2.0 T-GDi N,27890,73145,automatico,2022,Benzina,280.0,Rivenditore,24010,sorisole
HYUNDAI i30 Wagon 1.6 CRDi Hybrid iMT Auto. Prim,https://www.subito.it/auto/hyundai-i30-wagon-1-6-crdi-hybrid-imt-auto-prim-milano-662177285.htm,1.6 CRDi 48V,12990,59000,automatico,2021,Ibrido,136.0,Rivenditore,20092,cinisello balsamo
HYUNDAI i30 Wagon 1.6 CRDi Hybrid iMT Auto. Prim,https://www.subito.it/auto/hyundai-i30-wagon-1-6-crdi-hybrid-imt-auto-prim-milano-662176812.htm,1.6 CRDi 48V,12990,59000,automatico,2021,Diesel,136.0,Rivenditore,20092,cinisello balsamo
Hyundai i30 1.0 t-gdi 48V NLine 100cv dct,https://www.subito.it/auto/hyundai-i30-1-0-t-gdi-48v-nline-100cv-dct-firenze-661778305.htm,1.0 T-GDi,22074,18660,automatico,2024,Diesel,100.0,Rivenditore,50121,firenze
Hyundai i30 N N Performance 2.0 T-GDI *PRE OP...,https://www.subito.it/auto/hyundai-i30-n-n-performance-2-0-t-gdi-pre-op-trento-661543325.htm,2.0 T-GDi N,25900,71500,manuale,2018,Benzina,275.0,Rivenditore,38121,trento
Hyundai i30 fastback 2021,https://www.subito.it/auto/hyundai-i30-fastback-2021-verona-661494527.htm,,16000,130000,manuale,2021,Ibrido,,Privato,37057,san giovanni lupatoto
Hyundai i30 N line grdi 136 cv,https://www.subito.it/auto/hyundai-i30-n-line-grdi-136-cv-grosseto-661389021.htm,,12500,133000,manuale,2020,Diesel,136.0,Privato,58024,massa marittima
Hyundai I30N performance,https://www.subito.it/auto/hyundai-i30n-performance-venezia-661326297.htm,2.0 T-GDi N,22500,116000,manuale,2018,Benzina,275.0,Privato,30034,mira
Hyundai i30 N Line Mild-Hybrid,https://www.subito.it/auto/hyundai-i30-n-line-mild-hybrid-bolzano-661123996.htm,,22990,33000,automatico,2021,Ibrido,,Privato,39040,luson
Hyundai i30 N Performance,https://www.subito.it/auto/hyundai-i30-n-performance-vicenza-660868861.htm,2.0 T-GDi N,22500,89000,manuale,2023,Benzina,275.0,Privato,36100,vicenza
Hyundai I30N - 280cv,https://www.subito.it/auto/hyundai-i30n-280cv-cuneo-660826817.htm,,27000,65000,automatico,2023,Benzina,280.0,Privato,12038,savigliano
Hyundai i30 N Line 120cv 48V Mild Hybrid ,https://www.subito.it/auto/hyundai-i30-n-line-120cv-48v-mild-hybrid-siracusa-660399102.htm,,15990,89000,manuale,2022,Ibrido,120.0,Privato,96015,francofonte
HYUNDAI i30 2.0 T-GDI 275 CV 5 porte N Performance,https://www.subito.it/auto/hyundai-i30-2-0-t-gdi-275-cv-5-porte-n-performance-pescara-660143130.htm,2.0 T-GDi N,20200,93000,manuale,2018,Benzina,275.0,Rivenditore,65015,montesilvano
I 30 N,https://www.subito.it/auto/i-30-n-cagliari-650721060.htm,,23000,79000,manuale,2018,Benzina,,Privato,9056,isili
Hyundai i30 Wagon 1.6 CRDi 110CV EURO 6B,https://www.subito.it/auto/hyundai-i30-wagon-1-6-crdi-110cv-euro-6b-brescia-660043039.htm,1.6 CRDi,7990,160000,manuale,2018,Diesel,110.0,Rivenditore,25033,cologne
Hyundai i30 1.6 CRDi 110 CV Business + Prime Editi,https://www.subito.it/auto/hyundai-i30-1-6-crdi-110-cv-business-prime-editi-verona-659948927.htm,1.6 CRDi,9500,98500,manuale,2018,Diesel,110.0,Privato,37045,legnago
Hyundai i30 N line,https://www.subito.it/auto/hyundai-i30-n-line-padova-659425212.htm,,17000,74000,manuale,2020,Benzina,,Privato,35010,vigonza
Hyundai i30 N Performance 275 CV,https://www.subito.it/auto/hyundai-i30-n-performance-275-cv-cremona-650514942.htm,2.0 T-GDi N,27000,50000,manuale,2019,Benzina,275.0,Privato,26035,pieve san giacomo
Hyundai i30N Performance 275cv,https://www.subito.it/auto/hyundai-i30n-performance-275cv-belluno-658507394.htm,2.0 T-GDi N,22500,104000,manuale,2022,Benzina,275.0,Privato,32100,belluno
Hyundai i30 1.6 CRDi 136 CV 48V DCT 5 porte Prime,https://www.subito.it/auto/hyundai-i30-1-6-crdi-136-cv-48v-dct-5-porte-prime-cosenza-658252905.htm,1.6 CRDi,13999,80000,manuale,2022,Ibrido,136.0,Rivenditore,87040,marano principato
Hyundai i30N,https://www.subito.it/auto/hyundai-i30n-belluno-655827669.htm,,23900,32000,manuale,2019,Benzina,,Privato,32020,limana
HYUNDAI i30 FR24645,https://www.subito.it/auto/hyundai-i30-fr24645-catania-657046539.htm,,11499,122557,automatico,2018,Benzina,,Rivenditore,95121,catania
HYUNDAI i30 FR24645,https://www.subito.it/auto/hyundai-i30-fr24645-bologna-656990209.htm,,11499,122557,automatico,2018,Benzina,,Rivenditore,40121,bologna
HYUNDAI i30 FR24645,https://www.subito.it/auto/hyundai-i30-fr24645-bari-656947827.htm,,11499,122557,automatico,2018,Benzina,,Rivenditore,70121,bari
HYUNDAI i30 FR24645,https://www.subito.it/auto/hyundai-i30-fr24645-torino-656947400.htm,,11499,122557,automatico,2018,Benzina,,Rivenditore,10121,torino
HYUNDAI i30 FR24645,https://www.subito.it/auto/hyundai-i30-fr24645-milano-656947339.htm,,11499,122557,automatico,2018,Benzina,,Rivenditore,20121,milano
HYUNDAI i30 FR24645,https://www.subito.it/auto/hyundai-i30-fr24645-sassari-656947301.htm,,11499,122557,automatico,2018,Benzina,,Rivenditore,7100,sassari
HYUNDAI i30 FR24645,https://www.subito.it/auto/hyundai-i30-fr24645-palermo-656946886.htm,,11499,122557,automatico,2018,Benzina,,Rivenditore,90121,palermo
Hyundai i30n performance,https://www.subito.it/auto/hyundai-i30n-performance-trento-656681774.htm,2.0 T-GDi N,24000,42000,manuale,2020,Benzina,275.0,Privato,38097,terre d adige
i30N PERFORMANCE 2019,https://www.subito.it/auto/i30n-performance-2019-pistoia-656387457.htm,2.0 T-GDi N,25000,51000,manuale,2019,Benzina,275.0,Privato,51100,pistoia
Hyundai i30 N Performance ,https://www.subito.it/auto/hyundai-i30-n-performance-como-655964956.htm,2.0 T-GDi N,23700,81000,manuale,2018,Benzina,275.0,Privato,22010,carlazzo
Hyundai i30 1.0 T-GDI DCT 48V 5 porte Business,https://www.subito.it/auto/hyundai-i30-1-0-t-gdi-dct-48v-5-porte-business-napoli-655927402.htm,1.0 T-GDi,23890,0,automatico,2026,Diesel,120.0,Rivenditore,80035,nola
Hyundai i30 1.0 T-GDI 12V 5 porte Business,https://www.subito.it/auto/hyundai-i30-1-0-t-gdi-12v-5-porte-business-napoli-655926379.htm,1.0 T-GDi,21490,0,manuale,2026,Benzina,120.0,Rivenditore,80035,nola
Hyundai i30 1.0 T-GDI 12V 5 porte Business,https://www.subito.it/auto/hyundai-i30-1-0-t-gdi-12v-5-porte-business-napoli-655926285.htm,1.0 T-GDi,21490,0,manuale,2026,Benzina,120.0,Rivenditore,80035,nola
Hyundai i30 III serie 1.4 5 porte Advanced – 2019,https://www.subito.it/auto/hyundai-i30-iii-serie-1-4-5-porte-advanced-2019-varese-654482356.htm,,10400,105167,manuale,2019,Benzina,,Privato,21049,tradate
Hyundai i30 III serie 1.4 5 porte Advanced – 2019,https://www.subito.it/auto/hyundai-i30-iii-serie-1-4-5-porte-advanced-2019-varese-654482138.htm,,10400,105167,manuale,2019,Benzina,,Privato,21049,tradate
Hyundai i30n performance fastback 2019,https://www.subito.it/auto/hyundai-i30n-performance-fastback-2019-bolzano-654258655.htm,2.0 T-GDi N,19000,122000,manuale,2025,Benzina,275.0,Privato,39031,brunico
Hyundai i30,https://www.subito.it/auto/hyundai-i30-cagliari-653774544.htm,,15000,30000,manuale,2021,Diesel,,Privato,9028,sestu
Auto   perfetta,https://www.subito.it/auto/auto-perfetta-arezzo-653728446.htm,,9500,99000,manuale,2018,Diesel,,Privato,52037,sansepolcro
HYUNDAI i30 Wagon 1.0 T-GDI iMT 48V Prime NO VIN,https://www.subito.it/auto/hyundai-i30-wagon-1-0-t-gdi-imt-48v-prime-no-vin-roma-653718479.htm,1.0 T-GDi,13900,70000,manuale,2023,Diesel,120.0,Rivenditore,54,fiumicino
Hyundai i30 N-Line,https://www.subito.it/auto/hyundai-i30-n-line-avellino-653030418.htm,,18500,26548,manuale,2020,Benzina,,Privato,83024,monteforte irpino
HYUNDAI i30 Wagon 1.6 CRDi 136 CV hibrid Prime,https://www.subito.it/auto/hyundai-i30-wagon-1-6-crdi-136-cv-hibrid-prime-roma-652574166.htm,1.6 CRDi,12900,65008,manuale,2021,Diesel,136.0,Rivenditore,54,fiumicino
Hyundai i30n performance ,https://www.subito.it/auto/hyundai-i30n-performance-trento-651697355.htm,2.0 T-GDi N,22000,64000,manuale,2018,Benzina,275.0,Privato,38050,fierozzo
Hyundai i30 n-line 2020 1.0 tgdi 120cv,https://www.subito.it/auto/hyundai-i30-n-line-2020-1-0-tgdi-120cv-avellino-651588030.htm,1.0 T-GDi,18500,26400,manuale,2020,Ibrido,120.0,Privato,83024,monteforte irpino
HYUNDAI i30 RS51505,https://www.subito.it/auto/hyundai-i30-rs51505-catania-651197858.htm,,14399,98956,automatico,2021,Benzina,,Rivenditore,95121,catania
I30 N 400cv,https://www.subito.it/auto/i30-n-400cv-trento-649211660.htm,,29900,99000,manuale,2018,Benzina,400.0,Privato,38027,croviana
Hyundai I30 1.6 CRDI 136CV N-LINE + PACK PLUS,https://www.subito.it/auto/hyundai-i30-1-6-crdi-136cv-n-line-pack-plus-pordenone-650357073.htm,1.6 CRDi,13500,112500,manuale,2019,Diesel,136.0,Privato,33170,pordenone
HYUNDAI i30 sw 1600CRDI EURO6,https://www.subito.it/auto/hyundai-i30-sw-1600crdi-euro6-lecco-650312286.htm,1.6 CRDi,8200,140000,manuale,2018,Diesel,116.0,Privato,23900,lecco
HYUNDAI i30 2.0 T-GDI 280 CV 5 porte DCT N Perform,https://www.subito.it/auto/hyundai-i30-2-0-t-gdi-280-cv-5-porte-dct-n-perform-como-650188525.htm,2.0 T-GDi N,27000,54000,automatico,2021,Benzina,280.0,Rivenditore,22100,como
Hyundai i30n performance stage 2,https://www.subito.it/auto/hyundai-i30n-performance-stage-2-la-spezia-649994626.htm,2.0 T-GDi N,25900,78950,manuale,2018,Benzina,275.0,Privato,19038,sarzana
Hyundai i30 go,https://www.subito.it/auto/hyundai-i30-go-siena-648123973.htm,,10500,126600,manuale,2019,Diesel,,Privato,53100,siena
Hyundai i30,https://www.subito.it/auto/hyundai-i30-messina-647343186.htm,,12500,90000,manuale,2021,Ibrido,,Privato,98066,patti
Hyundai i30,https://www.subito.it/auto/hyundai-i30-torino-644724381.htm,,14200,115500,manuale,2021,Ibrido,,Privato,10022,carmagnola
Hyundai i30 1.6 CRDi 136 cv 48V,https://www.subito.it/auto/hyundai-i30-1-6-crdi-136-cv-48v-lecce-645419791.htm,1.6 CRDi,14000,76274,manuale,2021,Ibrido,136.0,Privato,73100,lecce
Hyundai I30 1.6 CRDI 136CV N-LINE + PACK PLUS,https://www.subito.it/auto/hyundai-i30-1-6-crdi-136cv-n-line-pack-plus-pordenone-644647857.htm,1.6 CRDi,14000,112000,manuale,2019,Diesel,136.0,Privato,33170,pordenone
Hyundai i30 1.6 CRDi 110cv DCT Business,https://www.subito.it/auto/hyundai-i30-1-6-crdi-110cv-dct-business-varese-644629254.htm,1.6 CRDi,11750,90500,automatico,2018,Diesel,110.0,Rivenditore,21100,varese
HYUNDAI I30 FASTBACK,https://www.subito.it/auto/hyundai-i30-fastback-trapani-644564961.htm,,13999,150000,manuale,2018,Benzina,,Privato,91100,trapani
Hyundai i30 1.0 t-gdi N-Line,https://www.subito.it/auto/hyundai-i30-1-0-t-gdi-n-line-chieti-643340295.htm,1.0 T-GDi,13900,66000,manuale,2019,Benzina,120.0,Privato,66034,lanciano
Hyunday I30n,https://www.subito.it/auto/hyunday-i30n-trento-642072849.htm,,30000,60000,manuale,2023,Benzina,,Privato,38037,predazzo
Hyundai i30N performance,https://www.subito.it/auto/hyundai-i30n-performance-imperia-641873828.htm,2.0 T-GDi N,26500,55000,manuale,2019,Benzina,275.0,Privato,18012,vallebona
Hyundai i30 1.0 N-Line,https://www.subito.it/auto/hyundai-i30-1-0-n-line-udine-641860953.htm,,21000,42000,manuale,2020,Ibrido,,Privato,33050,torviscosa
Hyundai i30 station wagon 2018,https://www.subito.it/auto/hyundai-i30-station-wagon-2018-roma-641624557.htm,,6500,180000,manuale,2018,Diesel,,Privato,118,roma
HYUNDAI i30 1.5 T-GDI DCT 48V - CARPLAY - CAM - PA,https://www.subito.it/auto/hyundai-i30-1-5-t-gdi-dct-48v-carplay-cam-pa-milano-641086912.htm,1.5 T-GDi,21000,950,automatico,2023,Diesel,160.0,Rivenditore,20050,liscate
Hyundai i30  Nline,https://www.subito.it/auto/hyundai-i30-nline-avellino-640934077.htm,,13500,128000,manuale,2019,Diesel,,Privato,83035,grottaminarda
Hyundai i30 1.6 CRDI,https://www.subito.it/auto/hyundai-i30-1-6-crdi-varese-640429474.htm,1.6 CRDi,11000,157000,manuale,2019,Diesel,116.0,Privato,21100,varese
Hyundai i30,https://www.subito.it/auto/hyundai-i30-napoli-634181933.htm,,13000,110000,manuale,2018,Diesel,,Privato,80038,pomigliano d arco
Hyundai i30 N-line,https://www.subito.it/auto/hyundai-i30-n-line-bologna-639457866.htm,,18000,32000,manuale,2019,Benzina,,Privato,40121,bologna
Hyundai i30 N,https://www.subito.it/auto/hyundai-i30-n-brescia-638563913.htm,,25500,125000,manuale,2019,Benzina,,Privato,25050,pian camuno
Hyundai i30 1.5 T-GDI iMT 48V IBRIDA N-Line ...,https://www.subito.it/auto/hyundai-i30-1-5-t-gdi-imt-48v-ibrida-n-line-modena-636637446.htm,1.5 T-GDi,22950,6907,manuale,2021,Diesel,160.0,Rivenditore,41121,modena
Hyundai i 30 N Performance,https://www.subito.it/auto/hyundai-i-30-n-performance-palermo-635935648.htm,2.0 T-GDi N,30000,26722,manuale,2018,Benzina,275.0,Privato,90121,palermo
Hyundai i 30 turbo nline,https://www.subito.it/auto/hyundai-i-30-turbo-nline-milano-635773373.htm,,21500,22800,automatico,2022,Benzina,,Privato,20099,sesto san giovanni
Hyundai i30 N Performance 275 CV ,https://www.subito.it/auto/hyundai-i30-n-performance-275-cv-siena-635129795.htm,2.0 T-GDi N,22000,85000,manuale,2018,Benzina,275.0,Privato,53100,siena
I 30 n performance 280 cv,https://www.subito.it/auto/i-30-n-performance-280-cv-varese-632418758.htm,2.0 T-GDi N,25000,115000,manuale,2022,Benzina,280.0,Privato,21037,lavena ponte tresa
Hyundai i30 N Performance,https://www.subito.it/auto/hyundai-i30-n-performance-bologna-628077153.htm,2.0 T-GDi N,27900,59000,manuale,2020,Benzina,275.0,Privato,40121,bologna
Hyundai i30 N Performance,https://www.subito.it/auto/hyundai-i30-n-performance-bolzano-626270394.htm,2.0 T-GDi N,26000,55000,manuale,2020,Benzina,275.0,Privato,39053,cornedo all isarco
HYUNDAI I30N Performance,https://www.subito.it/auto/hyundai-i30n-performance-trapani-625090390.htm,2.0 T-GDi N,22000,70000,manuale,2019,Benzina,275.0,Privato,91100,trapani
Hyundai i30 N 275 CV – 2019 – 45.000 km,https://www.subito.it/auto/hyundai-i30-n-275-cv-2019-45-000-km-cremona-624269046.htm,,28000,45000,manuale,2019,Benzina,275.0,Privato,26035,pieve san giacomo
Hyundai i30 sw,https://www.subito.it/auto/hyundai-i30-sw-verbano-cusio-ossola-622866406.htm,,9500,136000,manuale,2018,Diesel,,Privato,28844,villadossola
